feature,fold,train_missing_pct,val_missing_pct,missing_shift_pp,nunique_train,nunique_val,constant,val_outside_train_iqr_pct,psi,flags,verdict
alternation_rate_6,F2,0.0,0.0,0.0,6,6,0,0.0,0.0005,,OK
bb_position,F2,0.0,0.0,0.0,5014,3204,0,0.0,0.0303,,OK
bb_width,F2,0.0,0.0,0.0,4991,3194,0,0.0,0.1533,,OK
body_to_range,F2,0.0,0.0,0.0,3872,2494,0,0.0,0.0106,,OK
consec_balance,F2,0.0,0.0,0.0,23,18,0,0.0,0.0134,,OK
consec_down,F2,0.0,0.0,0.0,10,11,0,0.597,0.0032,,OK
consec_up,F2,0.0,0.0,0.0,15,9,0,0.0,0.0166,,OK
consecutive_down,F2,0.0,0.0,0.0,9,8,0,0.259,0.0004,,OK
consecutive_up,F2,0.0,0.0,0.0,9,7,0,0.0,0.0056,,OK
cvd_1,F2,0.0,0.0,0.0,5016,3206,0,0.0,0.0088,,OK
cvd_6,F2,0.0,0.0,0.0,5016,3206,0,0.0,0.0112,,OK
cvd_trend,F2,0.0,0.0,0.0,5016,3206,0,6.303,0.0155,OUTLIER_HEAVY,WARN
day_of_week,F2,0.0,0.0,0.0,7,7,0,0.0,0.2322,,OK
dev_sq_x_phase,F2,100.0,0.499,99.501,0,400,0,0.0,,MISSINGNESS_DRIFT,DATA_QUALITY_BLOCKED
deviation_x_time,F2,100.0,0.499,99.501,0,1,0,0.0,,MISSINGNESS_DRIFT,DATA_QUALITY_BLOCKED
direction_lag_1,F2,0.0,0.0,0.0,3,3,0,0.0,0.0001,,OK
direction_lag_2,F2,0.0,0.0,0.0,3,3,0,0.0,0.0002,,OK
direction_lag_3,F2,0.0,0.0,0.0,3,3,0,0.0,0.0,,OK
dist_to_high_24,F2,0.0,0.0,0.0,4667,2960,0,0.0,0.0303,,OK
dist_to_high_96,F2,0.0,0.0,0.0,4356,2703,0,0.0,0.6299,DATA_DRIFT,WARN
dist_to_low_24,F2,0.0,0.0,0.0,4637,2959,0,0.0,0.1122,,OK
dist_to_low_96,F2,0.0,0.0,0.0,4285,2783,0,0.0,0.1631,,OK
dow,F2,0.0,0.0,0.0,7,7,0,0.0,0.2322,,OK
dow_cos,F2,0.0,0.0,0.0,7,7,0,0.0,0.2659,DATA_DRIFT,WARN
dow_sin,F2,0.0,0.0,0.0,7,7,0,0.0,0.2767,DATA_DRIFT,WARN
ema_ratio_9_21,F2,0.0,0.0,0.0,5016,3206,0,0.0,0.0614,,OK
funding_extreme,F2,100.0,100.0,0.0,0,0,0,0.0,,HUNDRED_PCT_MISSING_BLOCK,BLOCK
funding_rate,F2,100.0,100.0,0.0,0,0,0,0.0,,HUNDRED_PCT_MISSING_BLOCK,BLOCK
funding_rate_ma3,F2,100.0,100.0,0.0,0,0,0,0.0,,HUNDRED_PCT_MISSING_BLOCK,BLOCK
high_price_final,F2,100.0,0.499,99.501,0,400,0,0.0,,MISSINGNESS_DRIFT,DATA_QUALITY_BLOCKED
hour_cos,F2,0.0,0.0,0.0,22,22,0,0.0,0.0139,,OK
hour_of_day,F2,0.0,0.0,0.0,24,24,0,0.0,0.021,,OK
hour_sin,F2,0.0,0.0,0.0,21,21,0,0.0,0.0191,,OK
hour_utc,F2,0.0,0.0,0.0,24,24,0,0.0,0.021,,OK
is_final_phase,F2,100.0,0.499,99.501,0,1,0,0.0,,MISSINGNESS_DRIFT,DATA_QUALITY_BLOCKED
log_moneyness,F2,100.0,100.0,0.0,0,0,0,0.0,,HUNDRED_PCT_MISSING_BLOCK,BLOCK
log_time_left,F2,100.0,0.499,99.501,0,1,0,0.0,,MISSINGNESS_DRIFT,DATA_QUALITY_BLOCKED
mid_price,F2,100.0,0.499,99.501,0,498,0,0.0,,MISSINGNESS_DRIFT,DATA_QUALITY_BLOCKED
pm_best_ask,F2,100.0,0.499,99.501,0,237,0,0.0,,MISSINGNESS_DRIFT,DATA_QUALITY_BLOCKED
pm_best_bid,F2,100.0,0.499,99.501,0,237,0,0.0,,MISSINGNESS_DRIFT,DATA_QUALITY_BLOCKED
pm_momentum_5m,F2,100.0,0.499,99.501,0,836,0,0.0,,MISSINGNESS_DRIFT,DATA_QUALITY_BLOCKED
pm_quote_pressure,F2,100.0,0.499,99.501,0,498,0,0.0,,MISSINGNESS_DRIFT,DATA_QUALITY_BLOCKED
pm_spread_pct,F2,100.0,0.499,99.501,0,1669,0,0.0,,MISSINGNESS_DRIFT,DATA_QUALITY_BLOCKED
pm_volume_5m,F2,100.0,0.499,99.501,0,1,0,0.0,,MISSINGNESS_DRIFT,DATA_QUALITY_BLOCKED
price_deviation,F2,100.0,0.499,99.501,0,400,0,0.0,,MISSINGNESS_DRIFT,DATA_QUALITY_BLOCKED
price_deviation_sq,F2,100.0,0.499,99.501,0,400,0,0.0,,MISSINGNESS_DRIFT,DATA_QUALITY_BLOCKED
price_distance_from_max,F2,100.0,0.499,99.501,0,1009,0,0.0,,MISSINGNESS_DRIFT,DATA_QUALITY_BLOCKED
price_momentum,F2,100.0,0.777,99.223,0,2107,0,0.0,,MISSINGNESS_DRIFT,DATA_QUALITY_BLOCKED
price_velocity,F2,100.0,0.499,99.501,0,836,0,0.0,,MISSINGNESS_DRIFT,DATA_QUALITY_BLOCKED
price_velocity_lag1,F2,100.0,0.499,99.501,0,734,0,0.0,,MISSINGNESS_DRIFT,DATA_QUALITY_BLOCKED
range_1,F2,0.0,0.0,0.0,4914,3139,0,0.0,0.0403,,OK
range_avg_24,F2,0.0,0.0,0.0,5015,3206,0,0.0,0.2402,,OK
ret_1,F2,0.0,0.0,0.0,4818,3074,0,0.017,0.0093,,OK
ret_12,F2,0.0,0.0,0.0,4941,3158,0,0.0,0.0344,,OK
ret_24,F2,0.0,0.0,0.0,4952,3164,0,0.0,0.0561,,OK
ret_3,F2,0.0,0.0,0.0,4895,3131,0,0.0,0.0218,,OK
ret_48,F2,0.0,0.0,0.0,4976,3181,0,0.0,0.2515,DATA_DRIFT,WARN
ret_6,F2,0.0,0.0,0.0,4930,3124,0,0.0,0.0307,,OK
rsi_14,F2,0.0,0.0,0.0,4926,3165,0,0.0,0.0311,,OK
signed_body_pct,F2,0.0,0.0,0.0,4802,3065,0,0.017,0.0113,,OK
signed_trend_efficiency_6,F2,0.0,0.0,0.0,4838,3138,0,0.0,0.0142,,OK
spread,F2,100.0,0.499,99.501,0,184,0,0.0,,MISSINGNESS_DRIFT,DATA_QUALITY_BLOCKED
spread_pct,F2,100.0,0.499,99.501,0,1669,0,0.0,,MISSINGNESS_DRIFT,DATA_QUALITY_BLOCKED
spread_trend,F2,100.0,1.062,98.938,0,1066,0,0.0,,MISSINGNESS_DRIFT,DATA_QUALITY_BLOCKED
strike_gap_pct,F2,100.0,100.0,0.0,0,0,0,0.0,,HUNDRED_PCT_MISSING_BLOCK,BLOCK
taker_buy_ratio,F2,0.0,0.0,0.0,5016,3206,0,0.0,0.0088,,OK
time_left_min,F2,100.0,0.499,99.501,0,1,0,0.0,,MISSINGNESS_DRIFT,DATA_QUALITY_BLOCKED
time_phase,F2,100.0,0.499,99.501,0,1,0,0.0,,MISSINGNESS_DRIFT,DATA_QUALITY_BLOCKED
up_ratio_4,F2,0.0,0.0,0.0,5,5,0,0.0,0.0113,,OK
velocity_x_phase,F2,100.0,0.499,99.501,0,836,0,0.0,,MISSINGNESS_DRIFT,DATA_QUALITY_BLOCKED
vol_24,F2,0.0,0.0,0.0,5011,3201,0,0.0,0.1958,,OK
vol_48,F2,0.0,0.0,0.0,5014,3204,0,0.0,0.4526,DATA_DRIFT,WARN
vol_6,F2,0.0,0.0,0.0,5013,3200,0,0.0,0.0558,,OK
vol_ratio,F2,0.0,0.0,0.0,5016,3206,0,0.0,0.0371,,OK
vol_trend,F2,0.0,0.0,0.0,5016,3206,0,0.0,0.051,,OK
vol_z_1,F2,0.0,0.0,0.0,5016,3206,0,0.0,0.0124,,OK
vol_z_6,F2,0.0,0.0,0.0,5016,3206,0,0.0,0.0052,,OK
volume_5min,F2,100.0,0.499,99.501,0,1,0,0.0,,MISSINGNESS_DRIFT,DATA_QUALITY_BLOCKED
volume_trend,F2,100.0,0.777,99.223,0,1,0,0.0,,MISSINGNESS_DRIFT,DATA_QUALITY_BLOCKED
alternation_rate_6,F3,0.0,0.0,0.0,6,6,0,0.0,0.0048,,OK
bb_position,F3,0.0,0.0,0.0,8218,2555,0,0.0,0.0108,,OK
bb_width,F3,0.0,0.0,0.0,8185,2549,0,0.0,0.076,,OK
body_to_range,F3,0.0,0.0,0.0,5781,2070,0,0.0,0.0078,,OK
consec_balance,F3,0.0,0.0,0.0,24,18,0,0.0,0.0035,,OK
consec_down,F3,0.0,0.0,0.0,11,11,0,0.41,0.0018,,OK
consec_up,F3,0.0,0.0,0.0,15,9,0,0.389,0.0007,,OK
consecutive_down,F3,0.0,0.0,0.0,9,9,0,0.23,0.0062,,OK
consecutive_up,F3,0.0,0.0,0.0,9,8,0,0.127,0.0022,,OK
cvd_1,F3,0.0,0.0,0.0,8222,2555,0,0.0,0.0019,,OK
cvd_6,F3,0.0,0.0,0.0,8222,2555,0,0.0,0.0174,,OK
cvd_trend,F3,0.0,0.0,0.0,8222,2555,0,5.667,0.0053,OUTLIER_HEAVY,WARN
day_of_week,F3,0.0,0.0,0.0,7,7,0,0.0,0.3853,DATA_DRIFT,WARN
dev_sq_x_phase,F3,75.394,0.033,75.361,400,388,0,0.0,0.0092,MISSINGNESS_DRIFT,DATA_QUALITY_BLOCKED
deviation_x_time,F3,75.394,0.033,75.361,1,1,1,0.0,,CONSTANT|MISSINGNESS_DRIFT,CONSTANT
direction_lag_1,F3,0.0,0.0,0.0,3,3,0,0.0,0.0026,,OK
direction_lag_2,F3,0.0,0.0,0.0,3,3,0,0.0,0.0018,,OK
direction_lag_3,F3,0.0,0.0,0.0,3,3,0,0.0,0.0017,,OK
dist_to_high_24,F3,0.0,0.0,0.0,7597,2355,0,0.0,0.0331,,OK
dist_to_high_96,F3,0.0,0.0,0.0,7053,2200,0,0.0,0.2513,DATA_DRIFT,WARN
dist_to_low_24,F3,0.0,0.0,0.0,7576,2368,0,0.0,0.0523,,OK
dist_to_low_96,F3,0.0,0.0,0.0,7060,2166,0,0.0,0.1877,,OK
dow,F3,0.0,0.0,0.0,7,7,0,0.0,0.3853,DATA_DRIFT,WARN
dow_cos,F3,0.0,0.0,0.0,7,7,0,0.0,0.7901,DATA_DRIFT,WARN
dow_sin,F3,0.0,0.0,0.0,7,7,0,0.0,0.7905,DATA_DRIFT,WARN
ema_ratio_9_21,F3,0.0,0.0,0.0,8222,2555,0,0.0,0.0571,,OK
funding_extreme,F3,100.0,100.0,0.0,0,0,0,0.0,,HUNDRED_PCT_MISSING_BLOCK,BLOCK
funding_rate,F3,100.0,100.0,0.0,0,0,0,0.0,,HUNDRED_PCT_MISSING_BLOCK,BLOCK
funding_rate_ma3,F3,100.0,100.0,0.0,0,0,0,0.0,,HUNDRED_PCT_MISSING_BLOCK,BLOCK
high_price_final,F3,75.394,0.033,75.361,400,388,0,0.0,0.0092,MISSINGNESS_DRIFT,DATA_QUALITY_BLOCKED
hour_cos,F3,0.0,0.0,0.0,22,22,0,0.0,0.0087,,OK
hour_of_day,F3,0.0,0.0,0.0,24,24,0,0.0,0.0133,,OK
hour_sin,F3,0.0,0.0,0.0,21,21,0,0.0,0.0091,,OK
hour_utc,F3,0.0,0.0,0.0,24,24,0,0.0,0.0133,,OK
is_final_phase,F3,75.394,0.033,75.361,1,1,1,0.0,,CONSTANT|MISSINGNESS_DRIFT,CONSTANT
log_moneyness,F3,100.0,100.0,0.0,0,0,0,0.0,,HUNDRED_PCT_MISSING_BLOCK,BLOCK
log_time_left,F3,75.394,0.033,75.361,1,1,1,0.0,,CONSTANT|MISSINGNESS_DRIFT,CONSTANT
mid_price,F3,75.394,0.033,75.361,498,488,0,0.0,0.0133,MISSINGNESS_DRIFT,DATA_QUALITY_BLOCKED
pm_best_ask,F3,75.394,0.033,75.361,237,224,0,0.0,0.0157,MISSINGNESS_DRIFT,DATA_QUALITY_BLOCKED
pm_best_bid,F3,75.394,0.033,75.361,237,227,0,0.0,0.016,MISSINGNESS_DRIFT,DATA_QUALITY_BLOCKED
pm_momentum_5m,F3,75.394,0.033,75.361,836,818,0,0.115,0.0164,MISSINGNESS_DRIFT,DATA_QUALITY_BLOCKED
pm_quote_pressure,F3,75.394,0.033,75.361,498,488,0,0.0,0.0133,MISSINGNESS_DRIFT,DATA_QUALITY_BLOCKED
pm_spread_pct,F3,75.394,0.033,75.361,1669,1749,0,7.625,0.014,MISSINGNESS_DRIFT|OUTLIER_HEAVY,DATA_QUALITY_BLOCKED
pm_volume_5m,F3,75.394,0.033,75.361,1,1,1,0.0,,CONSTANT|MISSINGNESS_DRIFT,CONSTANT
price_deviation,F3,75.394,0.033,75.361,400,388,0,0.0,0.0092,MISSINGNESS_DRIFT,DATA_QUALITY_BLOCKED
price_deviation_sq,F3,75.394,0.033,75.361,400,388,0,0.0,0.0092,MISSINGNESS_DRIFT,DATA_QUALITY_BLOCKED
price_distance_from_max,F3,75.394,0.033,75.361,1009,1097,0,0.0,0.0009,MISSINGNESS_DRIFT,DATA_QUALITY_BLOCKED
price_momentum,F3,75.462,0.311,75.151,2107,2083,0,0.0,0.0215,MISSINGNESS_DRIFT,DATA_QUALITY_BLOCKED
price_velocity,F3,75.394,0.033,75.361,836,818,0,0.115,0.0164,MISSINGNESS_DRIFT,DATA_QUALITY_BLOCKED
price_velocity_lag1,F3,75.394,0.033,75.361,734,739,0,0.189,0.0258,MISSINGNESS_DRIFT,DATA_QUALITY_BLOCKED
range_1,F3,0.0,0.0,0.0,7943,2491,0,0.169,0.0761,,OK
range_avg_24,F3,0.0,0.0,0.0,8221,2555,0,0.0,0.224,,OK
ret_1,F3,0.0,0.0,0.0,7779,2445,0,0.12,0.0175,,OK
ret_12,F3,0.0,0.0,0.0,8057,2514,0,0.0,0.0238,,OK
ret_24,F3,0.0,0.0,0.0,8090,2534,0,0.0,0.04,,OK
ret_3,F3,0.0,0.0,0.0,7966,2486,0,0.03,0.0266,,OK
ret_48,F3,0.0,0.0,0.0,8136,2526,0,0.0,0.1848,,OK
ret_6,F3,0.0,0.0,0.0,8001,2500,0,0.0,0.0307,,OK
rsi_14,F3,0.0,0.0,0.0,8064,2514,0,0.0,0.0081,,OK
signed_body_pct,F3,0.0,0.0,0.0,7776,2455,0,0.12,0.0206,,OK
signed_trend_efficiency_6,F3,0.0,0.0,0.0,7974,2486,0,0.0,0.011,,OK
spread,F3,75.394,0.033,75.361,184,163,0,3.881,0.005,MISSINGNESS_DRIFT|OUTLIER_HEAVY,DATA_QUALITY_BLOCKED
spread_pct,F3,75.394,0.033,75.361,1669,1749,0,7.625,0.014,MISSINGNESS_DRIFT|OUTLIER_HEAVY,DATA_QUALITY_BLOCKED
spread_trend,F3,75.533,0.577,74.956,1066,1278,0,50.35,0.0311,MISSINGNESS_DRIFT|OUTLIER_HEAVY,DATA_QUALITY_BLOCKED
strike_gap_pct,F3,100.0,100.0,0.0,0,0,0,0.0,,HUNDRED_PCT_MISSING_BLOCK,BLOCK
taker_buy_ratio,F3,0.0,0.0,0.0,8222,2555,0,0.0,0.0019,,OK
time_left_min,F3,75.394,0.033,75.361,1,1,1,0.0,,CONSTANT|MISSINGNESS_DRIFT,CONSTANT
time_phase,F3,75.394,0.033,75.361,1,1,1,0.0,,CONSTANT|MISSINGNESS_DRIFT,CONSTANT
up_ratio_4,F3,0.0,0.0,0.0,5,5,0,0.0,0.0055,,OK
velocity_x_phase,F3,75.394,0.033,75.361,836,818,0,0.115,0.0164,MISSINGNESS_DRIFT,DATA_QUALITY_BLOCKED
vol_24,F3,0.0,0.0,0.0,8212,2553,0,0.0,0.2042,,OK
vol_48,F3,0.0,0.0,0.0,8218,2554,0,0.0,0.2713,DATA_DRIFT,WARN
vol_6,F3,0.0,0.0,0.0,8213,2554,0,0.038,0.064,,OK
vol_ratio,F3,0.0,0.0,0.0,8222,2555,0,0.0,0.0063,,OK
vol_trend,F3,0.0,0.0,0.0,8222,2555,0,0.0,0.0168,,OK
vol_z_1,F3,0.0,0.0,0.0,8222,2555,0,0.0,0.0066,,OK
vol_z_6,F3,0.0,0.0,0.0,8222,2555,0,0.0,0.0037,,OK
volume_5min,F3,75.394,0.033,75.361,1,1,1,0.0,,CONSTANT|MISSINGNESS_DRIFT,CONSTANT
volume_trend,F3,75.462,0.311,75.151,1,1,1,0.0,,CONSTANT|MISSINGNESS_DRIFT,CONSTANT
alternation_rate_6,F4,0.0,0.0,0.0,6,6,0,0.0,0.0395,,OK
bb_position,F4,0.0,0.0,0.0,10773,2947,0,0.0,0.1527,,OK
bb_width,F4,0.0,0.0,0.0,10734,2936,0,15.977,0.5475,DATA_DRIFT|OUTLIER_HEAVY,WARN
body_to_range,F4,0.0,0.0,0.0,7202,2761,0,0.0,0.0116,,OK
consec_balance,F4,0.0,0.0,0.0,24,23,0,0.049,0.0053,,OK
consec_down,F4,0.0,0.0,0.0,11,12,0,0.988,0.0024,,OK
consec_up,F4,0.0,0.0,0.0,15,13,0,0.836,0.0045,,OK
consecutive_down,F4,0.0,0.0,0.0,9,9,0,0.562,0.0,,OK
consecutive_up,F4,0.0,0.0,0.0,9,9,0,0.474,0.0284,,OK
cvd_1,F4,0.0,0.0,0.0,10777,2947,0,0.0,0.0925,,OK
cvd_6,F4,0.0,0.0,0.0,10777,2947,0,0.0,0.1704,,OK
cvd_trend,F4,0.0,0.0,0.0,10777,2947,0,6.171,0.0058,OUTLIER_HEAVY,WARN
day_of_week,F4,0.0,0.0,0.0,7,7,0,0.0,0.1441,,OK
dev_sq_x_phase,F4,67.598,0.036,67.562,470,370,0,0.0,0.0238,MISSINGNESS_DRIFT,DATA_QUALITY_BLOCKED
deviation_x_time,F4,67.598,0.036,67.562,1,1,1,0.0,,CONSTANT|MISSINGNESS_DRIFT,CONSTANT
direction_lag_1,F4,0.0,0.0,0.0,3,3,0,0.0,0.0,,OK
direction_lag_2,F4,0.0,0.0,0.0,3,3,0,0.0,0.0,,OK
direction_lag_3,F4,0.0,0.0,0.0,3,3,0,0.0,0.0,,OK
dist_to_high_24,F4,0.0,0.0,0.0,9914,2816,0,5.32,0.1807,OUTLIER_HEAVY,WARN
dist_to_high_96,F4,0.0,0.0,0.0,9246,2670,0,4.944,0.1313,OUTLIER_HEAVY,WARN
dist_to_low_24,F4,0.0,0.0,0.0,9904,2825,0,15.301,0.4649,DATA_DRIFT|OUTLIER_HEAVY,WARN
dist_to_low_96,F4,0.0,0.0,0.0,9221,2752,0,23.639,0.4715,DATA_DRIFT|OUTLIER_HEAVY,WARN
dow,F4,0.0,0.0,0.0,7,7,0,0.0,0.1441,,OK
dow_cos,F4,0.0,0.0,0.0,7,7,0,0.0,0.0725,,OK
dow_sin,F4,0.0,0.0,0.0,7,7,0,0.0,0.14,,OK
ema_ratio_9_21,F4,0.0,0.0,0.0,10777,2947,0,8.915,0.3679,DATA_DRIFT|OUTLIER_HEAVY,WARN
funding_extreme,F4,100.0,100.0,0.0,0,0,0,0.0,,HUNDRED_PCT_MISSING_BLOCK,BLOCK
funding_rate,F4,100.0,100.0,0.0,0,0,0,0.0,,HUNDRED_PCT_MISSING_BLOCK,BLOCK
funding_rate_ma3,F4,100.0,100.0,0.0,0,0,0,0.0,,HUNDRED_PCT_MISSING_BLOCK,BLOCK
high_price_final,F4,67.598,0.036,67.562,470,370,0,0.0,0.0238,MISSINGNESS_DRIFT,DATA_QUALITY_BLOCKED
hour_cos,F4,0.0,0.0,0.0,22,22,0,0.0,0.0149,,OK
hour_of_day,F4,0.0,0.0,0.0,24,24,0,0.0,0.0204,,OK
hour_sin,F4,0.0,0.0,0.0,21,21,0,0.0,0.008,,OK
hour_utc,F4,0.0,0.0,0.0,24,24,0,0.0,0.0204,,OK
is_final_phase,F4,67.598,0.036,67.562,1,1,1,0.0,,CONSTANT|MISSINGNESS_DRIFT,CONSTANT
log_moneyness,F4,100.0,100.0,0.0,0,0,0,0.0,,HUNDRED_PCT_MISSING_BLOCK,BLOCK
log_time_left,F4,67.598,0.036,67.562,1,1,1,0.0,,CONSTANT|MISSINGNESS_DRIFT,CONSTANT
mid_price,F4,67.598,0.036,67.562,581,452,0,0.0,0.0228,MISSINGNESS_DRIFT,DATA_QUALITY_BLOCKED
pm_best_ask,F4,67.598,0.036,67.562,276,203,0,0.0,0.0224,MISSINGNESS_DRIFT,DATA_QUALITY_BLOCKED
pm_best_bid,F4,67.598,0.036,67.562,281,197,0,0.0,0.0128,MISSINGNESS_DRIFT,DATA_QUALITY_BLOCKED
pm_momentum_5m,F4,67.598,0.036,67.562,1032,784,0,0.052,0.015,MISSINGNESS_DRIFT,DATA_QUALITY_BLOCKED
pm_quote_pressure,F4,67.598,0.036,67.562,581,452,0,0.0,0.0228,MISSINGNESS_DRIFT,DATA_QUALITY_BLOCKED
pm_spread_pct,F4,67.598,0.036,67.562,2254,1807,0,9.529,0.0995,MISSINGNESS_DRIFT|OUTLIER_HEAVY,DATA_QUALITY_BLOCKED
pm_volume_5m,F4,67.598,0.036,67.562,1,1,1,0.0,,CONSTANT|MISSINGNESS_DRIFT,CONSTANT
price_deviation,F4,67.598,0.036,67.562,470,370,0,0.0,0.0238,MISSINGNESS_DRIFT,DATA_QUALITY_BLOCKED
price_deviation_sq,F4,67.598,0.036,67.562,470,370,0,0.0,0.0238,MISSINGNESS_DRIFT,DATA_QUALITY_BLOCKED
price_distance_from_max,F4,67.598,0.036,67.562,1333,927,0,0.0,0.0101,MISSINGNESS_DRIFT,DATA_QUALITY_BLOCKED
price_momentum,F4,67.689,0.312,67.376,2688,1981,0,0.0,0.03,MISSINGNESS_DRIFT,DATA_QUALITY_BLOCKED
price_velocity,F4,67.598,0.036,67.562,1032,784,0,0.052,0.015,MISSINGNESS_DRIFT,DATA_QUALITY_BLOCKED
price_velocity_lag1,F4,67.598,0.036,67.562,906,709,0,0.186,0.0096,MISSINGNESS_DRIFT,DATA_QUALITY_BLOCKED
range_1,F4,0.0,0.0,0.0,10316,2933,0,11.539,0.7081,DATA_DRIFT|OUTLIER_HEAVY,WARN
range_avg_24,F4,0.0,0.0,0.0,10776,2947,0,14.646,0.7177,DATA_DRIFT|OUTLIER_HEAVY,WARN
ret_1,F4,0.0,0.0,0.0,10106,2898,0,5.531,0.243,OUTLIER_HEAVY,WARN
ret_12,F4,0.0,0.0,0.0,10530,2930,0,7.526,0.2552,DATA_DRIFT|OUTLIER_HEAVY,WARN
ret_24,F4,0.0,0.0,0.0,10591,2930,0,8.382,0.2624,DATA_DRIFT|OUTLIER_HEAVY,WARN
ret_3,F4,0.0,0.0,0.0,10378,2921,0,5.8,0.1976,OUTLIER_HEAVY,WARN
ret_48,F4,0.0,0.0,0.0,10640,2939,0,7.899,0.4254,DATA_DRIFT|OUTLIER_HEAVY,WARN
ret_6,F4,0.0,0.0,0.0,10456,2924,0,7.141,0.2498,OUTLIER_HEAVY,WARN
rsi_14,F4,0.0,0.0,0.0,10532,2920,0,0.0,0.1688,,OK
signed_body_pct,F4,0.0,0.0,0.0,10113,2893,0,5.573,0.2429,OUTLIER_HEAVY,WARN
signed_trend_efficiency_6,F4,0.0,0.0,0.0,10458,2848,0,0.0,0.0599,,OK
spread,F4,67.598,0.036,67.562,222,172,0,8.378,0.2127,MISSINGNESS_DRIFT|OUTLIER_HEAVY,DATA_QUALITY_BLOCKED
spread_pct,F4,67.598,0.036,67.562,2254,1807,0,9.529,0.0995,MISSINGNESS_DRIFT|OUTLIER_HEAVY,DATA_QUALITY_BLOCKED
spread_trend,F4,67.779,0.584,67.196,1662,1488,0,59.223,0.1245,MISSINGNESS_DRIFT|OUTLIER_HEAVY,DATA_QUALITY_BLOCKED
strike_gap_pct,F4,100.0,100.0,0.0,0,0,0,0.0,,HUNDRED_PCT_MISSING_BLOCK,BLOCK
taker_buy_ratio,F4,0.0,0.0,0.0,10777,2947,0,0.0,0.0925,,OK
time_left_min,F4,67.598,0.036,67.562,1,1,1,0.0,,CONSTANT|MISSINGNESS_DRIFT,CONSTANT
time_phase,F4,67.598,0.036,67.562,1,1,1,0.0,,CONSTANT|MISSINGNESS_DRIFT,CONSTANT
up_ratio_4,F4,0.0,0.0,0.0,5,5,0,0.0,0.0615,,OK
velocity_x_phase,F4,67.598,0.036,67.562,1032,784,0,0.052,0.015,MISSINGNESS_DRIFT,DATA_QUALITY_BLOCKED
vol_24,F4,0.0,0.0,0.0,10765,2947,0,15.604,0.7821,DATA_DRIFT|OUTLIER_HEAVY,WARN
vol_48,F4,0.0,0.0,0.0,10772,2945,0,20.947,0.574,DATA_DRIFT|OUTLIER_HEAVY,WARN
vol_6,F4,0.0,0.0,0.0,10767,2944,0,10.893,0.6881,DATA_DRIFT|OUTLIER_HEAVY,WARN
vol_ratio,F4,0.0,0.0,0.0,10777,2946,0,0.0,0.0226,,OK
vol_trend,F4,0.0,0.0,0.0,10777,2947,0,0.0,0.0257,,OK
vol_z_1,F4,0.0,0.0,0.0,10777,2947,0,0.0,0.0048,,OK
vol_z_6,F4,0.0,0.0,0.0,10777,2947,0,0.0,0.0116,,OK
volume_5min,F4,67.598,0.036,67.562,1,1,1,0.0,,CONSTANT|MISSINGNESS_DRIFT,CONSTANT
volume_trend,F4,67.689,0.312,67.376,1,1,1,0.0,,CONSTANT|MISSINGNESS_DRIFT,CONSTANT
alternation_rate_6,F5,0.0,0.0,0.0,6,6,0,0.0,0.0794,,OK
bb_position,F5,0.0,0.0,0.0,13720,3091,0,0.0,0.0117,,OK
bb_width,F5,0.0,0.0,0.0,13670,3089,0,1.292,0.5191,DATA_DRIFT|OUTLIER_HEAVY,WARN
body_to_range,F5,0.0,0.0,0.0,9544,2929,0,0.0,0.0063,,OK
consec_balance,F5,0.0,0.0,0.0,25,16,0,0.0,0.0035,,OK
consec_down,F5,0.0,0.0,0.0,12,9,0,0.133,0.0008,,OK
consec_up,F5,0.0,0.0,0.0,15,9,0,0.223,0.0001,,OK
consecutive_down,F5,0.0,0.0,0.0,9,9,0,0.127,0.0048,,OK
consecutive_up,F5,0.0,0.0,0.0,9,9,0,0.158,0.0085,,OK
cvd_1,F5,0.0,0.0,0.0,13724,3091,0,0.0,0.0789,,OK
cvd_6,F5,0.0,0.0,0.0,13724,3091,0,0.0,0.1019,,OK
cvd_trend,F5,0.0,0.0,0.0,13724,3091,0,5.928,0.0023,OUTLIER_HEAVY,WARN
day_of_week,F5,0.0,0.0,0.0,7,7,0,0.0,0.0423,,OK
dev_sq_x_phase,F5,61.155,0.041,61.114,524,329,0,0.0,0.0238,MISSINGNESS_DRIFT,DATA_QUALITY_BLOCKED
deviation_x_time,F5,61.155,0.041,61.114,1,1,1,0.0,,CONSTANT|MISSINGNESS_DRIFT,CONSTANT
direction_lag_1,F5,0.0,0.0,0.0,3,3,0,0.0,0.0038,,OK
direction_lag_2,F5,0.0,0.0,0.0,3,3,0,0.0,0.0018,,OK
direction_lag_3,F5,0.0,0.0,0.0,3,3,0,0.0,0.0032,,OK
dist_to_high_24,F5,0.0,0.0,0.0,12686,2996,0,0.964,0.2936,DATA_DRIFT,WARN
dist_to_high_96,F5,0.0,0.0,0.0,11897,2900,0,0.0,0.4098,DATA_DRIFT,WARN
dist_to_low_24,F5,0.0,0.0,0.0,12695,2993,0,1.394,0.3495,DATA_DRIFT|OUTLIER_HEAVY,WARN
dist_to_low_96,F5,0.0,0.0,0.0,11964,2877,0,2.764,0.537,DATA_DRIFT|OUTLIER_HEAVY,WARN
dow,F5,0.0,0.0,0.0,7,7,0,0.0,0.0423,,OK
dow_cos,F5,0.0,0.0,0.0,7,7,0,0.0,0.0357,,OK
dow_sin,F5,0.0,0.0,0.0,7,7,0,0.0,0.0418,,OK
ema_ratio_9_21,F5,0.0,0.0,0.0,13724,3091,0,0.848,0.1841,,OK
funding_extreme,F5,100.0,100.0,0.0,0,0,0,0.0,,HUNDRED_PCT_MISSING_BLOCK,BLOCK
funding_rate,F5,100.0,100.0,0.0,0,0,0,0.0,,HUNDRED_PCT_MISSING_BLOCK,BLOCK
funding_rate_ma3,F5,100.0,100.0,0.0,0,0,0,0.0,,HUNDRED_PCT_MISSING_BLOCK,BLOCK
high_price_final,F5,61.155,0.041,61.114,524,329,0,0.0,0.0238,MISSINGNESS_DRIFT,DATA_QUALITY_BLOCKED
hour_cos,F5,0.0,0.0,0.0,22,22,0,0.0,0.0179,,OK
hour_of_day,F5,0.0,0.0,0.0,24,24,0,0.0,0.0217,,OK
hour_sin,F5,0.0,0.0,0.0,21,21,0,0.0,0.0077,,OK
hour_utc,F5,0.0,0.0,0.0,24,24,0,0.0,0.0217,,OK
is_final_phase,F5,61.155,0.041,61.114,1,1,1,0.0,,CONSTANT|MISSINGNESS_DRIFT,CONSTANT
log_moneyness,F5,100.0,100.0,0.0,0,0,0,0.0,,HUNDRED_PCT_MISSING_BLOCK,BLOCK
log_time_left,F5,61.155,0.041,61.114,1,1,1,0.0,,CONSTANT|MISSINGNESS_DRIFT,CONSTANT
mid_price,F5,61.155,0.041,61.114,643,411,0,0.0,0.0217,MISSINGNESS_DRIFT,DATA_QUALITY_BLOCKED
pm_best_ask,F5,61.155,0.041,61.114,306,182,0,0.0,0.0213,MISSINGNESS_DRIFT,DATA_QUALITY_BLOCKED
pm_best_bid,F5,61.155,0.041,61.114,310,167,0,0.0,0.0223,MISSINGNESS_DRIFT,DATA_QUALITY_BLOCKED
pm_momentum_5m,F5,61.155,0.041,61.114,1175,709,0,0.134,0.0089,MISSINGNESS_DRIFT,DATA_QUALITY_BLOCKED
pm_quote_pressure,F5,61.155,0.041,61.114,643,411,0,0.0,0.0217,MISSINGNESS_DRIFT,DATA_QUALITY_BLOCKED
pm_spread_pct,F5,61.155,0.041,61.114,2657,1392,0,6.95,0.0647,MISSINGNESS_DRIFT|OUTLIER_HEAVY,DATA_QUALITY_BLOCKED
pm_volume_5m,F5,61.155,0.041,61.114,1,1,1,0.0,,CONSTANT|MISSINGNESS_DRIFT,CONSTANT
price_deviation,F5,61.155,0.041,61.114,524,329,0,0.0,0.0238,MISSINGNESS_DRIFT,DATA_QUALITY_BLOCKED
price_deviation_sq,F5,61.155,0.041,61.114,524,329,0,0.0,0.0238,MISSINGNESS_DRIFT,DATA_QUALITY_BLOCKED
price_distance_from_max,F5,61.155,0.041,61.114,1483,862,0,0.0,0.011,MISSINGNESS_DRIFT,DATA_QUALITY_BLOCKED
price_momentum,F5,61.263,0.285,60.979,3004,1769,0,0.0,0.0202,MISSINGNESS_DRIFT,DATA_QUALITY_BLOCKED
price_velocity,F5,61.155,0.041,61.114,1175,709,0,0.134,0.0089,MISSINGNESS_DRIFT,DATA_QUALITY_BLOCKED
price_velocity_lag1,F5,61.155,0.041,61.114,1029,649,0,0.136,0.0088,MISSINGNESS_DRIFT,DATA_QUALITY_BLOCKED
range_1,F5,0.0,0.0,0.0,13188,3080,0,4.255,0.7682,DATA_DRIFT|OUTLIER_HEAVY,WARN
range_avg_24,F5,0.0,0.0,0.0,13723,3091,0,1.863,1.4219,DATA_DRIFT|OUTLIER_HEAVY,WARN
ret_1,F5,0.0,0.0,0.0,12913,3049,0,2.165,0.271,DATA_DRIFT|OUTLIER_HEAVY,WARN
ret_12,F5,0.0,0.0,0.0,13412,3086,0,0.659,0.1458,,OK
ret_24,F5,0.0,0.0,0.0,13495,3079,0,0.162,0.1956,,OK
ret_3,F5,0.0,0.0,0.0,13248,3063,0,1.819,0.2479,OUTLIER_HEAVY,WARN
ret_48,F5,0.0,0.0,0.0,13559,3087,0,0.105,0.2091,,OK
ret_6,F5,0.0,0.0,0.0,13334,3071,0,1.637,0.1951,OUTLIER_HEAVY,WARN
rsi_14,F5,0.0,0.0,0.0,13425,3081,0,0.0,0.0401,,OK
signed_body_pct,F5,0.0,0.0,0.0,12910,3048,0,2.2,0.2788,DATA_DRIFT|OUTLIER_HEAVY,WARN
signed_trend_efficiency_6,F5,0.0,0.0,0.0,13304,3057,0,0.0,0.0066,,OK
spread,F5,61.155,0.041,61.114,250,150,0,5.541,0.1262,MISSINGNESS_DRIFT|OUTLIER_HEAVY,DATA_QUALITY_BLOCKED
spread_pct,F5,61.155,0.041,61.114,2657,1392,0,6.95,0.0647,MISSINGNESS_DRIFT|OUTLIER_HEAVY,DATA_QUALITY_BLOCKED
spread_trend,F5,61.371,0.477,60.895,2226,1025,0,18.471,0.1455,MISSINGNESS_DRIFT|OUTLIER_HEAVY,DATA_QUALITY_BLOCKED
strike_gap_pct,F5,100.0,100.0,0.0,0,0,0,0.0,,HUNDRED_PCT_MISSING_BLOCK,BLOCK
taker_buy_ratio,F5,0.0,0.0,0.0,13724,3091,0,0.0,0.0789,,OK
time_left_min,F5,61.155,0.041,61.114,1,1,1,0.0,,CONSTANT|MISSINGNESS_DRIFT,CONSTANT
time_phase,F5,61.155,0.041,61.114,1,1,1,0.0,,CONSTANT|MISSINGNESS_DRIFT,CONSTANT
up_ratio_4,F5,0.0,0.0,0.0,5,5,0,0.0,0.0266,,OK
velocity_x_phase,F5,61.155,0.041,61.114,1175,709,0,0.134,0.0089,MISSINGNESS_DRIFT,DATA_QUALITY_BLOCKED
vol_24,F5,0.0,0.0,0.0,13712,3090,0,1.071,1.1545,DATA_DRIFT|OUTLIER_HEAVY,WARN
vol_48,F5,0.0,0.0,0.0,13717,3090,0,1.74,1.2358,DATA_DRIFT|OUTLIER_HEAVY,WARN
vol_6,F5,0.0,0.0,0.0,13711,3091,0,2.833,0.8358,DATA_DRIFT|OUTLIER_HEAVY,WARN
vol_ratio,F5,0.0,0.0,0.0,13723,3091,0,0.0,0.0349,,OK
vol_trend,F5,0.0,0.0,0.0,13724,3091,0,0.0,0.0312,,OK
vol_z_1,F5,0.0,0.0,0.0,13724,3091,0,0.0,0.0102,,OK
vol_z_6,F5,0.0,0.0,0.0,13724,3091,0,0.0,0.0044,,OK
volume_5min,F5,61.155,0.041,61.114,1,1,1,0.0,,CONSTANT|MISSINGNESS_DRIFT,CONSTANT
volume_trend,F5,61.263,0.285,60.979,1,1,1,0.0,,CONSTANT|MISSINGNESS_DRIFT,CONSTANT
alternation_rate_6,F6,0.0,0.0,0.0,6,6,0,0.0,0.0982,,OK
bb_position,F6,0.0,0.0,0.0,16811,2419,0,0.0,0.0117,,OK
bb_width,F6,0.0,0.0,0.0,16759,2416,0,2.575,0.7658,DATA_DRIFT|OUTLIER_HEAVY,WARN
body_to_range,F6,0.0,0.0,0.0,12053,2298,0,0.0,0.0073,,OK
consec_balance,F6,0.0,0.0,0.0,25,16,0,0.0,0.0024,,OK
consec_down,F6,0.0,0.0,0.0,12,9,0,0.263,0.0011,,OK
consec_up,F6,0.0,0.0,0.0,15,9,0,0.337,0.0003,,OK
consecutive_down,F6,0.0,0.0,0.0,9,9,0,0.144,0.0023,,OK
consecutive_up,F6,0.0,0.0,0.0,9,9,0,0.118,0.0177,,OK
cvd_1,F6,0.0,0.0,0.0,16815,2419,0,0.0,0.1182,,OK
cvd_6,F6,0.0,0.0,0.0,16815,2419,0,0.0,0.2011,,OK
cvd_trend,F6,0.0,0.0,0.0,16815,2419,0,6.266,0.0047,OUTLIER_HEAVY,WARN
day_of_week,F6,0.0,0.0,0.0,7,6,0,0.0,0.3662,DATA_DRIFT,WARN
dev_sq_x_phase,F6,56.17,0.042,56.128,545,316,0,0.0,0.0532,MISSINGNESS_DRIFT,DATA_QUALITY_BLOCKED
deviation_x_time,F6,56.17,0.042,56.128,1,1,1,0.0,,CONSTANT|MISSINGNESS_DRIFT,CONSTANT
direction_lag_1,F6,0.0,0.0,0.0,3,3,0,0.0,0.0019,,OK
direction_lag_2,F6,0.0,0.0,0.0,3,3,0,0.0,0.0011,,OK
direction_lag_3,F6,0.0,0.0,0.0,3,3,0,0.0,0.001,,OK
dist_to_high_24,F6,0.0,0.0,0.0,15679,2350,0,0.304,0.1813,,OK
dist_to_high_96,F6,0.0,0.0,0.0,14792,2259,0,0.0,0.0959,,OK
dist_to_low_24,F6,0.0,0.0,0.0,15686,2334,0,2.731,0.4077,DATA_DRIFT|OUTLIER_HEAVY,WARN
dist_to_low_96,F6,0.0,0.0,0.0,14830,2280,0,1.878,0.3455,DATA_DRIFT|OUTLIER_HEAVY,WARN
dow,F6,0.0,0.0,0.0,7,6,0,0.0,0.3662,DATA_DRIFT,WARN
dow_cos,F6,0.0,0.0,0.0,7,6,0,0.0,1.8984,DATA_DRIFT,WARN
dow_sin,F6,0.0,0.0,0.0,7,6,0,0.0,1.9067,DATA_DRIFT,WARN
ema_ratio_9_21,F6,0.0,0.0,0.0,16815,2419,0,2.11,0.091,OUTLIER_HEAVY,WARN
funding_extreme,F6,100.0,100.0,0.0,0,0,0,0.0,,HUNDRED_PCT_MISSING_BLOCK,BLOCK
funding_rate,F6,100.0,100.0,0.0,0,0,0,0.0,,HUNDRED_PCT_MISSING_BLOCK,BLOCK
funding_rate_ma3,F6,100.0,100.0,0.0,0,0,0,0.0,,HUNDRED_PCT_MISSING_BLOCK,BLOCK
high_price_final,F6,56.17,0.042,56.128,545,316,0,0.0,0.0532,MISSINGNESS_DRIFT,DATA_QUALITY_BLOCKED
hour_cos,F6,0.0,0.0,0.0,22,22,0,0.0,0.0087,,OK
hour_of_day,F6,0.0,0.0,0.0,24,24,0,0.0,0.0167,,OK
hour_sin,F6,0.0,0.0,0.0,21,21,0,0.0,0.0092,,OK
hour_utc,F6,0.0,0.0,0.0,24,24,0,0.0,0.0167,,OK
is_final_phase,F6,56.17,0.042,56.128,1,1,1,0.0,,CONSTANT|MISSINGNESS_DRIFT,CONSTANT
log_moneyness,F6,100.0,100.0,0.0,0,0,0,0.0,,HUNDRED_PCT_MISSING_BLOCK,BLOCK
log_time_left,F6,56.17,0.042,56.128,1,1,1,0.0,,CONSTANT|MISSINGNESS_DRIFT,CONSTANT
mid_price,F6,56.17,0.042,56.128,672,396,0,0.0,0.0295,MISSINGNESS_DRIFT,DATA_QUALITY_BLOCKED
pm_best_ask,F6,56.17,0.042,56.128,323,158,0,0.0,0.0275,MISSINGNESS_DRIFT,DATA_QUALITY_BLOCKED
pm_best_bid,F6,56.17,0.042,56.128,319,171,0,0.0,0.0313,MISSINGNESS_DRIFT,DATA_QUALITY_BLOCKED
pm_momentum_5m,F6,56.17,0.042,56.128,1252,675,0,0.143,0.0341,MISSINGNESS_DRIFT,DATA_QUALITY_BLOCKED
pm_quote_pressure,F6,56.17,0.042,56.128,672,396,0,0.0,0.0295,MISSINGNESS_DRIFT,DATA_QUALITY_BLOCKED
pm_spread_pct,F6,56.17,0.042,56.128,2781,1602,0,10.829,0.1643,MISSINGNESS_DRIFT|OUTLIER_HEAVY,DATA_QUALITY_BLOCKED
pm_volume_5m,F6,56.17,0.042,56.128,1,1,1,0.0,,CONSTANT|MISSINGNESS_DRIFT,CONSTANT
price_deviation,F6,56.17,0.042,56.128,545,316,0,0.0,0.0532,MISSINGNESS_DRIFT,DATA_QUALITY_BLOCKED
price_deviation_sq,F6,56.17,0.042,56.128,545,316,0,0.0,0.0532,MISSINGNESS_DRIFT,DATA_QUALITY_BLOCKED
price_distance_from_max,F6,56.17,0.042,56.128,1574,824,0,0.0,0.0063,MISSINGNESS_DRIFT,DATA_QUALITY_BLOCKED
price_momentum,F6,56.29,0.297,55.992,3165,1708,0,0.0,0.0437,MISSINGNESS_DRIFT,DATA_QUALITY_BLOCKED
price_velocity,F6,56.17,0.042,56.128,1252,675,0,0.143,0.0341,MISSINGNESS_DRIFT,DATA_QUALITY_BLOCKED
price_velocity_lag1,F6,56.17,0.042,56.128,1107,620,0,0.13,0.0239,MISSINGNESS_DRIFT,DATA_QUALITY_BLOCKED
range_1,F6,0.0,0.0,0.0,16267,2413,0,1.345,0.7146,DATA_DRIFT|OUTLIER_HEAVY,WARN
range_avg_24,F6,0.0,0.0,0.0,16814,2419,0,0.0,1.5734,DATA_DRIFT,WARN
ret_1,F6,0.0,0.0,0.0,15930,2400,0,1.018,0.2591,DATA_DRIFT|OUTLIER_HEAVY,WARN
ret_12,F6,0.0,0.0,0.0,16481,2411,0,1.702,0.0883,OUTLIER_HEAVY,WARN
ret_24,F6,0.0,0.0,0.0,16562,2410,0,2.288,0.0859,OUTLIER_HEAVY,WARN
ret_3,F6,0.0,0.0,0.0,16292,2404,0,1.312,0.2292,OUTLIER_HEAVY,WARN
ret_48,F6,0.0,0.0,0.0,16644,2413,0,0.0,0.1515,,OK
ret_6,F6,0.0,0.0,0.0,16381,2410,0,1.976,0.1471,OUTLIER_HEAVY,WARN
rsi_14,F6,0.0,0.0,0.0,16488,2400,0,0.0,0.0442,,OK
signed_body_pct,F6,0.0,0.0,0.0,15930,2397,0,1.018,0.2598,DATA_DRIFT|OUTLIER_HEAVY,WARN
signed_trend_efficiency_6,F6,0.0,0.0,0.0,16359,2375,0,0.0,0.0193,,OK
spread,F6,56.17,0.042,56.128,264,164,0,4.204,0.3187,MISSINGNESS_DRIFT|DATA_DRIFT|OUTLIER_HEAVY,DATA_QUALITY_BLOCKED
spread_pct,F6,56.17,0.042,56.128,2781,1602,0,10.829,0.1643,MISSINGNESS_DRIFT|OUTLIER_HEAVY,DATA_QUALITY_BLOCKED
spread_trend,F6,56.404,0.532,55.872,2388,1295,0,7.117,0.2665,MISSINGNESS_DRIFT|DATA_DRIFT|OUTLIER_HEAVY,DATA_QUALITY_BLOCKED
strike_gap_pct,F6,100.0,100.0,0.0,0,0,0,0.0,,HUNDRED_PCT_MISSING_BLOCK,BLOCK
taker_buy_ratio,F6,0.0,0.0,0.0,16815,2419,0,0.0,0.1182,,OK
time_left_min,F6,56.17,0.042,56.128,1,1,1,0.0,,CONSTANT|MISSINGNESS_DRIFT,CONSTANT
time_phase,F6,56.17,0.042,56.128,1,1,1,0.0,,CONSTANT|MISSINGNESS_DRIFT,CONSTANT
up_ratio_4,F6,0.0,0.0,0.0,5,5,0,0.0,0.0493,,OK
velocity_x_phase,F6,56.17,0.042,56.128,1252,675,0,0.143,0.0341,MISSINGNESS_DRIFT,DATA_QUALITY_BLOCKED
vol_24,F6,0.0,0.0,0.0,16802,2419,0,0.059,1.3251,DATA_DRIFT,WARN
vol_48,F6,0.0,0.0,0.0,16807,2418,0,0.0,1.6288,DATA_DRIFT,WARN
vol_6,F6,0.0,0.0,0.0,16802,2419,0,1.995,0.8328,DATA_DRIFT|OUTLIER_HEAVY,WARN
vol_ratio,F6,0.0,0.0,0.0,16814,2419,0,0.0,0.0346,,OK
vol_trend,F6,0.0,0.0,0.0,16815,2419,0,0.0,0.0142,,OK
vol_z_1,F6,0.0,0.0,0.0,16815,2419,0,0.0,0.0135,,OK
vol_z_6,F6,0.0,0.0,0.0,16815,2419,0,0.0,0.0248,,OK
volume_5min,F6,56.17,0.042,56.128,1,1,1,0.0,,CONSTANT|MISSINGNESS_DRIFT,CONSTANT
volume_trend,F6,56.29,0.297,55.992,1,1,1,0.0,,CONSTANT|MISSINGNESS_DRIFT,CONSTANT
