variant,group,fold,n_train,n_val,logloss,brier,canonical_pnl,best_iter,delta_logloss,delta_brier,delta_canonical_pnl
ALL,,F3,105000,112073,0.5562575222683993,0.19033356847606794,-0.1060582946285241,250,0.0,0.0,0.0
DROP_GROUP_cross_asset_breadth,cross_asset_breadth,F3,105000,112073,0.5570404028403543,0.19040818223794828,-0.10043044617261798,250,0.0007828805719549692,7.461376188033775e-05,0.005627848455906123
ONLY_GROUP_cross_asset_breadth,cross_asset_breadth,F3,105000,112073,0.78160823548813,0.28232129872237194,-0.1642508000070323,250,0.22535071321973066,0.091987730246304,-0.05819250537850819
DROP_GROUP_polymarket_state,polymarket_state,F3,105000,112073,0.5532526021840249,0.18884545672131936,-0.10043861114412306,250,-0.003004920084374363,-0.0014881117547485834,0.005619683484401047
ONLY_GROUP_polymarket_state,polymarket_state,F3,105000,112073,0.5074193942142293,0.17228532838758276,-0.05380866828328385,250,-0.04883812805416998,-0.018048240088485185,0.05224962634524025
DROP_GROUP_price_returns,price_returns,F3,105000,112073,0.5465464596935764,0.18690105629760034,-0.08395049377585323,250,-0.009711062574822904,-0.0034325121784676005,0.022107800852670875
ONLY_GROUP_price_returns,price_returns,F3,105000,112073,0.7494295326340331,0.2715731102973717,-0.16586500000080093,250,0.1931720103656338,0.08123954182130375,-0.05980670537227682
DROP_GROUP_regime,regime,F3,105000,112073,0.5577542635899561,0.1914386408693594,-0.1159439988131428,250,0.0014967413215567493,0.0011050723932914674,-0.00988570418461869
ONLY_GROUP_regime,regime,F3,105000,112073,0.8030780660140958,0.28523501336752644,-0.15412772968028013,250,0.2468205437456965,0.09490144489145849,-0.048069435051756024
DROP_GROUP_sequence,sequence,F3,105000,112073,0.5548219967787955,0.19002630307139623,-0.10427917964388467,250,-0.001435525489603795,-0.0003072654046717138,0.0017791149846394377
ONLY_GROUP_sequence,sequence,F3,105000,112073,0.5470115823687595,0.18714840839132735,-0.09397307110970944,250,-0.009245939899639843,-0.003185160084740596,0.012085223518814664
DROP_GROUP_time,time,F3,105000,112073,0.5615851610645304,0.1923993832169249,-0.12301239672773945,250,0.005327638796131073,0.0020658147408569583,-0.016954102099215343
ONLY_GROUP_time,time,F3,105000,112073,0.8180981218705974,0.29474889231819523,-0.1990107038843639,250,0.2618405996021981,0.10441532384212729,-0.0929524092558398
DROP_GROUP_trend,trend,F3,105000,112073,0.545249917847915,0.18660861914135193,-0.10699873406598934,250,-0.011007604420484318,-0.00372494933471601,-0.000940439437465232
ONLY_GROUP_trend,trend,F3,105000,112073,0.7636874473898994,0.2768881240825513,-0.1595983782231163,250,0.20742992512150005,0.08655455560648337,-0.05354008359459218
DROP_GROUP_volatility,volatility,F3,105000,112073,0.5527134865010748,0.1893797304058247,-0.10375067162767648,250,-0.003544035767324538,-0.0009538380702432403,0.0023076230008476223
ONLY_GROUP_volatility,volatility,F3,105000,112073,0.7702417803737381,0.2812133157256392,-0.17386133683833294,250,0.21398425810533883,0.09087974724957124,-0.06780304220980883
DROP_GROUP_volume_taker_flow,volume_taker_flow,F3,105000,112073,0.5542053274592375,0.18916342439960848,-0.09191820959602419,250,-0.002052194809161856,-0.0011701440764594617,0.014140085032499916
ONLY_GROUP_volume_taker_flow,volume_taker_flow,F3,105000,112073,0.7627799671086866,0.2790758429868144,-0.17537766271817803,250,0.20652244484028726,0.08874227451074648,-0.06931936808965393
MINIMAL_CONTROL,,F3,105000,112073,0.5195444199579782,0.176771129717862,-0.010329327158023375,250,-0.03671310231042113,-0.013562438758205952,0.09572896747050073
ALL,,F4,105000,114210,0.5457242180538812,0.18803752223633574,-0.04895539075789211,250,0.0,0.0,0.0
DROP_GROUP_cross_asset_breadth,cross_asset_breadth,F4,105000,114210,0.5556688279035246,0.19204699800139907,-0.08141267279453634,250,0.009944609849643404,0.004009475765063331,-0.03245728203664423
ONLY_GROUP_cross_asset_breadth,cross_asset_breadth,F4,105000,114210,0.7835165756704888,0.28549789776688494,-0.15048400416181731,250,0.23779235761660766,0.0974603755305492,-0.1015286134039252
DROP_GROUP_polymarket_state,polymarket_state,F4,105000,114210,0.5491574477816864,0.18921956054194516,-0.08853932093634201,250,0.0034332297278052426,0.001182038305609423,-0.0395839301784499
ONLY_GROUP_polymarket_state,polymarket_state,F4,105000,114210,0.5338448637816955,0.18168733322763297,-0.048742809780629406,250,-0.011879354272185672,-0.006350189008702767,0.0002125809772627052
DROP_GROUP_price_returns,price_returns,F4,105000,114210,0.5579374029203286,0.19293717941841684,-0.06835608712082464,250,0.012213184866447402,0.004899657182081102,-0.019400696362932526
ONLY_GROUP_price_returns,price_returns,F4,105000,114210,0.7687173874116929,0.28043287532735683,-0.16295010230173518,250,0.22299316935781177,0.09239535309102109,-0.11399471154384307
DROP_GROUP_regime,regime,F4,105000,114210,0.5528413599235348,0.19069806526152971,-0.08323314006855784,250,0.00711714186965362,0.0026605430251939732,-0.034277749310665726
ONLY_GROUP_regime,regime,F4,105000,114210,0.7883769150833977,0.2835668583634169,-0.18018304186441308,250,0.24265269702951653,0.09552933612708114,-0.13122765110652096
DROP_GROUP_sequence,sequence,F4,105000,114210,0.5518404742986538,0.1902117480159656,-0.07921259074749697,250,0.006116256244772633,0.0021742257796298625,-0.030257199989604855
ONLY_GROUP_sequence,sequence,F4,105000,114210,0.5681319002280018,0.19628526340897443,-0.06601085309734313,250,0.02240768217412059,0.008247741172638684,-0.017055462339451016
DROP_GROUP_time,time,F4,105000,114210,0.5478693764434174,0.18870076341441577,-0.07850383180353519,250,0.002145158389536217,0.0006632411780800318,-0.02954844104564308
ONLY_GROUP_time,time,F4,105000,114210,0.7371758446277286,0.26857674544979326,-0.15291954776372452,250,0.1914516265738474,0.08053922321345752,-0.1039641570058324
DROP_GROUP_trend,trend,F4,105000,114210,0.5530196462030268,0.19060413824253536,-0.059497042848203424,250,0.007295428149145633,0.002566616006199618,-0.010541652090311313
ONLY_GROUP_trend,trend,F4,105000,114210,0.750044613082232,0.27348166346133024,-0.1693278063731992,250,0.20432039502835087,0.0854441412249945,-0.12037241561530708
DROP_GROUP_volatility,volatility,F4,105000,114210,0.553690752840584,0.19091253983791337,-0.06184845299341037,250,0.007966534786702839,0.0028750176015776285,-0.012893062235518261
ONLY_GROUP_volatility,volatility,F4,105000,114210,0.7274148759183504,0.2644814710985532,-0.15447132014585477,250,0.18169065786446925,0.07644394886221745,-0.10551592938796266
DROP_GROUP_volume_taker_flow,volume_taker_flow,F4,105000,114210,0.5579233070801527,0.19231632529087014,-0.07505999043907792,250,0.012199089026271537,0.0042788030545344025,-0.02610459968118581
ONLY_GROUP_volume_taker_flow,volume_taker_flow,F4,105000,114210,0.7203753322957824,0.2617769574611874,-0.15992845205215742,250,0.17465111424190127,0.07373943522485166,-0.1109730612942653
MINIMAL_CONTROL,,F4,105000,114210,0.5422593731251937,0.1853251347774411,-0.04723298349285206,250,-0.0034648449286874827,-0.002712387458894655,0.0017224072650400546
ALL,,F5,105000,106354,0.539777327502109,0.1866571155408325,-0.0678353693587229,250,0.0,0.0,0.0
DROP_GROUP_cross_asset_breadth,cross_asset_breadth,F5,105000,106354,0.5414544494258318,0.18697353066891628,-0.051439634866843484,250,0.001677121923722713,0.00031641512808378014,0.01639573449187942
ONLY_GROUP_cross_asset_breadth,cross_asset_breadth,F5,105000,106354,0.7333042020063615,0.26741045500700583,-0.22169642387495103,250,0.19352687450425243,0.08075333946617333,-0.1538610545162281
DROP_GROUP_polymarket_state,polymarket_state,F5,105000,106354,0.5370662192392355,0.18512622454877478,-0.07167429675916216,250,-0.002711108262873574,-0.0015308909920577207,-0.003838927400439257
ONLY_GROUP_polymarket_state,polymarket_state,F5,105000,106354,0.5231100898929041,0.1794300866083367,-0.04012501729688273,250,-0.016667237609204966,-0.007227028932495799,0.027710352061840172
DROP_GROUP_price_returns,price_returns,F5,105000,106354,0.5362062322835538,0.1848089003122369,-0.05023719022128243,250,-0.0035710952185552536,-0.001848215228595601,0.017598179137440474
ONLY_GROUP_price_returns,price_returns,F5,105000,106354,0.7389141718782982,0.26967013047086946,-0.22396039764744427,250,0.19913684437618917,0.08301301493003696,-0.15612502828872138
DROP_GROUP_regime,regime,F5,105000,106354,0.5414341496180213,0.1872269291897408,-0.06560773683781712,250,0.0016568221159122265,0.0005698136489082906,0.002227632520905784
ONLY_GROUP_regime,regime,F5,105000,106354,0.7255316151333383,0.2627734075504923,-0.2045610334206284,250,0.18575428763122925,0.07611629200965978,-0.1367256640619055
DROP_GROUP_sequence,sequence,F5,105000,106354,0.537349740753417,0.18505140901148665,-0.07115685880185633,250,-0.0024275867486920344,-0.0016057065293458572,-0.0033214894431334296
ONLY_GROUP_sequence,sequence,F5,105000,106354,0.5337992207578331,0.18421760952992097,-0.062373125134427346,250,-0.005978106744275902,-0.0024395060109115296,0.005462244224295559
DROP_GROUP_time,time,F5,105000,106354,0.538742788828271,0.1861126211868069,-0.07121935607325773,250,-0.0010345386738380702,-0.0005444943540255931,-0.0033839867145348257
ONLY_GROUP_time,time,F5,105000,106354,0.7179232358926066,0.2590089606268478,-0.1909193526357717,250,0.1781459083904976,0.0723518450860153,-0.1230839832770488
DROP_GROUP_trend,trend,F5,105000,106354,0.5414623898916764,0.1873121128763032,-0.054643438844524814,250,0.0016850623895673378,0.0006549973354706973,0.013191930514198091
ONLY_GROUP_trend,trend,F5,105000,106354,0.7124988058194412,0.2586988275881566,-0.19831879760940413,250,0.1727214783173322,0.0720417120473241,-0.1304834282506812
DROP_GROUP_volatility,volatility,F5,105000,106354,0.5449124749280815,0.1885888881464196,-0.06813140310830339,250,0.005135147425972431,0.0019317726055871065,-0.0002960337495804821
ONLY_GROUP_volatility,volatility,F5,105000,106354,0.7288293868256391,0.2665125041711952,-0.23012391012139832,250,0.1890520593235301,0.0798553886303627,-0.1622885407626754
DROP_GROUP_volume_taker_flow,volume_taker_flow,F5,105000,106354,0.5402205989479585,0.18637110191061074,-0.06218004499604782,250,0.0004432714458494358,-0.0002860136302217653,0.005655324362675088
ONLY_GROUP_volume_taker_flow,volume_taker_flow,F5,105000,106354,0.7176644293550006,0.2611650002645763,-0.224592392043511,250,0.17788710185289158,0.07450788472374378,-0.15675702268478808
MINIMAL_CONTROL,,F5,105000,106354,0.5310211411430543,0.1824181821596756,-0.0540655290573303,250,-0.00875618635905473,-0.004238933381156912,0.013769840301392604
ALL,,F6,105000,94100,0.5342850455223872,0.18408042463516983,0.0022016071295058773,250,0.0,0.0,0.0
DROP_GROUP_cross_asset_breadth,cross_asset_breadth,F6,105000,94100,0.5348878896082331,0.18441144300232662,-0.00623196432653885,250,0.0006028440858458772,0.00033101836715679345,-0.008433571456044727
ONLY_GROUP_cross_asset_breadth,cross_asset_breadth,F6,105000,94100,0.7058931190003228,0.25588011432637714,-0.14525019009733164,250,0.1716080734779356,0.07179968969120731,-0.14745179722683752
DROP_GROUP_polymarket_state,polymarket_state,F6,105000,94100,0.5332759350933819,0.18360555022279174,-0.004889773202128941,250,-0.001009110429005311,-0.00047487441237809014,-0.007091380331634818
ONLY_GROUP_polymarket_state,polymarket_state,F6,105000,94100,0.538188003128977,0.18562166567121133,-0.04560254515896553,250,0.003902957606589763,0.0015412410360415019,-0.04780415228847141
DROP_GROUP_price_returns,price_returns,F6,105000,94100,0.5351209311286567,0.18438011026288786,-0.009797881883088262,250,0.0008358856062694597,0.0002996856277180382,-0.01199948901259414
ONLY_GROUP_price_returns,price_returns,F6,105000,94100,0.7150088476871164,0.25978274096160936,-0.1563585471334705,250,0.18072380216472916,0.07570231632643953,-0.15856015426297637
DROP_GROUP_regime,regime,F6,105000,94100,0.53612273879853,0.18492886466504752,-0.01013546100494975,250,0.0018376932761428044,0.0008484400298776895,-0.012337068134455629
ONLY_GROUP_regime,regime,F6,105000,94100,0.7030098735940503,0.25401172453556753,-0.12981506975713092,250,0.1687248280716631,0.0699312999003977,-0.1320166768866368
DROP_GROUP_sequence,sequence,F6,105000,94100,0.5323563746872509,0.18329953014778042,-0.012924562360016031,250,-0.0019286708351362591,-0.0007808944873894108,-0.01512616948952191
ONLY_GROUP_sequence,sequence,F6,105000,94100,0.5389481479367747,0.18601412052614005,-0.03338797039022488,250,0.004663102414387499,0.0019336958909702273,-0.03558957751973076
DROP_GROUP_time,time,F6,105000,94100,0.532363107698039,0.18325724051669995,0.00736136183237477,250,-0.001921937824348241,-0.0008231841184698774,0.005159754702868892
ONLY_GROUP_time,time,F6,105000,94100,0.7110232605042635,0.2579133466233219,-0.14541861710870482,245,0.17673821498187625,0.07383292198815206,-0.1476202242382107
DROP_GROUP_trend,trend,F6,105000,94100,0.5331193904053189,0.18345327498789377,-0.010894239584657166,250,-0.0011656551170683427,-0.0006271496472760596,-0.013095846714163044
ONLY_GROUP_trend,trend,F6,105000,94100,0.7006752366537514,0.2531162344840928,-0.14235204260373222,250,0.16639019113136422,0.06903580984892299,-0.1445536497332381
DROP_GROUP_volatility,volatility,F6,105000,94100,0.535634918782543,0.18475734539552868,-0.010137955310626423,250,0.0013498732601557872,0.0006769207603588567,-0.0123395624401323
ONLY_GROUP_volatility,volatility,F6,105000,94100,0.702674396316691,0.2544043044579869,-0.14980949785076061,250,0.16838935079430384,0.07032387982281707,-0.1520111049802665
DROP_GROUP_volume_taker_flow,volume_taker_flow,F6,105000,94100,0.5321705018804904,0.1834483220705461,-0.004412021390919771,250,-0.0021145436418967822,-0.0006321025646237322,-0.006613628520425649
ONLY_GROUP_volume_taker_flow,volume_taker_flow,F6,105000,94100,0.7166392516069218,0.26103320040309963,-0.17667744561520146,250,0.18235420608453456,0.0769527757679298,-0.17887905274470733
MINIMAL_CONTROL,,F6,105000,94100,0.5384039430096302,0.18571943161705617,-0.02346138613514276,250,0.004118897487243034,0.0016390069818863484,-0.025662993264648635
