feature,source,asset,n_rows,origin_le_decision,value_match_pct
ret_1,candle_rebuilt,BTC,10036,1.0,1.0
ret_3,candle_rebuilt,BTC,10036,1.0,1.0
ret_6,candle_rebuilt,BTC,10036,1.0,1.0
ret_12,candle_rebuilt,BTC,10036,1.0,1.0
ret_24,candle_rebuilt,BTC,10036,1.0,1.0
ret_48,candle_rebuilt,BTC,10036,1.0,1.0
vol_6,candle_rebuilt,BTC,10036,1.0,1.0
vol_24,candle_rebuilt,BTC,10036,1.0,1.0
vol_48,candle_rebuilt,BTC,10036,1.0,1.0
vol_trend,candle_rebuilt,BTC,10036,1.0,1.0
vol_ratio,candle_rebuilt,BTC,10036,1.0,1.0
vol_z_1,candle_rebuilt,BTC,10036,1.0,1.0
vol_z_6,candle_rebuilt,BTC,10036,1.0,1.0
cvd_1,candle_rebuilt,BTC,10036,1.0,1.0
cvd_6,candle_rebuilt,BTC,10036,1.0,1.0
cvd_trend,candle_rebuilt,BTC,10036,1.0,1.0
taker_buy_ratio,candle_rebuilt,BTC,10036,1.0,1.0
rsi_14,candle_rebuilt,BTC,10036,1.0,1.0
ema_ratio_9_21,candle_rebuilt,BTC,10036,1.0,1.0
bb_width,candle_rebuilt,BTC,10036,1.0,1.0
bb_position,candle_rebuilt,BTC,10036,1.0,1.0
dist_to_high_24,candle_rebuilt,BTC,10036,1.0,1.0
dist_to_low_24,candle_rebuilt,BTC,10036,1.0,1.0
dist_to_high_96,candle_rebuilt,BTC,10036,1.0,1.0
dist_to_low_96,candle_rebuilt,BTC,10036,1.0,1.0
range_1,candle_rebuilt,BTC,10036,1.0,1.0
range_avg_24,candle_rebuilt,BTC,10036,1.0,1.0
consec_balance,candle_rebuilt,BTC,10036,1.0,1.0
consec_up,candle_rebuilt,BTC,10036,1.0,1.0
consec_down,candle_rebuilt,BTC,10036,1.0,1.0
direction_lag_1,candle_rebuilt,BTC,10036,1.0,1.0
direction_lag_2,candle_rebuilt,BTC,10036,1.0,1.0
direction_lag_3,candle_rebuilt,BTC,10036,1.0,1.0
consecutive_up,candle_rebuilt,BTC,10036,1.0,1.0
consecutive_down,candle_rebuilt,BTC,10036,1.0,1.0
up_ratio_4,candle_rebuilt,BTC,10036,1.0,1.0
alternation_rate_6,candle_rebuilt,BTC,10036,1.0,1.0
signed_trend_efficiency_6,candle_rebuilt,BTC,10036,1.0,1.0
signed_body_pct,candle_rebuilt,BTC,10036,1.0,1.0
body_to_range,candle_rebuilt,BTC,10036,1.0,1.0
hour_sin,candle_rebuilt,BTC,10036,1.0,1.0
hour_cos,candle_rebuilt,BTC,10036,1.0,1.0
dow_sin,candle_rebuilt,BTC,10036,1.0,1.0
dow_cos,candle_rebuilt,BTC,10036,1.0,1.0
ret_1,candle_rebuilt,ETH,11936,1.0,1.0
ret_3,candle_rebuilt,ETH,11936,1.0,1.0
ret_6,candle_rebuilt,ETH,11936,1.0,1.0
ret_12,candle_rebuilt,ETH,11936,1.0,1.0
ret_24,candle_rebuilt,ETH,11936,1.0,1.0
ret_48,candle_rebuilt,ETH,11936,1.0,1.0
vol_6,candle_rebuilt,ETH,11936,1.0,1.0
vol_24,candle_rebuilt,ETH,11936,1.0,1.0
vol_48,candle_rebuilt,ETH,11936,1.0,1.0
vol_trend,candle_rebuilt,ETH,11936,1.0,1.0
vol_ratio,candle_rebuilt,ETH,11936,1.0,1.0
vol_z_1,candle_rebuilt,ETH,11936,1.0,1.0
vol_z_6,candle_rebuilt,ETH,11936,1.0,1.0
cvd_1,candle_rebuilt,ETH,11936,1.0,1.0
cvd_6,candle_rebuilt,ETH,11936,1.0,1.0
cvd_trend,candle_rebuilt,ETH,11936,1.0,1.0
taker_buy_ratio,candle_rebuilt,ETH,11936,1.0,1.0
rsi_14,candle_rebuilt,ETH,11936,1.0,1.0
ema_ratio_9_21,candle_rebuilt,ETH,11936,1.0,1.0
bb_width,candle_rebuilt,ETH,11936,1.0,1.0
bb_position,candle_rebuilt,ETH,11936,1.0,1.0
dist_to_high_24,candle_rebuilt,ETH,11936,1.0,1.0
dist_to_low_24,candle_rebuilt,ETH,11936,1.0,1.0
dist_to_high_96,candle_rebuilt,ETH,11936,1.0,1.0
dist_to_low_96,candle_rebuilt,ETH,11936,1.0,1.0
range_1,candle_rebuilt,ETH,11936,1.0,1.0
range_avg_24,candle_rebuilt,ETH,11936,1.0,1.0
consec_balance,candle_rebuilt,ETH,11936,1.0,1.0
consec_up,candle_rebuilt,ETH,11936,1.0,1.0
consec_down,candle_rebuilt,ETH,11936,1.0,1.0
direction_lag_1,candle_rebuilt,ETH,11936,1.0,1.0
direction_lag_2,candle_rebuilt,ETH,11936,1.0,1.0
direction_lag_3,candle_rebuilt,ETH,11936,1.0,1.0
consecutive_up,candle_rebuilt,ETH,11936,1.0,1.0
consecutive_down,candle_rebuilt,ETH,11936,1.0,1.0
up_ratio_4,candle_rebuilt,ETH,11936,1.0,1.0
alternation_rate_6,candle_rebuilt,ETH,11936,1.0,1.0
signed_trend_efficiency_6,candle_rebuilt,ETH,11936,1.0,1.0
signed_body_pct,candle_rebuilt,ETH,11936,1.0,1.0
body_to_range,candle_rebuilt,ETH,11936,1.0,1.0
hour_sin,candle_rebuilt,ETH,11936,1.0,1.0
hour_cos,candle_rebuilt,ETH,11936,1.0,1.0
dow_sin,candle_rebuilt,ETH,11936,1.0,1.0
dow_cos,candle_rebuilt,ETH,11936,1.0,1.0
ret_1,candle_rebuilt,SOL,13864,1.0,1.0
ret_3,candle_rebuilt,SOL,13864,1.0,1.0
ret_6,candle_rebuilt,SOL,13864,1.0,1.0
ret_12,candle_rebuilt,SOL,13864,1.0,1.0
ret_24,candle_rebuilt,SOL,13864,1.0,1.0
ret_48,candle_rebuilt,SOL,13864,1.0,1.0
vol_6,candle_rebuilt,SOL,13864,1.0,1.0
vol_24,candle_rebuilt,SOL,13864,1.0,1.0
vol_48,candle_rebuilt,SOL,13864,1.0,1.0
vol_trend,candle_rebuilt,SOL,13864,1.0,1.0
vol_ratio,candle_rebuilt,SOL,13864,1.0,1.0
vol_z_1,candle_rebuilt,SOL,13864,1.0,1.0
vol_z_6,candle_rebuilt,SOL,13864,1.0,1.0
cvd_1,candle_rebuilt,SOL,13864,1.0,1.0
cvd_6,candle_rebuilt,SOL,13864,1.0,1.0
cvd_trend,candle_rebuilt,SOL,13864,1.0,1.0
taker_buy_ratio,candle_rebuilt,SOL,13864,1.0,1.0
rsi_14,candle_rebuilt,SOL,13864,1.0,1.0
ema_ratio_9_21,candle_rebuilt,SOL,13864,1.0,1.0
bb_width,candle_rebuilt,SOL,13864,1.0,1.0
bb_position,candle_rebuilt,SOL,13864,1.0,1.0
dist_to_high_24,candle_rebuilt,SOL,13864,1.0,1.0
dist_to_low_24,candle_rebuilt,SOL,13864,1.0,1.0
dist_to_high_96,candle_rebuilt,SOL,13864,1.0,1.0
dist_to_low_96,candle_rebuilt,SOL,13864,1.0,1.0
range_1,candle_rebuilt,SOL,13864,1.0,1.0
range_avg_24,candle_rebuilt,SOL,13864,1.0,1.0
consec_balance,candle_rebuilt,SOL,13864,1.0,1.0
consec_up,candle_rebuilt,SOL,13864,1.0,1.0
consec_down,candle_rebuilt,SOL,13864,1.0,1.0
direction_lag_1,candle_rebuilt,SOL,13864,1.0,1.0
direction_lag_2,candle_rebuilt,SOL,13864,1.0,1.0
direction_lag_3,candle_rebuilt,SOL,13864,1.0,1.0
consecutive_up,candle_rebuilt,SOL,13864,1.0,1.0
consecutive_down,candle_rebuilt,SOL,13864,1.0,1.0
up_ratio_4,candle_rebuilt,SOL,13864,1.0,1.0
alternation_rate_6,candle_rebuilt,SOL,13864,1.0,1.0
signed_trend_efficiency_6,candle_rebuilt,SOL,13864,1.0,1.0
signed_body_pct,candle_rebuilt,SOL,13864,1.0,1.0
body_to_range,candle_rebuilt,SOL,13864,1.0,1.0
hour_sin,candle_rebuilt,SOL,13864,1.0,1.0
hour_cos,candle_rebuilt,SOL,13864,1.0,1.0
dow_sin,candle_rebuilt,SOL,13864,1.0,1.0
dow_cos,candle_rebuilt,SOL,13864,1.0,1.0
ret_1,candle_rebuilt,XRP,12165,1.0,1.0
ret_3,candle_rebuilt,XRP,12165,1.0,1.0
ret_6,candle_rebuilt,XRP,12165,1.0,1.0
ret_12,candle_rebuilt,XRP,12165,1.0,1.0
ret_24,candle_rebuilt,XRP,12165,1.0,1.0
ret_48,candle_rebuilt,XRP,12165,1.0,1.0
vol_6,candle_rebuilt,XRP,12165,1.0,1.0
vol_24,candle_rebuilt,XRP,12165,1.0,1.0
vol_48,candle_rebuilt,XRP,12165,1.0,1.0
vol_trend,candle_rebuilt,XRP,12165,1.0,1.0
vol_ratio,candle_rebuilt,XRP,12165,1.0,1.0
vol_z_1,candle_rebuilt,XRP,12165,1.0,1.0
vol_z_6,candle_rebuilt,XRP,12165,1.0,1.0
cvd_1,candle_rebuilt,XRP,12165,1.0,1.0
cvd_6,candle_rebuilt,XRP,12165,1.0,1.0
cvd_trend,candle_rebuilt,XRP,12165,1.0,1.0
taker_buy_ratio,candle_rebuilt,XRP,12165,1.0,1.0
rsi_14,candle_rebuilt,XRP,12165,1.0,1.0
ema_ratio_9_21,candle_rebuilt,XRP,12165,1.0,1.0
bb_width,candle_rebuilt,XRP,12165,1.0,1.0
bb_position,candle_rebuilt,XRP,12165,1.0,1.0
dist_to_high_24,candle_rebuilt,XRP,12165,1.0,1.0
dist_to_low_24,candle_rebuilt,XRP,12165,1.0,1.0
dist_to_high_96,candle_rebuilt,XRP,12165,1.0,1.0
dist_to_low_96,candle_rebuilt,XRP,12165,1.0,1.0
range_1,candle_rebuilt,XRP,12165,1.0,1.0
range_avg_24,candle_rebuilt,XRP,12165,1.0,1.0
consec_balance,candle_rebuilt,XRP,12165,1.0,1.0
consec_up,candle_rebuilt,XRP,12165,1.0,1.0
consec_down,candle_rebuilt,XRP,12165,1.0,1.0
direction_lag_1,candle_rebuilt,XRP,12165,1.0,1.0
direction_lag_2,candle_rebuilt,XRP,12165,1.0,1.0
direction_lag_3,candle_rebuilt,XRP,12165,1.0,1.0
consecutive_up,candle_rebuilt,XRP,12165,1.0,1.0
consecutive_down,candle_rebuilt,XRP,12165,1.0,1.0
up_ratio_4,candle_rebuilt,XRP,12165,1.0,1.0
alternation_rate_6,candle_rebuilt,XRP,12165,1.0,1.0
signed_trend_efficiency_6,candle_rebuilt,XRP,12165,1.0,1.0
signed_body_pct,candle_rebuilt,XRP,12165,1.0,1.0
body_to_range,candle_rebuilt,XRP,12165,1.0,1.0
hour_sin,candle_rebuilt,XRP,12165,1.0,1.0
hour_cos,candle_rebuilt,XRP,12165,1.0,1.0
dow_sin,candle_rebuilt,XRP,12165,1.0,1.0
dow_cos,candle_rebuilt,XRP,12165,1.0,1.0
ret_1,candle_rebuilt,DOGE,11999,1.0,1.0
ret_3,candle_rebuilt,DOGE,11999,1.0,1.0
ret_6,candle_rebuilt,DOGE,11999,1.0,1.0
ret_12,candle_rebuilt,DOGE,11999,1.0,1.0
ret_24,candle_rebuilt,DOGE,11999,1.0,1.0
ret_48,candle_rebuilt,DOGE,11999,1.0,1.0
vol_6,candle_rebuilt,DOGE,11999,1.0,1.0
vol_24,candle_rebuilt,DOGE,11999,1.0,1.0
vol_48,candle_rebuilt,DOGE,11999,1.0,1.0
vol_trend,candle_rebuilt,DOGE,11999,1.0,1.0
vol_ratio,candle_rebuilt,DOGE,11999,1.0,1.0
vol_z_1,candle_rebuilt,DOGE,11999,1.0,1.0
vol_z_6,candle_rebuilt,DOGE,11999,1.0,1.0
cvd_1,candle_rebuilt,DOGE,11999,1.0,1.0
cvd_6,candle_rebuilt,DOGE,11999,1.0,1.0
cvd_trend,candle_rebuilt,DOGE,11999,1.0,1.0
taker_buy_ratio,candle_rebuilt,DOGE,11999,1.0,1.0
rsi_14,candle_rebuilt,DOGE,11999,1.0,1.0
ema_ratio_9_21,candle_rebuilt,DOGE,11999,1.0,1.0
bb_width,candle_rebuilt,DOGE,11999,1.0,1.0
bb_position,candle_rebuilt,DOGE,11999,1.0,1.0
dist_to_high_24,candle_rebuilt,DOGE,11999,1.0,1.0
dist_to_low_24,candle_rebuilt,DOGE,11999,1.0,1.0
dist_to_high_96,candle_rebuilt,DOGE,11999,1.0,1.0
dist_to_low_96,candle_rebuilt,DOGE,11999,1.0,1.0
range_1,candle_rebuilt,DOGE,11999,1.0,1.0
range_avg_24,candle_rebuilt,DOGE,11999,1.0,1.0
consec_balance,candle_rebuilt,DOGE,11999,1.0,1.0
consec_up,candle_rebuilt,DOGE,11999,1.0,1.0
consec_down,candle_rebuilt,DOGE,11999,1.0,1.0
direction_lag_1,candle_rebuilt,DOGE,11999,1.0,1.0
direction_lag_2,candle_rebuilt,DOGE,11999,1.0,1.0
direction_lag_3,candle_rebuilt,DOGE,11999,1.0,1.0
consecutive_up,candle_rebuilt,DOGE,11999,1.0,1.0
consecutive_down,candle_rebuilt,DOGE,11999,1.0,1.0
up_ratio_4,candle_rebuilt,DOGE,11999,1.0,1.0
alternation_rate_6,candle_rebuilt,DOGE,11999,1.0,1.0
signed_trend_efficiency_6,candle_rebuilt,DOGE,11999,1.0,1.0
signed_body_pct,candle_rebuilt,DOGE,11999,1.0,1.0
body_to_range,candle_rebuilt,DOGE,11999,1.0,1.0
hour_sin,candle_rebuilt,DOGE,11999,1.0,1.0
hour_cos,candle_rebuilt,DOGE,11999,1.0,1.0
dow_sin,candle_rebuilt,DOGE,11999,1.0,1.0
dow_cos,candle_rebuilt,DOGE,11999,1.0,1.0
mid_price,snapshot_cache,all,59934,1.0,1.0
spread,snapshot_cache,all,59934,1.0,1.0
volume_5min,snapshot_cache,all,59934,1.0,1.0
price_velocity,snapshot_cache,all,59934,1.0,1.0
time_left_min,snapshot_cache,all,59934,1.0,1.0
price_deviation,snapshot_cache,all,59934,1.0,1.0
spread_pct,snapshot_cache,all,59934,1.0,1.0
log_time_left,snapshot_cache,all,59934,1.0,1.0
deviation_x_time,snapshot_cache,all,59934,1.0,1.0
price_deviation_sq,snapshot_cache,all,59934,1.0,1.0
price_distance_from_max,snapshot_cache,all,59934,1.0,1.0
time_phase,snapshot_cache,all,59934,1.0,1.0
velocity_x_phase,snapshot_cache,all,59934,1.0,1.0
dev_sq_x_phase,snapshot_cache,all,59934,1.0,1.0
is_final_phase,snapshot_cache,all,59934,1.0,1.0
high_price_final,snapshot_cache,all,59934,1.0,1.0
price_momentum,snapshot_cache,all,59934,1.0,1.0
spread_trend,snapshot_cache,all,59934,1.0,1.0
volume_trend,snapshot_cache,all,59934,1.0,1.0
price_velocity_lag1,snapshot_cache,all,59934,1.0,1.0
pm_momentum_5m,snapshot_cache,all,59934,1.0,1.0
pm_volume_5m,snapshot_cache,all,59934,1.0,1.0
pm_spread_pct,snapshot_cache,all,59934,1.0,1.0
pm_quote_pressure,snapshot_cache,all,59934,1.0,1.0
pm_best_bid,snapshot_cache,all,59934,1.0,1.0
pm_best_ask,snapshot_cache,all,59934,1.0,1.0
hour_of_day,decision_at,n/a,60000,1.0,1.0
hour_utc,decision_at,n/a,60000,1.0,1.0
dow,decision_at,n/a,60000,1.0,1.0
day_of_week,decision_at,n/a,60000,1.0,1.0
funding_rate,none_always_nan,n/a,60000,1.0,0.0
funding_rate_ma3,none_always_nan,n/a,60000,1.0,0.0
funding_extreme,none_always_nan,n/a,60000,1.0,0.0
strike_gap_pct,none_always_nan,n/a,60000,1.0,0.0
log_moneyness,none_always_nan,n/a,60000,1.0,0.0
