feature,fold,model_id,asset,version,n,mean_shap,abs_shap
ret_1,F4,804,BTCUSDT_low_vol,37,1769,0.0074171066702847285,0.0074171066702847285
ret_3,F4,804,BTCUSDT_low_vol,37,1769,0.0,0.0
ret_6,F4,804,BTCUSDT_low_vol,37,1769,0.0,0.0
vol_6,F4,804,BTCUSDT_low_vol,37,1769,0.0,0.0
vol_24,F4,804,BTCUSDT_low_vol,37,1769,0.0,0.0
vol_z_1,F4,804,BTCUSDT_low_vol,37,1769,0.0,0.0
taker_buy_ratio,F4,804,BTCUSDT_low_vol,37,1769,-0.0011323891724622406,0.0011323891724622406
cvd_1,F4,804,BTCUSDT_low_vol,37,1769,0.0,0.0
cvd_6,F4,804,BTCUSDT_low_vol,37,1769,0.0,0.0
rsi_14,F4,804,BTCUSDT_low_vol,37,1769,0.0,0.0
ema_ratio_9_21,F4,804,BTCUSDT_low_vol,37,1769,0.0,0.0
bb_width,F4,804,BTCUSDT_low_vol,37,1769,0.0,0.0
bb_position,F4,804,BTCUSDT_low_vol,37,1769,0.0,0.0
dist_to_high_24,F4,804,BTCUSDT_low_vol,37,1769,0.010520701111108362,0.010520701111108362
dist_to_low_24,F4,804,BTCUSDT_low_vol,37,1769,0.0,0.0
range_1,F4,804,BTCUSDT_low_vol,37,1769,0.0,0.0
range_avg_24,F4,804,BTCUSDT_low_vol,37,1769,0.0,0.0
consec_balance,F4,804,BTCUSDT_low_vol,37,1769,0.0,0.0
hour_sin,F4,804,BTCUSDT_low_vol,37,1769,0.004092560324313421,0.004092560324313421
hour_cos,F4,804,BTCUSDT_low_vol,37,1769,0.0,0.0
dow_sin,F4,804,BTCUSDT_low_vol,37,1769,0.0018290702513736616,0.0018290702513736616
dow_cos,F4,804,BTCUSDT_low_vol,37,1769,0.0,0.0
strike_gap_pct,F4,804,BTCUSDT_low_vol,37,1769,0.0,0.0
log_moneyness,F4,804,BTCUSDT_low_vol,37,1769,0.0,0.0
ret_1,F5,804,BTCUSDT_low_vol,37,2000,0.0018889587937622925,0.0018889587937622925
ret_3,F5,804,BTCUSDT_low_vol,37,2000,0.0,0.0
ret_6,F5,804,BTCUSDT_low_vol,37,2000,0.0,0.0
vol_6,F5,804,BTCUSDT_low_vol,37,2000,0.0,0.0
vol_24,F5,804,BTCUSDT_low_vol,37,2000,0.0,0.0
vol_z_1,F5,804,BTCUSDT_low_vol,37,2000,0.0,0.0
taker_buy_ratio,F5,804,BTCUSDT_low_vol,37,2000,0.0005975327202417448,0.0005975327202417448
cvd_1,F5,804,BTCUSDT_low_vol,37,2000,0.0,0.0
cvd_6,F5,804,BTCUSDT_low_vol,37,2000,0.0,0.0
rsi_14,F5,804,BTCUSDT_low_vol,37,2000,0.0,0.0
ema_ratio_9_21,F5,804,BTCUSDT_low_vol,37,2000,0.0,0.0
bb_width,F5,804,BTCUSDT_low_vol,37,2000,0.0,0.0
bb_position,F5,804,BTCUSDT_low_vol,37,2000,0.0,0.0
dist_to_high_24,F5,804,BTCUSDT_low_vol,37,2000,0.013797108940187035,0.013797108940187035
dist_to_low_24,F5,804,BTCUSDT_low_vol,37,2000,0.0,0.0
range_1,F5,804,BTCUSDT_low_vol,37,2000,0.0,0.0
range_avg_24,F5,804,BTCUSDT_low_vol,37,2000,0.0,0.0
consec_balance,F5,804,BTCUSDT_low_vol,37,2000,0.0,0.0
hour_sin,F5,804,BTCUSDT_low_vol,37,2000,0.004661641501998988,0.004661641501998988
hour_cos,F5,804,BTCUSDT_low_vol,37,2000,0.0,0.0
dow_sin,F5,804,BTCUSDT_low_vol,37,2000,0.00517676672049161,0.00517676672049161
dow_cos,F5,804,BTCUSDT_low_vol,37,2000,0.0,0.0
strike_gap_pct,F5,804,BTCUSDT_low_vol,37,2000,0.0,0.0
log_moneyness,F5,804,BTCUSDT_low_vol,37,2000,0.0,0.0
ret_1,F6,804,BTCUSDT_low_vol,37,986,-0.00034142494658385796,0.00034142494658385796
ret_3,F6,804,BTCUSDT_low_vol,37,986,0.0,0.0
ret_6,F6,804,BTCUSDT_low_vol,37,986,0.0,0.0
vol_6,F6,804,BTCUSDT_low_vol,37,986,0.0,0.0
vol_24,F6,804,BTCUSDT_low_vol,37,986,0.0,0.0
vol_z_1,F6,804,BTCUSDT_low_vol,37,986,0.0,0.0
taker_buy_ratio,F6,804,BTCUSDT_low_vol,37,986,0.0018679870559070958,0.0018679870559070958
cvd_1,F6,804,BTCUSDT_low_vol,37,986,0.0,0.0
cvd_6,F6,804,BTCUSDT_low_vol,37,986,0.0,0.0
rsi_14,F6,804,BTCUSDT_low_vol,37,986,0.0,0.0
ema_ratio_9_21,F6,804,BTCUSDT_low_vol,37,986,0.0,0.0
bb_width,F6,804,BTCUSDT_low_vol,37,986,0.0,0.0
bb_position,F6,804,BTCUSDT_low_vol,37,986,0.0,0.0
dist_to_high_24,F6,804,BTCUSDT_low_vol,37,986,0.01680370116555072,0.01680370116555072
dist_to_low_24,F6,804,BTCUSDT_low_vol,37,986,0.0,0.0
range_1,F6,804,BTCUSDT_low_vol,37,986,0.0,0.0
range_avg_24,F6,804,BTCUSDT_low_vol,37,986,0.0,0.0
consec_balance,F6,804,BTCUSDT_low_vol,37,986,0.0,0.0
hour_sin,F6,804,BTCUSDT_low_vol,37,986,0.005728065979578672,0.005728065979578672
hour_cos,F6,804,BTCUSDT_low_vol,37,986,0.0,0.0
dow_sin,F6,804,BTCUSDT_low_vol,37,986,-0.002072708259198246,0.002072708259198246
dow_cos,F6,804,BTCUSDT_low_vol,37,986,0.0,0.0
strike_gap_pct,F6,804,BTCUSDT_low_vol,37,986,0.0,0.0
log_moneyness,F6,804,BTCUSDT_low_vol,37,986,0.0,0.0
ret_1,F4,805,BTCUSDT_mid_vol,31,359,0.0,0.0
ret_3,F4,805,BTCUSDT_mid_vol,31,359,-0.009902430118121159,0.009902430118121159
ret_6,F4,805,BTCUSDT_mid_vol,31,359,0.0,0.0
vol_6,F4,805,BTCUSDT_mid_vol,31,359,0.0,0.0
vol_24,F4,805,BTCUSDT_mid_vol,31,359,0.0,0.0
vol_z_1,F4,805,BTCUSDT_mid_vol,31,359,0.0,0.0
taker_buy_ratio,F4,805,BTCUSDT_mid_vol,31,359,0.0,0.0
cvd_1,F4,805,BTCUSDT_mid_vol,31,359,0.0,0.0
cvd_6,F4,805,BTCUSDT_mid_vol,31,359,0.0,0.0
rsi_14,F4,805,BTCUSDT_mid_vol,31,359,-0.009237159215992415,0.009237159215992415
ema_ratio_9_21,F4,805,BTCUSDT_mid_vol,31,359,0.0,0.0
bb_width,F4,805,BTCUSDT_mid_vol,31,359,0.0,0.0
bb_position,F4,805,BTCUSDT_mid_vol,31,359,0.0,0.0
dist_to_high_24,F4,805,BTCUSDT_mid_vol,31,359,0.0,0.0
dist_to_low_24,F4,805,BTCUSDT_mid_vol,31,359,0.0,0.0
range_1,F4,805,BTCUSDT_mid_vol,31,359,-0.001917921177940147,0.001917921177940147
range_avg_24,F4,805,BTCUSDT_mid_vol,31,359,0.0,0.0
consec_balance,F4,805,BTCUSDT_mid_vol,31,359,0.0,0.0
hour_sin,F4,805,BTCUSDT_mid_vol,31,359,0.0,0.0
hour_cos,F4,805,BTCUSDT_mid_vol,31,359,0.0,0.0
dow_sin,F4,805,BTCUSDT_mid_vol,31,359,0.0,0.0
dow_cos,F4,805,BTCUSDT_mid_vol,31,359,0.002170120672069993,0.002170120672069993
strike_gap_pct,F4,805,BTCUSDT_mid_vol,31,359,0.0,0.0
log_moneyness,F4,805,BTCUSDT_mid_vol,31,359,0.0,0.0
ret_1,F5,805,BTCUSDT_mid_vol,31,726,0.0,0.0
ret_3,F5,805,BTCUSDT_mid_vol,31,726,-0.007051819639540681,0.007051819639540681
ret_6,F5,805,BTCUSDT_mid_vol,31,726,0.0,0.0
vol_6,F5,805,BTCUSDT_mid_vol,31,726,0.0,0.0
vol_24,F5,805,BTCUSDT_mid_vol,31,726,0.0,0.0
vol_z_1,F5,805,BTCUSDT_mid_vol,31,726,0.0,0.0
taker_buy_ratio,F5,805,BTCUSDT_mid_vol,31,726,0.0,0.0
cvd_1,F5,805,BTCUSDT_mid_vol,31,726,0.0,0.0
cvd_6,F5,805,BTCUSDT_mid_vol,31,726,0.0,0.0
rsi_14,F5,805,BTCUSDT_mid_vol,31,726,-0.0050647584120268345,0.0050647584120268345
ema_ratio_9_21,F5,805,BTCUSDT_mid_vol,31,726,0.0,0.0
bb_width,F5,805,BTCUSDT_mid_vol,31,726,0.0,0.0
bb_position,F5,805,BTCUSDT_mid_vol,31,726,0.0,0.0
dist_to_high_24,F5,805,BTCUSDT_mid_vol,31,726,0.0,0.0
dist_to_low_24,F5,805,BTCUSDT_mid_vol,31,726,0.0,0.0
range_1,F5,805,BTCUSDT_mid_vol,31,726,-0.0013928194492072398,0.0013928194492072398
range_avg_24,F5,805,BTCUSDT_mid_vol,31,726,0.0,0.0
consec_balance,F5,805,BTCUSDT_mid_vol,31,726,0.0,0.0
hour_sin,F5,805,BTCUSDT_mid_vol,31,726,0.0,0.0
hour_cos,F5,805,BTCUSDT_mid_vol,31,726,0.0,0.0
dow_sin,F5,805,BTCUSDT_mid_vol,31,726,0.0,0.0
dow_cos,F5,805,BTCUSDT_mid_vol,31,726,-0.0012186707984970426,0.0012186707984970426
strike_gap_pct,F5,805,BTCUSDT_mid_vol,31,726,0.0,0.0
log_moneyness,F5,805,BTCUSDT_mid_vol,31,726,0.0,0.0
ret_1,F6,805,BTCUSDT_mid_vol,31,583,0.0,0.0
ret_3,F6,805,BTCUSDT_mid_vol,31,583,-0.004331312364253931,0.004331312364253931
ret_6,F6,805,BTCUSDT_mid_vol,31,583,0.0,0.0
vol_6,F6,805,BTCUSDT_mid_vol,31,583,0.0,0.0
vol_24,F6,805,BTCUSDT_mid_vol,31,583,0.0,0.0
vol_z_1,F6,805,BTCUSDT_mid_vol,31,583,0.0,0.0
taker_buy_ratio,F6,805,BTCUSDT_mid_vol,31,583,0.0,0.0
cvd_1,F6,805,BTCUSDT_mid_vol,31,583,0.0,0.0
cvd_6,F6,805,BTCUSDT_mid_vol,31,583,0.0,0.0
rsi_14,F6,805,BTCUSDT_mid_vol,31,583,-0.008361867306930573,0.008361867306930573
ema_ratio_9_21,F6,805,BTCUSDT_mid_vol,31,583,0.0,0.0
bb_width,F6,805,BTCUSDT_mid_vol,31,583,0.0,0.0
bb_position,F6,805,BTCUSDT_mid_vol,31,583,0.0,0.0
dist_to_high_24,F6,805,BTCUSDT_mid_vol,31,583,0.0,0.0
dist_to_low_24,F6,805,BTCUSDT_mid_vol,31,583,0.0,0.0
range_1,F6,805,BTCUSDT_mid_vol,31,583,0.0005444852421454852,0.0005444852421454852
range_avg_24,F6,805,BTCUSDT_mid_vol,31,583,0.0,0.0
consec_balance,F6,805,BTCUSDT_mid_vol,31,583,0.0,0.0
hour_sin,F6,805,BTCUSDT_mid_vol,31,583,0.0,0.0
hour_cos,F6,805,BTCUSDT_mid_vol,31,583,0.0,0.0
dow_sin,F6,805,BTCUSDT_mid_vol,31,583,0.0,0.0
dow_cos,F6,805,BTCUSDT_mid_vol,31,583,0.0023254013596892067,0.0023254013596892067
strike_gap_pct,F6,805,BTCUSDT_mid_vol,31,583,0.0,0.0
log_moneyness,F6,805,BTCUSDT_mid_vol,31,583,0.0,0.0
ret_1,F4,812,SOLUSDT_high_vol,25,2000,0.0004984862125953556,0.0004984862125953556
ret_3,F4,812,SOLUSDT_high_vol,25,2000,-0.004632941303073995,0.004632941303073995
ret_6,F4,812,SOLUSDT_high_vol,25,2000,-0.01897227535068204,0.01897227535068204
vol_6,F4,812,SOLUSDT_high_vol,25,2000,0.0011085032569826136,0.0011085032569826136
vol_24,F4,812,SOLUSDT_high_vol,25,2000,-0.0028449783144439494,0.0028449783144439494
vol_z_1,F4,812,SOLUSDT_high_vol,25,2000,0.0003984757585434695,0.0003984757585434695
taker_buy_ratio,F4,812,SOLUSDT_high_vol,25,2000,0.0,0.0
cvd_1,F4,812,SOLUSDT_high_vol,25,2000,0.00169637353635091,0.00169637353635091
cvd_6,F4,812,SOLUSDT_high_vol,25,2000,0.0010391915452586647,0.0010391915452586647
rsi_14,F4,812,SOLUSDT_high_vol,25,2000,0.0,0.0
ema_ratio_9_21,F4,812,SOLUSDT_high_vol,25,2000,0.0,0.0
bb_width,F4,812,SOLUSDT_high_vol,25,2000,0.0,0.0
bb_position,F4,812,SOLUSDT_high_vol,25,2000,0.0,0.0
dist_to_high_24,F4,812,SOLUSDT_high_vol,25,2000,0.0,0.0
dist_to_low_24,F4,812,SOLUSDT_high_vol,25,2000,-0.012833452157236592,0.012833452157236592
range_1,F4,812,SOLUSDT_high_vol,25,2000,0.0037333979551001477,0.0037333979551001477
range_avg_24,F4,812,SOLUSDT_high_vol,25,2000,-0.0013753758371046608,0.0013753758371046608
consec_balance,F4,812,SOLUSDT_high_vol,25,2000,0.0,0.0
hour_sin,F4,812,SOLUSDT_high_vol,25,2000,-0.0001557661699895561,0.0001557661699895561
hour_cos,F4,812,SOLUSDT_high_vol,25,2000,0.0,0.0
dow_sin,F4,812,SOLUSDT_high_vol,25,2000,0.0,0.0
dow_cos,F4,812,SOLUSDT_high_vol,25,2000,-0.0035683447273025014,0.0035683447273025014
strike_gap_pct,F4,812,SOLUSDT_high_vol,25,2000,0.0,0.0
log_moneyness,F4,812,SOLUSDT_high_vol,25,2000,0.0,0.0
ret_1,F5,812,SOLUSDT_high_vol,25,2000,0.003372336952651231,0.003372336952651231
ret_3,F5,812,SOLUSDT_high_vol,25,2000,-0.005206097896078796,0.005206097896078796
ret_6,F5,812,SOLUSDT_high_vol,25,2000,-0.021977732770106024,0.021977732770106024
vol_6,F5,812,SOLUSDT_high_vol,25,2000,0.002904931371951873,0.002904931371951873
vol_24,F5,812,SOLUSDT_high_vol,25,2000,-0.005456146233276845,0.005456146233276845
vol_z_1,F5,812,SOLUSDT_high_vol,25,2000,0.00039253339783613337,0.00039253339783613337
taker_buy_ratio,F5,812,SOLUSDT_high_vol,25,2000,0.0,0.0
cvd_1,F5,812,SOLUSDT_high_vol,25,2000,0.001544326056213309,0.001544326056213309
cvd_6,F5,812,SOLUSDT_high_vol,25,2000,-0.0002953936501160819,0.0002953936501160819
rsi_14,F5,812,SOLUSDT_high_vol,25,2000,0.0,0.0
ema_ratio_9_21,F5,812,SOLUSDT_high_vol,25,2000,0.0,0.0
bb_width,F5,812,SOLUSDT_high_vol,25,2000,0.0,0.0
bb_position,F5,812,SOLUSDT_high_vol,25,2000,0.0,0.0
dist_to_high_24,F5,812,SOLUSDT_high_vol,25,2000,0.0,0.0
dist_to_low_24,F5,812,SOLUSDT_high_vol,25,2000,-0.00945150489248929,0.00945150489248929
range_1,F5,812,SOLUSDT_high_vol,25,2000,0.004476083243726682,0.004476083243726682
range_avg_24,F5,812,SOLUSDT_high_vol,25,2000,0.002150135045420111,0.002150135045420111
consec_balance,F5,812,SOLUSDT_high_vol,25,2000,0.0,0.0
hour_sin,F5,812,SOLUSDT_high_vol,25,2000,0.0003937506536686365,0.0003937506536686365
hour_cos,F5,812,SOLUSDT_high_vol,25,2000,0.0,0.0
dow_sin,F5,812,SOLUSDT_high_vol,25,2000,0.0,0.0
dow_cos,F5,812,SOLUSDT_high_vol,25,2000,-0.0022276069688767965,0.0022276069688767965
strike_gap_pct,F5,812,SOLUSDT_high_vol,25,2000,0.0,0.0
log_moneyness,F5,812,SOLUSDT_high_vol,25,2000,0.0,0.0
ret_1,F6,812,SOLUSDT_high_vol,25,1747,0.0007183760664936844,0.0007183760664936844
ret_3,F6,812,SOLUSDT_high_vol,25,1747,-0.005189665045910964,0.005189665045910964
ret_6,F6,812,SOLUSDT_high_vol,25,1747,-0.015892870533306114,0.015892870533306114
vol_6,F6,812,SOLUSDT_high_vol,25,1747,0.0030741736749292235,0.0030741736749292235
vol_24,F6,812,SOLUSDT_high_vol,25,1747,-0.006658220861921461,0.006658220861921461
vol_z_1,F6,812,SOLUSDT_high_vol,25,1747,0.001539141829269428,0.001539141829269428
taker_buy_ratio,F6,812,SOLUSDT_high_vol,25,1747,0.0,0.0
cvd_1,F6,812,SOLUSDT_high_vol,25,1747,0.0019397790180005362,0.0019397790180005362
cvd_6,F6,812,SOLUSDT_high_vol,25,1747,0.0017705544712466627,0.0017705544712466627
rsi_14,F6,812,SOLUSDT_high_vol,25,1747,0.0,0.0
ema_ratio_9_21,F6,812,SOLUSDT_high_vol,25,1747,0.0,0.0
bb_width,F6,812,SOLUSDT_high_vol,25,1747,0.0,0.0
bb_position,F6,812,SOLUSDT_high_vol,25,1747,0.0,0.0
dist_to_high_24,F6,812,SOLUSDT_high_vol,25,1747,0.0,0.0
dist_to_low_24,F6,812,SOLUSDT_high_vol,25,1747,-0.010526807530068244,0.010526807530068244
range_1,F6,812,SOLUSDT_high_vol,25,1747,0.004024335058510991,0.004024335058510991
range_avg_24,F6,812,SOLUSDT_high_vol,25,1747,0.002687331245410673,0.002687331245410673
consec_balance,F6,812,SOLUSDT_high_vol,25,1747,0.0,0.0
hour_sin,F6,812,SOLUSDT_high_vol,25,1747,0.0002042520044712284,0.0002042520044712284
hour_cos,F6,812,SOLUSDT_high_vol,25,1747,0.0,0.0
dow_sin,F6,812,SOLUSDT_high_vol,25,1747,0.0,0.0
dow_cos,F6,812,SOLUSDT_high_vol,25,1747,-0.004137580684355371,0.004137580684355371
strike_gap_pct,F6,812,SOLUSDT_high_vol,25,1747,0.0,0.0
log_moneyness,F6,812,SOLUSDT_high_vol,25,1747,0.0,0.0
ret_1,F4,815,XRPUSDT_high_vol,26,757,0.006437877177472696,0.006437877177472696
ret_3,F4,815,XRPUSDT_high_vol,26,757,-0.0015968104809227749,0.0015968104809227749
ret_6,F4,815,XRPUSDT_high_vol,26,757,0.0,0.0
vol_6,F4,815,XRPUSDT_high_vol,26,757,0.0,0.0
vol_24,F4,815,XRPUSDT_high_vol,26,757,0.0013286557544634832,0.0013286557544634832
vol_z_1,F4,815,XRPUSDT_high_vol,26,757,0.006194713497940747,0.006194713497940747
taker_buy_ratio,F4,815,XRPUSDT_high_vol,26,757,-0.00715353174585241,0.00715353174585241
cvd_1,F4,815,XRPUSDT_high_vol,26,757,0.0,0.0
cvd_6,F4,815,XRPUSDT_high_vol,26,757,-0.0007920401037898071,0.0007920401037898071
rsi_14,F4,815,XRPUSDT_high_vol,26,757,-9.171679812143708e-05,9.171679812143708e-05
ema_ratio_9_21,F4,815,XRPUSDT_high_vol,26,757,0.0,0.0
bb_width,F4,815,XRPUSDT_high_vol,26,757,-0.005737131527809784,0.005737131527809784
bb_position,F4,815,XRPUSDT_high_vol,26,757,-0.00023260398989376142,0.00023260398989376142
dist_to_high_24,F4,815,XRPUSDT_high_vol,26,757,0.013145306488913888,0.013145306488913888
dist_to_low_24,F4,815,XRPUSDT_high_vol,26,757,-0.014703037606901224,0.014703037606901224
range_1,F4,815,XRPUSDT_high_vol,26,757,-0.0007678897462686579,0.0007678897462686579
range_avg_24,F4,815,XRPUSDT_high_vol,26,757,0.009611149512851518,0.009611149512851518
consec_balance,F4,815,XRPUSDT_high_vol,26,757,0.0,0.0
hour_sin,F4,815,XRPUSDT_high_vol,26,757,-0.0025733692173142753,0.0025733692173142753
hour_cos,F4,815,XRPUSDT_high_vol,26,757,-0.00516114780783378,0.00516114780783378
dow_sin,F4,815,XRPUSDT_high_vol,26,757,0.001857383217567783,0.001857383217567783
dow_cos,F4,815,XRPUSDT_high_vol,26,757,0.0,0.0
strike_gap_pct,F4,815,XRPUSDT_high_vol,26,757,0.0,0.0
log_moneyness,F4,815,XRPUSDT_high_vol,26,757,0.0,0.0
ret_1,F5,815,XRPUSDT_high_vol,26,1886,0.0017425316055313992,0.0017425316055313992
ret_3,F5,815,XRPUSDT_high_vol,26,1886,-0.0006739301421918002,0.0006739301421918002
ret_6,F5,815,XRPUSDT_high_vol,26,1886,0.0,0.0
vol_6,F5,815,XRPUSDT_high_vol,26,1886,0.0,0.0
vol_24,F5,815,XRPUSDT_high_vol,26,1886,0.0025995442413310546,0.0025995442413310546
vol_z_1,F5,815,XRPUSDT_high_vol,26,1886,-0.00018273287935541502,0.00018273287935541502
taker_buy_ratio,F5,815,XRPUSDT_high_vol,26,1886,-0.002680687514527662,0.002680687514527662
cvd_1,F5,815,XRPUSDT_high_vol,26,1886,0.0,0.0
cvd_6,F5,815,XRPUSDT_high_vol,26,1886,-0.0016365879130597915,0.0016365879130597915
rsi_14,F5,815,XRPUSDT_high_vol,26,1886,-0.00015897731992618947,0.00015897731992618947
ema_ratio_9_21,F5,815,XRPUSDT_high_vol,26,1886,0.0,0.0
bb_width,F5,815,XRPUSDT_high_vol,26,1886,-0.005225700002410113,0.005225700002410113
bb_position,F5,815,XRPUSDT_high_vol,26,1886,-0.0001706933000625919,0.0001706933000625919
dist_to_high_24,F5,815,XRPUSDT_high_vol,26,1886,0.006589154864145757,0.006589154864145757
dist_to_low_24,F5,815,XRPUSDT_high_vol,26,1886,-0.009011623567672065,0.009011623567672065
range_1,F5,815,XRPUSDT_high_vol,26,1886,-0.0006697289128269703,0.0006697289128269703
range_avg_24,F5,815,XRPUSDT_high_vol,26,1886,0.017084762998181763,0.017084762998181763
consec_balance,F5,815,XRPUSDT_high_vol,26,1886,0.0,0.0
hour_sin,F5,815,XRPUSDT_high_vol,26,1886,-0.001088304668847975,0.001088304668847975
hour_cos,F5,815,XRPUSDT_high_vol,26,1886,0.003106065032565086,0.003106065032565086
dow_sin,F5,815,XRPUSDT_high_vol,26,1886,0.0018542738095971066,0.0018542738095971066
dow_cos,F5,815,XRPUSDT_high_vol,26,1886,0.0,0.0
strike_gap_pct,F5,815,XRPUSDT_high_vol,26,1886,0.0,0.0
log_moneyness,F5,815,XRPUSDT_high_vol,26,1886,0.0,0.0
ret_1,F6,815,XRPUSDT_high_vol,26,1573,0.0007516552679029443,0.0007516552679029443
ret_3,F6,815,XRPUSDT_high_vol,26,1573,-0.0005706386342866301,0.0005706386342866301
ret_6,F6,815,XRPUSDT_high_vol,26,1573,0.0,0.0
vol_6,F6,815,XRPUSDT_high_vol,26,1573,0.0,0.0
vol_24,F6,815,XRPUSDT_high_vol,26,1573,0.0029982536062081616,0.0029982536062081616
vol_z_1,F6,815,XRPUSDT_high_vol,26,1573,-0.0006443631593253011,0.0006443631593253011
taker_buy_ratio,F6,815,XRPUSDT_high_vol,26,1573,-0.00208472785405671,0.00208472785405671
cvd_1,F6,815,XRPUSDT_high_vol,26,1573,0.0,0.0
cvd_6,F6,815,XRPUSDT_high_vol,26,1573,-0.000952537509232685,0.000952537509232685
rsi_14,F6,815,XRPUSDT_high_vol,26,1573,-0.007087075917731036,0.007087075917731036
ema_ratio_9_21,F6,815,XRPUSDT_high_vol,26,1573,0.0,0.0
bb_width,F6,815,XRPUSDT_high_vol,26,1573,-0.004817384085677289,0.004817384085677289
bb_position,F6,815,XRPUSDT_high_vol,26,1573,-6.118079737653015e-06,6.118079737653015e-06
dist_to_high_24,F6,815,XRPUSDT_high_vol,26,1573,0.0032963803612341,0.0032963803612341
dist_to_low_24,F6,815,XRPUSDT_high_vol,26,1573,-0.010146390454312912,0.010146390454312912
range_1,F6,815,XRPUSDT_high_vol,26,1573,0.0013499063177601245,0.0013499063177601245
range_avg_24,F6,815,XRPUSDT_high_vol,26,1573,0.018683713097067525,0.018683713097067525
consec_balance,F6,815,XRPUSDT_high_vol,26,1573,0.0,0.0
hour_sin,F6,815,XRPUSDT_high_vol,26,1573,-0.0014029008337465721,0.0014029008337465721
hour_cos,F6,815,XRPUSDT_high_vol,26,1573,0.006415653076696727,0.006415653076696727
dow_sin,F6,815,XRPUSDT_high_vol,26,1573,-0.00047832381954704455,0.00047832381954704455
dow_cos,F6,815,XRPUSDT_high_vol,26,1573,0.0,0.0
strike_gap_pct,F6,815,XRPUSDT_high_vol,26,1573,0.0,0.0
log_moneyness,F6,815,XRPUSDT_high_vol,26,1573,0.0,0.0
ret_1,F4,816,DOGEUSDT_low_vol,25,2000,-0.015522498852972943,0.015522498852972943
ret_3,F4,816,DOGEUSDT_low_vol,25,2000,-0.06434104571199574,0.06434104571199574
ret_6,F4,816,DOGEUSDT_low_vol,25,2000,-0.0017675397578385513,0.0017675397578385513
vol_6,F4,816,DOGEUSDT_low_vol,25,2000,-0.010548136686387747,0.010548136686387747
vol_24,F4,816,DOGEUSDT_low_vol,25,2000,-0.02076658609146103,0.02076658609146103
vol_z_1,F4,816,DOGEUSDT_low_vol,25,2000,0.001282582983934265,0.001282582983934265
taker_buy_ratio,F4,816,DOGEUSDT_low_vol,25,2000,0.00648701033007378,0.00648701033007378
cvd_1,F4,816,DOGEUSDT_low_vol,25,2000,-0.0003625237559699599,0.0003625237559699599
cvd_6,F4,816,DOGEUSDT_low_vol,25,2000,0.0026536043964888573,0.0026536043964888573
rsi_14,F4,816,DOGEUSDT_low_vol,25,2000,0.016291444083984977,0.016291444083984977
ema_ratio_9_21,F4,816,DOGEUSDT_low_vol,25,2000,-0.027085317833586885,0.027085317833586885
bb_width,F4,816,DOGEUSDT_low_vol,25,2000,0.02335240368159763,0.02335240368159763
bb_position,F4,816,DOGEUSDT_low_vol,25,2000,-0.041795424807608623,0.041795424807608623
dist_to_high_24,F4,816,DOGEUSDT_low_vol,25,2000,-0.007478586518902098,0.007478586518902098
dist_to_low_24,F4,816,DOGEUSDT_low_vol,25,2000,-0.032888578879959024,0.032888578879959024
range_1,F4,816,DOGEUSDT_low_vol,25,2000,0.1476295669694252,0.1476295669694252
range_avg_24,F4,816,DOGEUSDT_low_vol,25,2000,-0.11032395448706125,0.11032395448706125
consec_balance,F4,816,DOGEUSDT_low_vol,25,2000,-0.0006657927342235734,0.0006657927342235734
hour_sin,F4,816,DOGEUSDT_low_vol,25,2000,0.001793766895993006,0.001793766895993006
hour_cos,F4,816,DOGEUSDT_low_vol,25,2000,0.003328375222775704,0.003328375222775704
dow_sin,F4,816,DOGEUSDT_low_vol,25,2000,0.010365744414245207,0.010365744414245207
dow_cos,F4,816,DOGEUSDT_low_vol,25,2000,0.009991817423443704,0.009991817423443704
strike_gap_pct,F4,816,DOGEUSDT_low_vol,25,2000,0.0,0.0
log_moneyness,F4,816,DOGEUSDT_low_vol,25,2000,0.0,0.0
ret_1,F5,816,DOGEUSDT_low_vol,25,2000,-0.0038230950779086486,0.0038230950779086486
ret_3,F5,816,DOGEUSDT_low_vol,25,2000,0.005740197989826663,0.005740197989826663
ret_6,F5,816,DOGEUSDT_low_vol,25,2000,-0.0056424403844092886,0.0056424403844092886
vol_6,F5,816,DOGEUSDT_low_vol,25,2000,-0.009697713848614746,0.009697713848614746
vol_24,F5,816,DOGEUSDT_low_vol,25,2000,-0.01145732259097722,0.01145732259097722
vol_z_1,F5,816,DOGEUSDT_low_vol,25,2000,-0.000968543598031422,0.000968543598031422
taker_buy_ratio,F5,816,DOGEUSDT_low_vol,25,2000,0.004042333655564957,0.004042333655564957
cvd_1,F5,816,DOGEUSDT_low_vol,25,2000,0.00018347599229484834,0.00018347599229484834
cvd_6,F5,816,DOGEUSDT_low_vol,25,2000,0.006505671726355162,0.006505671726355162
rsi_14,F5,816,DOGEUSDT_low_vol,25,2000,0.00435898916549205,0.00435898916549205
ema_ratio_9_21,F5,816,DOGEUSDT_low_vol,25,2000,-0.004348480742902746,0.004348480742902746
bb_width,F5,816,DOGEUSDT_low_vol,25,2000,0.0015198406934942472,0.0015198406934942472
bb_position,F5,816,DOGEUSDT_low_vol,25,2000,-0.0018606472386431,0.0018606472386431
dist_to_high_24,F5,816,DOGEUSDT_low_vol,25,2000,-0.00034691941632184235,0.00034691941632184235
dist_to_low_24,F5,816,DOGEUSDT_low_vol,25,2000,-0.010706324664313403,0.010706324664313403
range_1,F5,816,DOGEUSDT_low_vol,25,2000,0.09677296667430996,0.09677296667430996
range_avg_24,F5,816,DOGEUSDT_low_vol,25,2000,-0.05733340913791878,0.05733340913791878
consec_balance,F5,816,DOGEUSDT_low_vol,25,2000,-0.0004715102222478018,0.0004715102222478018
hour_sin,F5,816,DOGEUSDT_low_vol,25,2000,-0.007806694617279826,0.007806694617279826
hour_cos,F5,816,DOGEUSDT_low_vol,25,2000,0.00974141288591569,0.00974141288591569
dow_sin,F5,816,DOGEUSDT_low_vol,25,2000,0.016906227053352575,0.016906227053352575
dow_cos,F5,816,DOGEUSDT_low_vol,25,2000,0.006580668452393205,0.006580668452393205
strike_gap_pct,F5,816,DOGEUSDT_low_vol,25,2000,0.0,0.0
log_moneyness,F5,816,DOGEUSDT_low_vol,25,2000,0.0,0.0
ret_1,F6,816,DOGEUSDT_low_vol,25,2000,-0.009567723035897846,0.009567723035897846
ret_3,F6,816,DOGEUSDT_low_vol,25,2000,-0.027336854942034982,0.027336854942034982
ret_6,F6,816,DOGEUSDT_low_vol,25,2000,4.079546990824713e-05,4.079546990824713e-05
vol_6,F6,816,DOGEUSDT_low_vol,25,2000,-0.017578066527988927,0.017578066527988927
vol_24,F6,816,DOGEUSDT_low_vol,25,2000,-0.01689571776781974,0.01689571776781974
vol_z_1,F6,816,DOGEUSDT_low_vol,25,2000,0.0008178228776801322,0.0008178228776801322
taker_buy_ratio,F6,816,DOGEUSDT_low_vol,25,2000,0.006513031428344502,0.006513031428344502
cvd_1,F6,816,DOGEUSDT_low_vol,25,2000,-0.0007083351983146867,0.0007083351983146867
cvd_6,F6,816,DOGEUSDT_low_vol,25,2000,0.011775308615015809,0.011775308615015809
rsi_14,F6,816,DOGEUSDT_low_vol,25,2000,0.011136694484105553,0.011136694484105553
ema_ratio_9_21,F6,816,DOGEUSDT_low_vol,25,2000,-0.009961866883426058,0.009961866883426058
bb_width,F6,816,DOGEUSDT_low_vol,25,2000,0.019694431110470454,0.019694431110470454
bb_position,F6,816,DOGEUSDT_low_vol,25,2000,-0.01969141874708995,0.01969141874708995
dist_to_high_24,F6,816,DOGEUSDT_low_vol,25,2000,0.006989212834373841,0.006989212834373841
dist_to_low_24,F6,816,DOGEUSDT_low_vol,25,2000,-0.016420052799815687,0.016420052799815687
range_1,F6,816,DOGEUSDT_low_vol,25,2000,0.1339719330761825,0.1339719330761825
range_avg_24,F6,816,DOGEUSDT_low_vol,25,2000,-0.049557246327998176,0.049557246327998176
consec_balance,F6,816,DOGEUSDT_low_vol,25,2000,4.1886570444942387e-05,4.1886570444942387e-05
hour_sin,F6,816,DOGEUSDT_low_vol,25,2000,0.003695794926791873,0.003695794926791873
hour_cos,F6,816,DOGEUSDT_low_vol,25,2000,0.009037480226371063,0.009037480226371063
dow_sin,F6,816,DOGEUSDT_low_vol,25,2000,-0.012532784643219469,0.012532784643219469
dow_cos,F6,816,DOGEUSDT_low_vol,25,2000,5.590893748237996e-05,5.590893748237996e-05
strike_gap_pct,F6,816,DOGEUSDT_low_vol,25,2000,0.0,0.0
log_moneyness,F6,816,DOGEUSDT_low_vol,25,2000,0.0,0.0
ret_1,F4,817,DOGEUSDT_mid_vol,25,2000,0.03451732812704292,0.03451732812704292
ret_3,F4,817,DOGEUSDT_mid_vol,25,2000,-0.0042148028549255714,0.0042148028549255714
ret_6,F4,817,DOGEUSDT_mid_vol,25,2000,0.002371554933678082,0.002371554933678082
vol_6,F4,817,DOGEUSDT_mid_vol,25,2000,-0.009096532363012774,0.009096532363012774
vol_24,F4,817,DOGEUSDT_mid_vol,25,2000,-0.0008357067578234846,0.0008357067578234846
vol_z_1,F4,817,DOGEUSDT_mid_vol,25,2000,-0.0015936757954571434,0.0015936757954571434
taker_buy_ratio,F4,817,DOGEUSDT_mid_vol,25,2000,0.0014843304567971338,0.0014843304567971338
cvd_1,F4,817,DOGEUSDT_mid_vol,25,2000,-0.0032138366731844386,0.0032138366731844386
cvd_6,F4,817,DOGEUSDT_mid_vol,25,2000,-1.0062287301150941e-05,1.0062287301150941e-05
rsi_14,F4,817,DOGEUSDT_mid_vol,25,2000,0.00010171258767658333,0.00010171258767658333
ema_ratio_9_21,F4,817,DOGEUSDT_mid_vol,25,2000,-0.03294763070339901,0.03294763070339901
bb_width,F4,817,DOGEUSDT_mid_vol,25,2000,0.004215538198752723,0.004215538198752723
bb_position,F4,817,DOGEUSDT_mid_vol,25,2000,0.0009315068155819205,0.0009315068155819205
dist_to_high_24,F4,817,DOGEUSDT_mid_vol,25,2000,0.0022164351793764743,0.0022164351793764743
dist_to_low_24,F4,817,DOGEUSDT_mid_vol,25,2000,-0.08440446214679188,0.08440446214679188
range_1,F4,817,DOGEUSDT_mid_vol,25,2000,0.004245911783004267,0.004245911783004267
range_avg_24,F4,817,DOGEUSDT_mid_vol,25,2000,0.004656612320392838,0.004656612320392838
consec_balance,F4,817,DOGEUSDT_mid_vol,25,2000,0.0014685508039378999,0.0014685508039378999
hour_sin,F4,817,DOGEUSDT_mid_vol,25,2000,-0.0003712696177207781,0.0003712696177207781
hour_cos,F4,817,DOGEUSDT_mid_vol,25,2000,-0.00400469939065617,0.00400469939065617
dow_sin,F4,817,DOGEUSDT_mid_vol,25,2000,0.0,0.0
dow_cos,F4,817,DOGEUSDT_mid_vol,25,2000,0.0,0.0
strike_gap_pct,F4,817,DOGEUSDT_mid_vol,25,2000,0.0,0.0
log_moneyness,F4,817,DOGEUSDT_mid_vol,25,2000,0.0,0.0
ret_1,F5,817,DOGEUSDT_mid_vol,25,2000,0.026692170038068532,0.026692170038068532
ret_3,F5,817,DOGEUSDT_mid_vol,25,2000,-0.004523228529145788,0.004523228529145788
ret_6,F5,817,DOGEUSDT_mid_vol,25,2000,0.002062264359464453,0.002062264359464453
vol_6,F5,817,DOGEUSDT_mid_vol,25,2000,-0.008041534832367784,0.008041534832367784
vol_24,F5,817,DOGEUSDT_mid_vol,25,2000,0.00012836507329674077,0.00012836507329674077
vol_z_1,F5,817,DOGEUSDT_mid_vol,25,2000,-0.0003010534309658898,0.0003010534309658898
taker_buy_ratio,F5,817,DOGEUSDT_mid_vol,25,2000,0.0004613067768777276,0.0004613067768777276
cvd_1,F5,817,DOGEUSDT_mid_vol,25,2000,-0.0003453949203942195,0.0003453949203942195
cvd_6,F5,817,DOGEUSDT_mid_vol,25,2000,0.000403786577620591,0.000403786577620591
rsi_14,F5,817,DOGEUSDT_mid_vol,25,2000,3.299795277038971e-05,3.299795277038971e-05
ema_ratio_9_21,F5,817,DOGEUSDT_mid_vol,25,2000,0.030687097384854832,0.030687097384854832
bb_width,F5,817,DOGEUSDT_mid_vol,25,2000,0.005465458653716827,0.005465458653716827
bb_position,F5,817,DOGEUSDT_mid_vol,25,2000,-0.0008823659958227079,0.0008823659958227079
dist_to_high_24,F5,817,DOGEUSDT_mid_vol,25,2000,0.005500752574451207,0.005500752574451207
dist_to_low_24,F5,817,DOGEUSDT_mid_vol,25,2000,-0.0033973135470554564,0.0033973135470554564
range_1,F5,817,DOGEUSDT_mid_vol,25,2000,0.0033557548313747783,0.0033557548313747783
range_avg_24,F5,817,DOGEUSDT_mid_vol,25,2000,0.0014959467849372584,0.0014959467849372584
consec_balance,F5,817,DOGEUSDT_mid_vol,25,2000,-0.0041823679833519626,0.0041823679833519626
hour_sin,F5,817,DOGEUSDT_mid_vol,25,2000,-0.0038142056108995312,0.0038142056108995312
hour_cos,F5,817,DOGEUSDT_mid_vol,25,2000,0.0057838972865219065,0.0057838972865219065
dow_sin,F5,817,DOGEUSDT_mid_vol,25,2000,0.0,0.0
dow_cos,F5,817,DOGEUSDT_mid_vol,25,2000,0.0,0.0
strike_gap_pct,F5,817,DOGEUSDT_mid_vol,25,2000,0.0,0.0
log_moneyness,F5,817,DOGEUSDT_mid_vol,25,2000,0.0,0.0
ret_1,F6,817,DOGEUSDT_mid_vol,25,2000,0.004803619297441612,0.004803619297441612
ret_3,F6,817,DOGEUSDT_mid_vol,25,2000,-0.001561505275088057,0.001561505275088057
ret_6,F6,817,DOGEUSDT_mid_vol,25,2000,0.0011930935276008138,0.0011930935276008138
vol_6,F6,817,DOGEUSDT_mid_vol,25,2000,0.003723209654269736,0.003723209654269736
vol_24,F6,817,DOGEUSDT_mid_vol,25,2000,0.0003421982138987222,0.0003421982138987222
vol_z_1,F6,817,DOGEUSDT_mid_vol,25,2000,-0.0025017633807885107,0.0025017633807885107
taker_buy_ratio,F6,817,DOGEUSDT_mid_vol,25,2000,0.0006625185553813925,0.0006625185553813925
cvd_1,F6,817,DOGEUSDT_mid_vol,25,2000,-0.0030751465665613616,0.0030751465665613616
cvd_6,F6,817,DOGEUSDT_mid_vol,25,2000,-0.0013464034738130631,0.0013464034738130631
rsi_14,F6,817,DOGEUSDT_mid_vol,25,2000,0.001898497902698026,0.001898497902698026
ema_ratio_9_21,F6,817,DOGEUSDT_mid_vol,25,2000,0.010889352052818555,0.010889352052818555
bb_width,F6,817,DOGEUSDT_mid_vol,25,2000,0.004695778221442388,0.004695778221442388
bb_position,F6,817,DOGEUSDT_mid_vol,25,2000,-0.00015499730122808925,0.00015499730122808925
dist_to_high_24,F6,817,DOGEUSDT_mid_vol,25,2000,0.001999700312460003,0.001999700312460003
dist_to_low_24,F6,817,DOGEUSDT_mid_vol,25,2000,-0.008764971932414468,0.008764971932414468
range_1,F6,817,DOGEUSDT_mid_vol,25,2000,0.002274527326551527,0.002274527326551527
range_avg_24,F6,817,DOGEUSDT_mid_vol,25,2000,0.0022108638897408097,0.0022108638897408097
consec_balance,F6,817,DOGEUSDT_mid_vol,25,2000,0.0007960873995670908,0.0007960873995670908
hour_sin,F6,817,DOGEUSDT_mid_vol,25,2000,0.0004258171176440834,0.0004258171176440834
hour_cos,F6,817,DOGEUSDT_mid_vol,25,2000,-0.0023183885582962038,0.0023183885582962038
dow_sin,F6,817,DOGEUSDT_mid_vol,25,2000,0.0,0.0
dow_cos,F6,817,DOGEUSDT_mid_vol,25,2000,0.0,0.0
strike_gap_pct,F6,817,DOGEUSDT_mid_vol,25,2000,0.0,0.0
log_moneyness,F6,817,DOGEUSDT_mid_vol,25,2000,0.0,0.0
ret_1,F5,1019,SOLUSDT_low_vol,27,2000,0.00443071121092258,0.00443071121092258
ret_3,F5,1019,SOLUSDT_low_vol,27,2000,0.0002180875709864038,0.0002180875709864038
ret_6,F5,1019,SOLUSDT_low_vol,27,2000,-0.006102972843275129,0.006102972843275129
vol_6,F5,1019,SOLUSDT_low_vol,27,2000,0.002346557941569924,0.002346557941569924
vol_24,F5,1019,SOLUSDT_low_vol,27,2000,-0.003599360068887134,0.003599360068887134
vol_z_1,F5,1019,SOLUSDT_low_vol,27,2000,0.0005101350044890019,0.0005101350044890019
taker_buy_ratio,F5,1019,SOLUSDT_low_vol,27,2000,-0.0014186123706978115,0.0014186123706978115
cvd_1,F5,1019,SOLUSDT_low_vol,27,2000,0.0,0.0
cvd_6,F5,1019,SOLUSDT_low_vol,27,2000,0.0035707454575375107,0.0035707454575375107
rsi_14,F5,1019,SOLUSDT_low_vol,27,2000,0.023969635808106134,0.023969635808106134
ema_ratio_9_21,F5,1019,SOLUSDT_low_vol,27,2000,-0.002390954327042006,0.002390954327042006
bb_width,F5,1019,SOLUSDT_low_vol,27,2000,0.001786802286502057,0.001786802286502057
bb_position,F5,1019,SOLUSDT_low_vol,27,2000,0.001399426985484093,0.001399426985484093
dist_to_high_24,F5,1019,SOLUSDT_low_vol,27,2000,0.0028903941358727537,0.0028903941358727537
dist_to_low_24,F5,1019,SOLUSDT_low_vol,27,2000,-0.0035094065791479077,0.0035094065791479077
range_1,F5,1019,SOLUSDT_low_vol,27,2000,0.00794538528763072,0.00794538528763072
range_avg_24,F5,1019,SOLUSDT_low_vol,27,2000,-0.0019789311181895673,0.0019789311181895673
consec_balance,F5,1019,SOLUSDT_low_vol,27,2000,0.0,0.0
hour_sin,F5,1019,SOLUSDT_low_vol,27,2000,-0.0004534741905695553,0.0004534741905695553
hour_cos,F5,1019,SOLUSDT_low_vol,27,2000,-5.86898811870816e-06,5.86898811870816e-06
dow_sin,F5,1019,SOLUSDT_low_vol,27,2000,0.001460775321638514,0.001460775321638514
dow_cos,F5,1019,SOLUSDT_low_vol,27,2000,0.0,0.0
strike_gap_pct,F5,1019,SOLUSDT_low_vol,27,2000,0.0,0.0
log_moneyness,F5,1019,SOLUSDT_low_vol,27,2000,0.0,0.0
ret_1,F6,1019,SOLUSDT_low_vol,27,2000,0.004960573562350369,0.004960573562350369
ret_3,F6,1019,SOLUSDT_low_vol,27,2000,-0.0001321157515851205,0.0001321157515851205
ret_6,F6,1019,SOLUSDT_low_vol,27,2000,-0.0002794060684460389,0.0002794060684460389
vol_6,F6,1019,SOLUSDT_low_vol,27,2000,0.0019972511552633033,0.0019972511552633033
vol_24,F6,1019,SOLUSDT_low_vol,27,2000,-0.006485079858163191,0.006485079858163191
vol_z_1,F6,1019,SOLUSDT_low_vol,27,2000,0.0010936613882415276,0.0010936613882415276
taker_buy_ratio,F6,1019,SOLUSDT_low_vol,27,2000,0.004896755229550515,0.004896755229550515
cvd_1,F6,1019,SOLUSDT_low_vol,27,2000,0.0,0.0
cvd_6,F6,1019,SOLUSDT_low_vol,27,2000,0.006047598380939833,0.006047598380939833
rsi_14,F6,1019,SOLUSDT_low_vol,27,2000,0.02895620918579499,0.02895620918579499
ema_ratio_9_21,F6,1019,SOLUSDT_low_vol,27,2000,-0.0016389606161695985,0.0016389606161695985
bb_width,F6,1019,SOLUSDT_low_vol,27,2000,0.0037915899905922364,0.0037915899905922364
bb_position,F6,1019,SOLUSDT_low_vol,27,2000,-0.0005669827436721841,0.0005669827436721841
dist_to_high_24,F6,1019,SOLUSDT_low_vol,27,2000,0.0011583772283153629,0.0011583772283153629
dist_to_low_24,F6,1019,SOLUSDT_low_vol,27,2000,-0.015388442029017565,0.015388442029017565
range_1,F6,1019,SOLUSDT_low_vol,27,2000,0.008509466085532382,0.008509466085532382
range_avg_24,F6,1019,SOLUSDT_low_vol,27,2000,-0.002552820444610835,0.002552820444610835
consec_balance,F6,1019,SOLUSDT_low_vol,27,2000,0.0,0.0
hour_sin,F6,1019,SOLUSDT_low_vol,27,2000,0.006405478957965532,0.006405478957965532
hour_cos,F6,1019,SOLUSDT_low_vol,27,2000,-0.0007806070532481011,0.0007806070532481011
dow_sin,F6,1019,SOLUSDT_low_vol,27,2000,-0.00015457928423860594,0.00015457928423860594
dow_cos,F6,1019,SOLUSDT_low_vol,27,2000,0.0,0.0
strike_gap_pct,F6,1019,SOLUSDT_low_vol,27,2000,0.0,0.0
log_moneyness,F6,1019,SOLUSDT_low_vol,27,2000,0.0,0.0
ret_1,F5,1024,ETHUSDT_high_vol,33,783,0.013051361708035085,0.013051361708035085
ret_3,F5,1024,ETHUSDT_high_vol,33,783,-4.610795091971185e-05,4.610795091971185e-05
ret_6,F5,1024,ETHUSDT_high_vol,33,783,-0.003871566041962915,0.003871566041962915
vol_6,F5,1024,ETHUSDT_high_vol,33,783,0.0013431740426555546,0.0013431740426555546
vol_24,F5,1024,ETHUSDT_high_vol,33,783,-0.003271822032158029,0.003271822032158029
vol_z_1,F5,1024,ETHUSDT_high_vol,33,783,0.006194547286931342,0.006194547286931342
taker_buy_ratio,F5,1024,ETHUSDT_high_vol,33,783,0.0011617144818575344,0.0011617144818575344
cvd_1,F5,1024,ETHUSDT_high_vol,33,783,0.0,0.0
cvd_6,F5,1024,ETHUSDT_high_vol,33,783,0.0032907436235310897,0.0032907436235310897
rsi_14,F5,1024,ETHUSDT_high_vol,33,783,-0.0075585531893473425,0.0075585531893473425
ema_ratio_9_21,F5,1024,ETHUSDT_high_vol,33,783,-0.009797392893911985,0.009797392893911985
bb_width,F5,1024,ETHUSDT_high_vol,33,783,-0.002446951298169746,0.002446951298169746
bb_position,F5,1024,ETHUSDT_high_vol,33,783,-0.01701240880204886,0.01701240880204886
dist_to_high_24,F5,1024,ETHUSDT_high_vol,33,783,0.003061771946354262,0.003061771946354262
dist_to_low_24,F5,1024,ETHUSDT_high_vol,33,783,-0.017476090362908276,0.017476090362908276
range_1,F5,1024,ETHUSDT_high_vol,33,783,0.005595061336546918,0.005595061336546918
range_avg_24,F5,1024,ETHUSDT_high_vol,33,783,0.0055974451428008444,0.0055974451428008444
consec_balance,F5,1024,ETHUSDT_high_vol,33,783,0.002453496429043637,0.002453496429043637
hour_sin,F5,1024,ETHUSDT_high_vol,33,783,-0.014364963468097161,0.014364963468097161
hour_cos,F5,1024,ETHUSDT_high_vol,33,783,0.00017704788131665572,0.00017704788131665572
dow_sin,F5,1024,ETHUSDT_high_vol,33,783,0.002021393530563445,0.002021393530563445
dow_cos,F5,1024,ETHUSDT_high_vol,33,783,0.0016608087560923644,0.0016608087560923644
strike_gap_pct,F5,1024,ETHUSDT_high_vol,33,783,0.0,0.0
log_moneyness,F5,1024,ETHUSDT_high_vol,33,783,0.0,0.0
ret_1,F6,1024,ETHUSDT_high_vol,33,973,0.00807590817775371,0.00807590817775371
ret_3,F6,1024,ETHUSDT_high_vol,33,973,-0.00089594242767388,0.00089594242767388
ret_6,F6,1024,ETHUSDT_high_vol,33,973,-0.003491220025735668,0.003491220025735668
vol_6,F6,1024,ETHUSDT_high_vol,33,973,0.0031740957095277938,0.0031740957095277938
vol_24,F6,1024,ETHUSDT_high_vol,33,973,-0.0073606112576257675,0.0073606112576257675
vol_z_1,F6,1024,ETHUSDT_high_vol,33,973,0.004077388224374594,0.004077388224374594
taker_buy_ratio,F6,1024,ETHUSDT_high_vol,33,973,-0.016534797043305065,0.016534797043305065
cvd_1,F6,1024,ETHUSDT_high_vol,33,973,0.0,0.0
cvd_6,F6,1024,ETHUSDT_high_vol,33,973,0.0009217262484118754,0.0009217262484118754
rsi_14,F6,1024,ETHUSDT_high_vol,33,973,-0.001848139684318161,0.001848139684318161
ema_ratio_9_21,F6,1024,ETHUSDT_high_vol,33,973,-0.022664595524529395,0.022664595524529395
bb_width,F6,1024,ETHUSDT_high_vol,33,973,0.0012340156816848613,0.0012340156816848613
bb_position,F6,1024,ETHUSDT_high_vol,33,973,-0.017730808395927757,0.017730808395927757
dist_to_high_24,F6,1024,ETHUSDT_high_vol,33,973,-0.004892203453810711,0.004892203453810711
dist_to_low_24,F6,1024,ETHUSDT_high_vol,33,973,-0.023001884785462827,0.023001884785462827
range_1,F6,1024,ETHUSDT_high_vol,33,973,0.0017429822707250807,0.0017429822707250807
range_avg_24,F6,1024,ETHUSDT_high_vol,33,973,-0.008638326177537023,0.008638326177537023
consec_balance,F6,1024,ETHUSDT_high_vol,33,973,0.0090559015622082,0.0090559015622082
hour_sin,F6,1024,ETHUSDT_high_vol,33,973,-0.011916725918830383,0.011916725918830383
hour_cos,F6,1024,ETHUSDT_high_vol,33,973,-0.0007296616640287869,0.0007296616640287869
dow_sin,F6,1024,ETHUSDT_high_vol,33,973,-0.0035513991783583405,0.0035513991783583405
dow_cos,F6,1024,ETHUSDT_high_vol,33,973,-0.0009190835594490911,0.0009190835594490911
strike_gap_pct,F6,1024,ETHUSDT_high_vol,33,973,0.0,0.0
log_moneyness,F6,1024,ETHUSDT_high_vol,33,973,0.0,0.0
