k,v,registry_id,model_type,target_class,target_proof,mapped,missing_artifact,era,n,mn,mx
BTCUSDT_high_vol,28,504.0,lgbm,LEGACY_BINANCE_DIRECTION,era_code_482a6914_ret1_shift_minus1_plus_guard_hint_0968d065,True,False,transition,8529,2026-08-03 14:07:36.717364+00,2026-08-09 15:21:10.620558+00
BTCUSDT_high_vol,30,698.0,lgbm,CANONICAL_POLYMARKET_DIRECTION,manifest_target_source,True,False,post_guard,1432,2026-08-12 03:00:08.864643+00,2026-08-13 13:13:50.107446+00
BTCUSDT_high_vol,31,701.0,lgbm,CANONICAL_POLYMARKET_DIRECTION,manifest_target_source,True,False,post_guard,11566,2026-08-20 23:15:05.683106+00,2026-09-09 16:50:43.763554+00
BTCUSDT_high_vol,34,746.0,lgbm,CANONICAL_POLYMARKET_DIRECTION,manifest_target_source,True,False,post_guard,2234,2026-08-13 14:00:01.982678+00,2026-08-15 10:43:38.572882+00
BTCUSDT_high_vol,36,806.0,lgbm,CANONICAL_POLYMARKET_DIRECTION,manifest_target_source,True,False,post_guard,2449,2026-08-17 16:13:07.278283+00,2026-08-20 16:13:50.81126+00
BTCUSDT_low_vol,29,502.0,lgbm,LEGACY_BINANCE_DIRECTION,era_code_482a6914_ret1_shift_minus1_plus_guard_hint_0968d065,True,False,pre_guard,23131,2026-08-03 16:40:33.275251+00,2026-08-09 13:50:24.947722+00
BTCUSDT_low_vol,31,696.0,lgbm,CANONICAL_POLYMARKET_DIRECTION,manifest_target_source,True,False,post_guard,492,2026-08-12 00:00:14.104863+00,2026-08-13 03:28:48.831289+00
BTCUSDT_low_vol,35,744.0,lgbm,CANONICAL_POLYMARKET_DIRECTION,manifest_target_source,True,False,post_guard,40,2026-08-15 10:45:09.354186+00,2026-08-15 10:54:54.342809+00
BTCUSDT_low_vol,37,804.0,lgbm,CANONICAL_POLYMARKET_DIRECTION,manifest_target_source,True,False,post_guard,5107,2026-08-17 20:45:03.767233+00,2026-09-08 18:35:20.768628+00
BTCUSDT_mid_vol,22,477.0,lgbm,LEGACY_BINANCE_DIRECTION,era_code_482a6914_ret1_shift_minus1_plus_guard_hint_0968d065,True,False,pre_guard,505,2026-08-03 12:36:07.558676+00,2026-08-03 14:07:27.421115+00
BTCUSDT_mid_vol,24,518.0,lgbm,LEGACY_BINANCE_DIRECTION,era_code_482a6914_ret1_shift_minus1_plus_guard_hint_0968d065,True,False,transition,16441,2026-08-03 21:03:00.532563+00,2026-08-09 14:30:55.588007+00
BTCUSDT_mid_vol,25,697.0,lgbm,CANONICAL_POLYMARKET_DIRECTION,manifest_target_source,True,False,post_guard,1478,2026-08-12 00:45:12.50463+00,2026-08-13 12:23:17.45644+00
BTCUSDT_mid_vol,29,745.0,lgbm,CANONICAL_POLYMARKET_DIRECTION,manifest_target_source,True,False,post_guard,4330,2026-08-13 13:45:03.881986+00,2026-08-19 02:52:04.430218+00
BTCUSDT_mid_vol,31,805.0,lgbm,CANONICAL_POLYMARKET_DIRECTION,manifest_target_source,True,False,post_guard,2005,2026-08-19 23:30:02.247903+00,2026-09-09 13:20:13.171871+00
DOGEUSDT_high_vol,13,500.0,lgbm,LEGACY_BINANCE_DIRECTION,era_code_482a6914_ret1_shift_minus1_plus_guard_hint_0968d065,True,False,pre_guard,2509,2026-08-03 14:22:45.699981+00,2026-08-05 04:48:30.136175+00
DOGEUSDT_high_vol,14,549.0,lgbm,LEGACY_BINANCE_DIRECTION,era_code_482a6914_ret1_shift_minus1_plus_guard_hint_0968d065,True,False,pre_guard,5337,2026-08-05 11:27:22.836172+00,2026-08-09 10:15:56.689843+00
DOGEUSDT_high_vol,17,722.0,lgbm,CANONICAL_POLYMARKET_DIRECTION,manifest_target_source,True,False,post_guard,461,2026-08-12 06:30:10.991659+00,2026-08-13 17:28:47.994154+00
DOGEUSDT_high_vol,20,785.0,lgbm,CANONICAL_POLYMARKET_DIRECTION,manifest_target_source,True,False,post_guard,1392,2026-08-13 17:30:03.211678+00,2026-08-15 04:58:00.103162+00
DOGEUSDT_low_vol,14,498.0,lgbm,LEGACY_BINANCE_DIRECTION,era_code_482a6914_ret1_shift_minus1_plus_guard_hint_0968d065,True,False,pre_guard,9560,2026-08-03 12:52:50.877903+00,2026-08-06 08:34:26.832492+00
DOGEUSDT_low_vol,15,547.0,lgbm,LEGACY_BINANCE_DIRECTION,era_code_482a6914_ret1_shift_minus1_plus_guard_hint_0968d065,True,False,pre_guard,11105,2026-08-06 11:19:33.882879+00,2026-08-09 13:20:09.940688+00
DOGEUSDT_low_vol,17,717.0,lgbm,CANONICAL_POLYMARKET_DIRECTION,manifest_target_source,True,False,post_guard,45,2026-08-12 00:30:16.105621+00,2026-08-12 00:43:07.981622+00
DOGEUSDT_low_vol,18,720.0,lgbm,CANONICAL_POLYMARKET_DIRECTION,manifest_target_source,True,False,post_guard,5575,2026-08-12 00:45:10.557445+00,2026-08-19 04:28:50.496125+00
DOGEUSDT_low_vol,25,816.0,lgbm,CANONICAL_POLYMARKET_DIRECTION,manifest_target_source,True,False,post_guard,26254,2026-08-19 05:15:09.806307+00,2026-09-13 05:28:50.522893+00
DOGEUSDT_mid_vol,13,489.0,lgbm,LEGACY_BINANCE_DIRECTION,era_code_482a6914_ret1_shift_minus1_plus_guard_hint_0968d065,True,False,pre_guard,175,2026-08-03 08:37:49.119996+00,2026-08-03 10:02:09.953969+00
DOGEUSDT_mid_vol,14,499.0,lgbm,LEGACY_BINANCE_DIRECTION,era_code_482a6914_ret1_shift_minus1_plus_guard_hint_0968d065,True,False,pre_guard,9286,2026-08-03 12:37:54.595014+00,2026-08-06 09:15:38.612328+00
DOGEUSDT_mid_vol,15,548.0,lgbm,LEGACY_BINANCE_DIRECTION,era_code_482a6914_ret1_shift_minus1_plus_guard_hint_0968d065,True,False,transition,12724,2026-08-06 10:49:30.674114+00,2026-08-09 15:21:11.629077+00
DOGEUSDT_mid_vol,18,721.0,lgbm,CANONICAL_POLYMARKET_DIRECTION,manifest_target_source,True,False,post_guard,2465,2026-08-12 03:30:11.211006+00,2026-08-19 03:58:47.601526+00
DOGEUSDT_mid_vol,25,817.0,lgbm,CANONICAL_POLYMARKET_DIRECTION,manifest_target_source,True,False,post_guard,13299,2026-08-19 06:15:07.858522+00,2026-09-13 02:43:50.627125+00
ETHUSDT_high_vol,21,481.0,lgbm,LEGACY_BINANCE_DIRECTION,era_code_482a6914_ret1_shift_minus1_plus_guard_hint_0968d065,True,False,pre_guard,2952,2026-08-03 08:52:50.980715+00,2026-08-06 06:49:25.238162+00
ETHUSDT_high_vol,25,561.0,lgbm,LEGACY_BINANCE_DIRECTION,era_code_482a6914_ret1_shift_minus1_plus_guard_hint_0968d065,True,False,transition,2502,2026-08-06 09:19:31.466757+00,2026-08-09 15:00:26.249302+00
ETHUSDT_high_vol,26,707.0,lgbm,CANONICAL_POLYMARKET_DIRECTION,manifest_target_source,True,False,post_guard,1697,2026-08-12 02:15:10.990476+00,2026-08-19 02:11:33.734098+00
ETHUSDT_high_vol,28,713.0,lgbm,CANONICAL_POLYMARKET_DIRECTION,manifest_target_source,True,False,post_guard,51,2026-08-20 09:15:00.981076+00,2026-08-21 23:37:01.280612+00
ETHUSDT_high_vol,32,809.0,lgbm,CANONICAL_POLYMARKET_DIRECTION,manifest_target_source,True,False,post_guard,259,2026-08-19 08:00:03.928248+00,2026-08-19 15:42:48.132254+00
ETHUSDT_high_vol,33,1024.0,lgbm,CANONICAL_POLYMARKET_DIRECTION,manifest_target_source,True,False,post_guard,3103,2026-08-25 01:45:02.102944+00,2026-09-12 15:21:10.966433+00
ETHUSDT_low_vol,23,508.0,lgbm,LEGACY_BINANCE_DIRECTION,era_code_482a6914_ret1_shift_minus1_plus_guard_hint_0968d065,True,False,pre_guard,4994,2026-08-03 12:35:50.319066+00,2026-08-05 11:12:18.66397+00
ETHUSDT_low_vol,24,523.0,lgbm,LEGACY_BINANCE_DIRECTION,era_code_482a6914_ret1_shift_minus1_plus_guard_hint_0968d065,True,False,pre_guard,249,2026-08-09 11:37:56.154648+00,2026-08-09 13:42:39.973737+00
ETHUSDT_low_vol,25,550.0,lgbm,LEGACY_BINANCE_DIRECTION,era_code_482a6914_ret1_shift_minus1_plus_guard_hint_0968d065,True,False,pre_guard,3181,2026-08-05 16:05:08.133083+00,2026-08-06 04:32:38.738061+00
ETHUSDT_low_vol,26,,,,,False,True,pre_guard,4687,2026-08-06 07:04:33.299104+00,2026-08-08 16:41:51.31638+00
ETHUSDT_low_vol,27,705.0,lgbm,CANONICAL_POLYMARKET_DIRECTION,manifest_target_source,True,False,post_guard,4633,2026-08-12 00:30:18.589459+00,2026-08-15 07:44:00.533977+00
ETHUSDT_mid_vol,18,524.0,lgbm,LEGACY_BINANCE_DIRECTION,era_code_482a6914_ret1_shift_minus1_plus_guard_hint_0968d065,True,False,pre_guard,6498,2026-08-03 21:32:54.861559+00,2026-08-06 07:04:07.779507+00
ETHUSDT_mid_vol,19,551.0,lgbm,LEGACY_BINANCE_DIRECTION,era_code_482a6914_ret1_shift_minus1_plus_guard_hint_0968d065,True,False,transition,190,2026-08-09 11:21:40.981072+00,2026-08-09 15:27:54.976541+00
ETHUSDT_mid_vol,20,560.0,lgbm,LEGACY_BINANCE_DIRECTION,era_code_482a6914_ret1_shift_minus1_plus_guard_hint_0968d065,True,False,pre_guard,4449,2026-08-06 07:04:11.798473+00,2026-08-08 16:20:04.513806+00
ETHUSDT_mid_vol,21,706.0,lgbm,CANONICAL_POLYMARKET_DIRECTION,manifest_target_source,True,False,post_guard,3550,2026-08-12 00:00:15.627797+00,2026-08-19 04:58:54.55037+00
SOLUSDT_high_vol,16,522.0,lgbm,LEGACY_BINANCE_DIRECTION,era_code_482a6914_ret1_shift_minus1_plus_guard_hint_0968d065,True,False,pre_guard,4016,2026-08-04 00:48:02.27622+00,2026-08-09 10:37:25.182613+00
SOLUSDT_high_vol,18,614.0,lgbm,CANONICAL_POLYMARKET_DIRECTION,manifest_target_source,True,False,transition,3099,2026-08-09 17:00:06.258364+00,2026-08-11 22:28:53.749723+00
SOLUSDT_high_vol,20,737.0,lgbm,CANONICAL_POLYMARKET_DIRECTION,manifest_target_source,True,False,post_guard,4426,2026-08-12 08:15:08.726536+00,2026-08-15 10:13:55.85572+00
SOLUSDT_high_vol,25,812.0,lgbm,CANONICAL_POLYMARKET_DIRECTION,manifest_target_source,True,False,post_guard,8590,2026-08-18 12:45:05.090066+00,2026-09-13 04:05:05.841971+00
SOLUSDT_low_vol,16,505.0,lgbm,LEGACY_BINANCE_DIRECTION,era_code_482a6914_ret1_shift_minus1_plus_guard_hint_0968d065,True,False,pre_guard,2895,2026-08-03 12:15:45.594492+00,2026-08-04 14:00:28.667857+00
SOLUSDT_low_vol,18,538.0,lgbm,LEGACY_BINANCE_DIRECTION,era_code_482a6914_ret1_shift_minus1_plus_guard_hint_0968d065,True,False,pre_guard,6864,2026-08-04 20:30:03.653321+00,2026-08-09 13:29:10.53109+00
SOLUSDT_low_vol,20,732.0,lgbm,CANONICAL_POLYMARKET_DIRECTION,manifest_target_source,True,False,post_guard,104,2026-08-19 04:30:02.662081+00,2026-08-19 04:58:53.990547+00
SOLUSDT_low_vol,21,735.0,lgbm,CANONICAL_POLYMARKET_DIRECTION,manifest_target_source,True,False,post_guard,5709,2026-08-12 03:15:09.674275+00,2026-08-18 23:28:47.561298+00
SOLUSDT_low_vol,26,810.0,lgbm,CANONICAL_POLYMARKET_DIRECTION,manifest_target_source,True,False,post_guard,4351,2026-08-19 10:45:04.882264+00,2026-08-23 20:58:43.38915+00
SOLUSDT_low_vol,27,1019.0,lgbm,CANONICAL_POLYMARKET_DIRECTION,manifest_target_source,True,False,post_guard,10396,2026-08-24 05:00:13.92237+00,2026-09-13 05:50:05.821813+00
SOLUSDT_mid_vol,16,,,,,False,True,transition,9978,2026-08-03 17:18:06.081461+00,2026-08-09 15:21:12.555433+00
SOLUSDT_mid_vol,17,539.0,lgbm,LEGACY_BINANCE_DIRECTION,era_code_482a6914_ret1_shift_minus1_plus_guard_hint_0968d065,True,False,pre_guard,72,2026-08-04 15:45:08.823816+00,2026-08-04 16:24:32.964879+00
SOLUSDT_mid_vol,19,733.0,lgbm,CANONICAL_POLYMARKET_DIRECTION,manifest_target_source,True,False,post_guard,12498,2026-08-19 16:45:02.890144+00,2026-09-13 04:58:50.822282+00
SOLUSDT_mid_vol,20,736.0,lgbm,CANONICAL_POLYMARKET_DIRECTION,manifest_target_source,True,False,post_guard,55,2026-08-12 03:00:10.168139+00,2026-08-12 03:13:38.771628+00
SOLUSDT_mid_vol,21,739.0,lgbm,CANONICAL_POLYMARKET_DIRECTION,manifest_target_source,True,False,post_guard,3917,2026-08-12 04:00:10.060554+00,2026-08-19 04:28:48.022213+00
SOLUSDT_mid_vol,25,811.0,lgbm,CANONICAL_POLYMARKET_DIRECTION,manifest_target_source,True,False,post_guard,272,2026-08-19 08:30:04.601681+00,2026-08-19 14:56:17.511277+00
XRPUSDT_high_vol,14,516.0,lgbm,LEGACY_BINANCE_DIRECTION,era_code_482a6914_ret1_shift_minus1_plus_guard_hint_0968d065,True,False,pre_guard,2990,2026-08-03 12:52:47.585952+00,2026-08-05 23:02:30.108675+00
XRPUSDT_high_vol,15,555.0,lgbm,LEGACY_BINANCE_DIRECTION,era_code_482a6914_ret1_shift_minus1_plus_guard_hint_0968d065,True,False,pre_guard,862,2026-08-06 02:47:41.036387+00,2026-08-06 04:16:03.647276+00
XRPUSDT_high_vol,16,564.0,lgbm,LEGACY_BINANCE_DIRECTION,era_code_482a6914_ret1_shift_minus1_plus_guard_hint_0968d065,True,False,transition,4288,2026-08-06 08:49:34.791684+00,2026-08-09 15:22:10.002138+00
XRPUSDT_high_vol,17,725.0,lgbm,CANONICAL_POLYMARKET_DIRECTION,manifest_target_source,True,False,post_guard,699,2026-08-12 06:30:08.803973+00,2026-08-13 16:28:55.205696+00
XRPUSDT_high_vol,23,788.0,lgbm,CANONICAL_POLYMARKET_DIRECTION,manifest_target_source,True,False,post_guard,1123,2026-08-17 16:30:04.420259+00,2026-08-19 02:13:47.566445+00
XRPUSDT_high_vol,25,794.0,lgbm,CANONICAL_POLYMARKET_DIRECTION,manifest_target_source,True,False,post_guard,1533,2026-08-19 06:45:04.247487+00,2026-08-20 10:58:45.539616+00
XRPUSDT_high_vol,26,815.0,lgbm,CANONICAL_POLYMARKET_DIRECTION,manifest_target_source,True,False,post_guard,7844,2026-08-20 16:00:07.26213+00,2026-09-13 04:13:20.635058+00
XRPUSDT_low_vol,14,511.0,lgbm,LEGACY_BINANCE_DIRECTION,era_code_482a6914_ret1_shift_minus1_plus_guard_hint_0968d065,True,False,pre_guard,5069,2026-08-03 10:02:27.686161+00,2026-08-06 00:14:06.529602+00
XRPUSDT_low_vol,16,553.0,lgbm,LEGACY_BINANCE_DIRECTION,era_code_482a6914_ret1_shift_minus1_plus_guard_hint_0968d065,True,False,transition,5822,2026-08-06 00:14:24.248335+00,2026-08-09 14:35:10.003957+00
XRPUSDT_low_vol,17,562.0,lgbm,LEGACY_BINANCE_DIRECTION,era_code_482a6914_ret1_shift_minus1_plus_guard_hint_0968d065,True,False,pre_guard,3192,2026-08-06 07:15:05.342478+00,2026-08-06 23:34:28.388808+00
XRPUSDT_low_vol,18,723.0,lgbm,CANONICAL_POLYMARKET_DIRECTION,manifest_target_source,True,False,post_guard,9396,2026-08-12 01:00:10.169252+00,2026-08-23 18:28:58.511722+00
XRPUSDT_mid_vol,14,512.0,lgbm,LEGACY_BINANCE_DIRECTION,era_code_482a6914_ret1_shift_minus1_plus_guard_hint_0968d065,True,False,pre_guard,5301,2026-08-03 10:32:16.731005+00,2026-08-05 22:32:37.185677+00
XRPUSDT_mid_vol,16,554.0,lgbm,LEGACY_BINANCE_DIRECTION,era_code_482a6914_ret1_shift_minus1_plus_guard_hint_0968d065,True,False,pre_guard,906,2026-08-06 01:47:39.144469+00,2026-08-06 06:04:32.722012+00
XRPUSDT_mid_vol,17,563.0,lgbm,LEGACY_BINANCE_DIRECTION,era_code_482a6914_ret1_shift_minus1_plus_guard_hint_0968d065,True,False,transition,6837,2026-08-06 10:19:35.941634+00,2026-08-09 15:05:09.980844+00
XRPUSDT_mid_vol,18,724.0,lgbm,CANONICAL_POLYMARKET_DIRECTION,manifest_target_source,True,False,post_guard,29163,2026-08-12 00:45:14.044132+00,2026-09-13 06:01:50.946165+00
XRPUSDT_mid_vol,26,793.0,lgbm,CANONICAL_POLYMARKET_DIRECTION,manifest_target_source,True,False,post_guard,112,2026-08-19 12:15:02.227284+00,2026-08-19 12:58:48.20961+00
