entry_policy,asset,entry_rule,price_bin,n_c0,gross_c0,n_ct,gross_ct,prevented_losses,missed_wins,net_diff
FUNNEL,BTC,FUNNEL_OBSERVED,"[0.15,0.20)",1,-1.0,0,0,1.0,0,1.0
FUNNEL,BTC,FUNNEL_OBSERVED,"[0.20,0.25)",1,3.3478,0,0,0,3.3478,-3.3478
FUNNEL,BTC,FUNNEL_OBSERVED,"[0.25,0.30)",6,-2.5517,1,-1.0,4.0,2.4483,1.5517
FUNNEL,BTC,FUNNEL_OBSERVED,"[0.30,0.35)",27,7.2162,3,0.0303,14.0,21.1859,-7.1859
FUNNEL,BTC,FUNNEL_OBSERVED,"[0.35,0.40)",73,15.7027,7,3.4588,37.0,49.2438,-12.2438
FUNNEL,BTC,FUNNEL_OBSERVED,"[0.40,0.50)",697,-9.7625,58,14.2482,357.0,332.9893,24.0107
FUNNEL,BTC,FUNNEL_OBSERVED,"[0.50,0.60)",161,1.0,19,9.0,75.0,67.0,8.0
FUNNEL,DOGE,FUNNEL_OBSERVED,"[0.01,0.05)",1,-1.0,1,-1.0,0,0,0.0
FUNNEL,DOGE,FUNNEL_OBSERVED,"[0.10,0.15)",1,-1.0,0,0,1.0,0,1.0
FUNNEL,DOGE,FUNNEL_OBSERVED,"[0.20,0.25)",6,-1.8333,0,0,5.0,3.1667,1.8333
FUNNEL,DOGE,FUNNEL_OBSERVED,"[0.25,0.30)",11,6.62,0,0,6.0,12.62,-6.62
FUNNEL,DOGE,FUNNEL_OBSERVED,"[0.30,0.35)",39,13.2548,7,4.943,19.0,27.3119,-8.3119
FUNNEL,DOGE,FUNNEL_OBSERVED,"[0.35,0.40)",83,6.1677,10,3.2522,44.0,46.9156,-2.9156
FUNNEL,DOGE,FUNNEL_OBSERVED,"[0.40,0.50)",615,-27.1252,83,-7.5486,296.0,276.4234,19.5766
FUNNEL,DOGE,FUNNEL_OBSERVED,"[0.50,0.60)",108,-14.0,17,-3.0,51.0,40.0,11.0
FUNNEL,ETH,FUNNEL_OBSERVED,"[0.15,0.20)",2,-2.0,0,0,2.0,0,2.0
FUNNEL,ETH,FUNNEL_OBSERVED,"[0.20,0.25)",5,-5.0,1,-1.0,4.0,0,4.0
FUNNEL,ETH,FUNNEL_OBSERVED,"[0.25,0.30)",5,-1.0,0,0,4.0,3.0,1.0
FUNNEL,ETH,FUNNEL_OBSERVED,"[0.30,0.35)",27,-5.5696,2,-2.0,18.0,14.4304,3.5696
FUNNEL,ETH,FUNNEL_OBSERVED,"[0.35,0.40)",78,-5.3475,7,-1.3651,46.0,42.0176,3.9824
FUNNEL,ETH,FUNNEL_OBSERVED,"[0.40,0.50)",707,23.5756,51,3.9475,346.0,365.6281,-19.6281
FUNNEL,ETH,FUNNEL_OBSERVED,"[0.50,0.60)",144,0.0,18,2.0,64.0,62.0,2.0
FUNNEL,SOL,FUNNEL_OBSERVED,"[0.01,0.05)",3,-3.0,0,0,3.0,0,3.0
FUNNEL,SOL,FUNNEL_OBSERVED,"[0.05,0.10)",1,-1.0,0,0,1.0,0,1.0
FUNNEL,SOL,FUNNEL_OBSERVED,"[0.10,0.15)",1,-1.0,0,0,1.0,0,1.0
FUNNEL,SOL,FUNNEL_OBSERVED,"[0.20,0.25)",6,-6.0,1,-1.0,5.0,0,5.0
FUNNEL,SOL,FUNNEL_OBSERVED,"[0.25,0.30)",5,1.8966,2,1.4483,2.0,2.4483,-0.4483
FUNNEL,SOL,FUNNEL_OBSERVED,"[0.30,0.35)",45,-7.2176,7,-3.9697,27.0,23.7521,3.2479
FUNNEL,SOL,FUNNEL_OBSERVED,"[0.35,0.40)",110,13.5526,14,1.943,56.0,67.6096,-11.6096
FUNNEL,SOL,FUNNEL_OBSERVED,"[0.40,0.50)",595,-17.7773,81,-11.7794,281.0,275.0021,5.9979
FUNNEL,SOL,FUNNEL_OBSERVED,"[0.50,0.60)",155,-3.0,36,-8.0,57.0,62.0,-5.0
FUNNEL,XRP,FUNNEL_OBSERVED,"[0.05,0.10)",1,-1.0,0,0,1.0,0,1.0
FUNNEL,XRP,FUNNEL_OBSERVED,"[0.15,0.20)",1,-1.0,0,0,1.0,0,1.0
FUNNEL,XRP,FUNNEL_OBSERVED,"[0.20,0.25)",3,1.3478,0,0,2.0,3.3478,-1.3478
FUNNEL,XRP,FUNNEL_OBSERVED,"[0.25,0.30)",13,-2.4089,1,-1.0,9.0,7.5911,1.4089
FUNNEL,XRP,FUNNEL_OBSERVED,"[0.30,0.35)",19,12.1102,2,1.2258,8.0,18.8844,-10.8844
FUNNEL,XRP,FUNNEL_OBSERVED,"[0.35,0.40)",60,-14.8692,12,-1.5375,35.0,21.6683,13.3317
FUNNEL,XRP,FUNNEL_OBSERVED,"[0.40,0.50)",527,-47.6654,94,-20.0439,248.0,220.3785,27.6215
FUNNEL,XRP,FUNNEL_OBSERVED,"[0.50,0.60)",103,-5.0,28,-2.0,39.0,36.0,3.0
GRID,BTC,T-12,"[0.05,0.10)",7,-7.0,0,0,7.0,0,7.0
GRID,BTC,T-12,"[0.10,0.15)",31,-2.8182,0,0,28.0,25.1818,2.8182
GRID,BTC,T-12,"[0.15,0.20)",62,7.9789,0,0,50.0,57.9789,-7.9789
GRID,BTC,T-12,"[0.20,0.25)",97,-6.3648,1,3.7619,77.0,66.8733,10.1267
GRID,BTC,T-12,"[0.25,0.30)",115,-16.1821,3,0.4483,86.0,69.3697,16.6303
GRID,BTC,T-12,"[0.30,0.35)",135,-12.3275,18,0.1874,83.0,70.4851,12.5149
GRID,BTC,T-12,"[0.35,0.40)",162,-2.9795,41,10.0782,81.0,67.9422,13.0578
GRID,BTC,T-12,"[0.40,0.50)",284,-25.1657,130,-7.3336,93.0,75.1679,17.8321
GRID,BTC,T-12,"[0.50,0.60)",57,0.0838,16,4.0,22.0,18.0838,3.9162
GRID,BTC,T-12,"[0.90,0.99]",4,-1.8947,0,0,2.0,0.1053,1.8947
GRID,BTC,T-5,BELOW_0.01,19,-19.0,0,0,19.0,0,19.0
GRID,BTC,T-5,"[0.01,0.05)",120,-70.0,5,20.0,114.0,24.0,90.0
GRID,BTC,T-5,"[0.05,0.10)",139,-35.6667,10,6.6667,123.0,80.6667,42.3333
GRID,BTC,T-5,"[0.10,0.15)",92,17.7869,19,-11.8571,61.0,90.644,-29.644
GRID,BTC,T-5,"[0.15,0.20)",75,0.4446,17,22.3253,52.0,30.1193,21.8807
GRID,BTC,T-5,"[0.20,0.25)",54,17.2949,21,1.2101,22.0,38.0848,-16.0848
GRID,BTC,T-5,"[0.25,0.30)",55,-14.5756,24,-5.9913,25.0,16.4157,8.5843
GRID,BTC,T-5,"[0.30,0.35)",51,-7.6266,23,-1.0699,21.0,14.4433,6.5567
GRID,BTC,T-5,"[0.35,0.40)",48,11.1943,23,0.9921,12.0,22.2021,-10.2021
GRID,BTC,T-5,"[0.40,0.50)",79,4.985,53,-0.6973,12.0,17.6823,-5.6823
GRID,BTC,T-5,"[0.50,0.60)",15,-3.1524,5,1.0,7.0,2.8476,4.1524
GRID,BTC,T-5,"[0.90,0.99]",1,-1.0,1,-1.0,0,0,0.0
GRID,BTC,T-8,BELOW_0.01,1,-1.0,0,0,1.0,0,1.0
GRID,BTC,T-8,"[0.01,0.05)",24,-24.0,0,0,24.0,0,24.0
GRID,BTC,T-8,"[0.05,0.10)",76,-29.2143,1,-1.0,72.0,43.7857,28.2143
GRID,BTC,T-8,"[0.10,0.15)",76,-35.0476,3,4.1429,69.0,29.8095,39.1905
GRID,BTC,T-8,"[0.15,0.20)",89,-6.8135,5,6.1111,72.0,59.0754,12.9246
GRID,BTC,T-8,"[0.20,0.25)",85,-17.9847,20,-2.7381,54.0,38.7534,15.2466
GRID,BTC,T-8,"[0.25,0.30)",76,-16.9662,27,-12.1443,37.0,32.1781,4.8219
GRID,BTC,T-8,"[0.30,0.35)",68,15.5489,31,6.6872,22.0,30.8617,-8.8617
GRID,BTC,T-8,"[0.35,0.40)",73,-13.0221,33,-5.6562,28.0,20.6341,7.3659
GRID,BTC,T-8,"[0.40,0.50)",140,12.3413,72,-1.331,32.0,45.6723,-13.6723
GRID,BTC,T-8,"[0.50,0.60)",18,-10.0392,4,-2.0,11.0,2.9608,8.0392
GRID,BTC,T-8,"[0.90,0.99]",1,-1.0,1,-1.0,0,0,0.0
GRID,DOGE,T-12,"[0.05,0.10)",12,-12.0,0,0,12.0,0,12.0
GRID,DOGE,T-12,"[0.10,0.15)",39,25.6953,1,-1.0,30.0,56.6953,-26.6953
GRID,DOGE,T-12,"[0.15,0.20)",68,2.2713,1,5.6667,56.0,52.6047,3.3953
GRID,DOGE,T-12,"[0.20,0.25)",105,4.5473,2,-2.0,79.0,85.5473,-6.5473
GRID,DOGE,T-12,"[0.25,0.30)",119,-1.6357,6,-2.4286,82.0,82.7929,-0.7929
GRID,DOGE,T-12,"[0.30,0.35)",105,-33.1741,15,-2.8615,71.0,40.6874,30.3126
GRID,DOGE,T-12,"[0.35,0.40)",122,-0.8141,36,-4.3201,53.0,56.5061,-3.5061
GRID,DOGE,T-12,"[0.40,0.50)",245,-29.3,123,-8.4044,77.0,56.1045,20.8955
GRID,DOGE,T-12,"[0.50,0.60)",121,-3.6193,36,-4.5822,40.0,40.9629,-0.9629
GRID,DOGE,T-12,"[0.60,0.70)",1,-1.0,1,-1.0,0,0,0.0
GRID,DOGE,T-12,"[0.90,0.99]",15,-4.8062,0,0,5.0,0.1938,4.8062
GRID,DOGE,T-5,"[0.01,0.05)",117,-42.0,10,40.0,106.0,24.0,82.0
GRID,DOGE,T-5,"[0.05,0.10)",136,-42.4286,13,19.5,119.0,57.0714,61.9286
GRID,DOGE,T-5,"[0.10,0.15)",90,-36.0606,15,-6.6667,70.0,40.6061,29.3939
GRID,DOGE,T-5,"[0.15,0.20)",63,-17.3903,22,-10.1944,35.0,27.8042,7.1958
GRID,DOGE,T-5,"[0.20,0.25)",50,-13.6989,23,-0.5922,24.0,10.8933,13.1067
GRID,DOGE,T-5,"[0.25,0.30)",49,-23.1246,19,-15.0,24.0,15.8754,8.1246
GRID,DOGE,T-5,"[0.30,0.35)",36,-4.5049,20,-0.8272,12.0,8.3223,3.6777
GRID,DOGE,T-5,"[0.35,0.40)",52,4.7843,31,4.1194,13.0,13.6649,-0.6649
GRID,DOGE,T-5,"[0.40,0.50)",80,4.537,32,4.2791,27.0,27.2579,-0.2579
GRID,DOGE,T-5,"[0.50,0.60)",25,-1.8668,12,-6.1916,4.0,8.3249,-4.3249
GRID,DOGE,T-5,"[0.60,0.70)",1,-1.0,1,-1.0,0,0,0.0
GRID,DOGE,T-5,"[0.90,0.99]",3,-1.9899,0,0,2.0,0.0101,1.9899
GRID,DOGE,T-8,"[0.01,0.05)",26,74.0,1,-1.0,22.0,97.0,-75.0
GRID,DOGE,T-8,"[0.05,0.10)",82,-82.0,3,-3.0,79.0,0,79.0
GRID,DOGE,T-8,"[0.10,0.15)",85,-1.8798,5,5.0,71.0,64.1202,6.8798
GRID,DOGE,T-8,"[0.15,0.20)",75,-35.0211,12,5.3955,59.0,18.5834,40.4166
GRID,DOGE,T-8,"[0.20,0.25)",80,-2.284,20,12.508,50.0,35.208,14.792
GRID,DOGE,T-8,"[0.25,0.30)",72,-20.516,28,-17.0019,33.0,29.4858,3.5142
GRID,DOGE,T-8,"[0.30,0.35)",61,-2.0902,25,-0.7348,25.0,23.6446,1.3554
GRID,DOGE,T-8,"[0.35,0.40)",47,9.9268,23,4.5928,13.0,18.334,-5.334
GRID,DOGE,T-8,"[0.40,0.50)",134,8.9444,67,2.1142,34.0,40.8302,-6.8302
GRID,DOGE,T-8,"[0.50,0.60)",33,-7.9253,16,-2.5882,11.0,5.6628,5.3372
GRID,DOGE,T-8,"[0.60,0.70)",1,-1.0,1,-1.0,0,0,0.0
GRID,DOGE,T-8,"[0.90,0.99]",3,-1.9899,0,0,2.0,0.0101,1.9899
GRID,ETH,T-12,"[0.01,0.05)",3,-3.0,0,0,3.0,0,3.0
GRID,ETH,T-12,"[0.05,0.10)",21,5.7857,0,0,19.0,24.7857,-5.7857
GRID,ETH,T-12,"[0.10,0.15)",43,-11.29,0,0,39.0,27.71,11.29
GRID,ETH,T-12,"[0.15,0.20)",64,-5.5424,0,0,54.0,48.4576,5.5424
GRID,ETH,T-12,"[0.20,0.25)",74,-5.9132,0,0,59.0,53.0868,5.9132
GRID,ETH,T-12,"[0.25,0.30)",98,-20.3121,3,0.4483,75.0,54.2397,20.7603
GRID,ETH,T-12,"[0.30,0.35)",136,-15.7333,16,2.2046,87.0,69.062,17.938
GRID,ETH,T-12,"[0.35,0.40)",141,-16.8825,44,-1.0053,67.0,51.1228,15.8772
GRID,ETH,T-12,"[0.40,0.50)",276,-6.115,123,-16.2431,80.0,90.1281,-10.1281
GRID,ETH,T-12,"[0.50,0.60)",68,-3.5217,21,-1.0784,24.0,21.5567,2.4433
GRID,ETH,T-12,"[0.90,0.99]",6,-2.8743,2,-2.0,1.0,0.1257,0.8743
GRID,ETH,T-5,BELOW_0.01,9,-9.0,0,0,9.0,0,9.0
GRID,ETH,T-5,"[0.01,0.05)",152,-102.0,6,-6.0,145.0,49.0,96.0
GRID,ETH,T-5,"[0.05,0.10)",127,-8.9841,12,-12.0,107.0,110.0159,-3.0159
GRID,ETH,T-5,"[0.10,0.15)",76,-1.4812,19,-9.9091,49.0,57.4279,-8.4279
GRID,ETH,T-5,"[0.15,0.20)",73,-31.2843,23,-10.8676,45.0,24.5833,20.4167
GRID,ETH,T-5,"[0.20,0.25)",51,19.9439,20,4.2857,21.0,36.6582,-15.6582
GRID,ETH,T-5,"[0.25,0.30)",52,-18.299,29,-17.7363,17.0,16.4373,0.5627
GRID,ETH,T-5,"[0.30,0.35)",40,12.559,21,3.6758,10.0,18.8832,-8.8832
GRID,ETH,T-5,"[0.35,0.40)",30,0.07,14,8.0254,13.0,5.0446,7.9554
GRID,ETH,T-5,"[0.40,0.50)",69,2.9542,35,3.2826,19.0,18.6716,0.3284
GRID,ETH,T-5,"[0.50,0.60)",15,2.6922,2,-0.0392,5.0,7.7314,-2.7314
GRID,ETH,T-5,"[0.90,0.99]",1,-1.0,0,0,1.0,0,1.0
GRID,ETH,T-8,"[0.01,0.05)",50,-50.0,0,0,50.0,0,50.0
GRID,ETH,T-8,"[0.05,0.10)",68,-51.3333,0,0,67.0,15.6667,51.3333
GRID,ETH,T-8,"[0.10,0.15)",60,-21.3553,3,-3.0,52.0,33.6447,18.3553
GRID,ETH,T-8,"[0.15,0.20)",88,-23.7938,10,1.1455,69.0,44.0607,24.9393
GRID,ETH,T-8,"[0.20,0.25)",74,-10.9132,20,-6.3448,43.0,38.4316,4.5684
GRID,ETH,T-8,"[0.25,0.30)",74,15.735,26,-3.7574,30.0,49.4924,-19.4924
GRID,ETH,T-8,"[0.30,0.35)",60,-6.0818,27,-5.0064,23.0,21.9246,1.0754
GRID,ETH,T-8,"[0.35,0.40)",62,-16.5567,33,-9.1465,21.0,13.5898,7.4102
GRID,ETH,T-8,"[0.40,0.50)",123,2.7471,59,-7.385,31.0,41.1321,-10.1321
GRID,ETH,T-8,"[0.50,0.60)",26,1.9231,11,1.0,7.0,7.9231,-0.9231
GRID,ETH,T-8,"[0.90,0.99]",1,-1.0,0,0,1.0,0,1.0
GRID,SOL,T-12,"[0.01,0.05)",1,-1.0,0,0,1.0,0,1.0
GRID,SOL,T-12,"[0.05,0.10)",14,-14.0,0,0,14.0,0,14.0
GRID,SOL,T-12,"[0.10,0.15)",36,-21.1648,0,0,34.0,12.8352,21.1648
GRID,SOL,T-12,"[0.15,0.20)",72,2.7012,0,0,59.0,61.7012,-2.7012
GRID,SOL,T-12,"[0.20,0.25)",92,-7.3576,2,-2.0,71.0,65.6424,5.3576
GRID,SOL,T-12,"[0.25,0.30)",111,-4.228,2,-2.0,80.0,77.772,2.228
GRID,SOL,T-12,"[0.30,0.35)",122,-7.1472,14,-1.7841,75.0,69.6369,5.3631
GRID,SOL,T-12,"[0.35,0.40)",126,-6.6694,30,5.258,65.0,53.0725,11.9275
GRID,SOL,T-12,"[0.40,0.50)",274,-39.5512,135,-18.2994,87.0,65.7482,21.2518
GRID,SOL,T-12,"[0.50,0.60)",99,1.2749,39,4.2277,30.0,27.0473,2.9527
GRID,SOL,T-12,"[0.90,0.99]",15,-6.7092,1,0.0204,7.0,0.2704,6.7296
GRID,SOL,T-5,BELOW_0.01,5,-5.0,0,0,5.0,0,5.0
GRID,SOL,T-5,"[0.01,0.05)",158,50.3333,9,116.0,147.0,81.3333,65.6667
GRID,SOL,T-5,"[0.05,0.10)",122,-70.8889,11,-11.0,108.0,48.1111,59.8889
GRID,SOL,T-5,"[0.10,0.15)",80,-20.6565,18,-1.7662,57.0,38.1098,18.8902
GRID,SOL,T-5,"[0.15,0.20)",67,-15.5423,20,-2.9313,41.0,28.389,12.611
GRID,SOL,T-5,"[0.20,0.25)",57,-12.3656,19,-6.1377,31.0,24.7721,6.2279
GRID,SOL,T-5,"[0.25,0.30)",56,3.6894,23,-4.4089,22.0,30.0983,-8.0983
GRID,SOL,T-5,"[0.30,0.35)",38,-3.6897,17,-1.2681,15.0,12.5784,2.4216
GRID,SOL,T-5,"[0.35,0.40)",42,11.987,20,14.8975,15.0,12.0895,2.9105
GRID,SOL,T-5,"[0.40,0.50)",80,6.9308,31,13.5521,30.0,23.3787,6.6213
GRID,SOL,T-5,"[0.50,0.60)",25,-1.347,6,-0.0784,10.0,8.7314,1.2686
GRID,SOL,T-5,"[0.60,0.70)",1,-1.0,0,0,1.0,0,1.0
GRID,SOL,T-5,"[0.90,0.99]",2,-0.9796,0,0,1.0,0.0204,0.9796
GRID,SOL,T-8,"[0.01,0.05)",34,41.0,0,0,32.0,73.0,-41.0
GRID,SOL,T-8,"[0.05,0.10)",80,18.1746,3,-3.0,70.0,91.1746,-21.1746
GRID,SOL,T-8,"[0.10,0.15)",96,-59.9744,2,-2.0,90.0,32.0256,57.9744
GRID,SOL,T-8,"[0.15,0.20)",81,-32.3691,14,-14.0,59.0,40.6309,18.3691
GRID,SOL,T-8,"[0.20,0.25)",72,-18.3015,14,-9.2381,47.0,37.9366,9.0634
GRID,SOL,T-8,"[0.25,0.30)",80,3.2381,29,-7.6855,34.0,44.9235,-10.9235
GRID,SOL,T-8,"[0.30,0.35)",74,4.3488,28,16.0441,35.0,23.3047,11.6953
GRID,SOL,T-8,"[0.35,0.40)",72,-4.2147,33,-3.2389,25.0,24.0243,0.9757
GRID,SOL,T-8,"[0.40,0.50)",111,-11.2062,58,-6.2115,32.0,27.0053,4.9947
GRID,SOL,T-8,"[0.50,0.60)",25,-9.1554,10,-2.0392,11.0,3.8839,7.1161
GRID,SOL,T-8,"[0.90,0.99]",2,-0.9796,0,0,1.0,0.0204,0.9796
GRID,XRP,T-12,"[0.01,0.05)",1,-1.0,0,0,1.0,0,1.0
GRID,XRP,T-12,"[0.05,0.10)",17,-17.0,0,0,17.0,0,17.0
GRID,XRP,T-12,"[0.10,0.15)",35,-18.3333,0,0,33.0,14.6667,18.3333
GRID,XRP,T-12,"[0.15,0.20)",85,-20.8836,0,0,74.0,53.1164,20.8836
GRID,XRP,T-12,"[0.20,0.25)",86,20.0305,3,1.5455,61.0,79.485,-18.485
GRID,XRP,T-12,"[0.25,0.30)",110,33.8141,9,1.8966,65.0,96.9175,-31.9175
GRID,XRP,T-12,"[0.30,0.35)",131,-46.0184,16,-3.7785,92.0,49.7601,42.2399
GRID,XRP,T-12,"[0.35,0.40)",118,1.4088,29,14.5752,61.0,47.8335,13.1665
GRID,XRP,T-12,"[0.40,0.50)",285,3.7241,135,10.8966,88.0,80.8275,7.1725
GRID,XRP,T-12,"[0.50,0.60)",87,-27.4355,40,-16.4646,28.0,17.0292,10.9708
GRID,XRP,T-12,"[0.90,0.99]",11,-3.8571,1,-1.0,3.0,0.1429,2.8571
GRID,XRP,T-5,BELOW_0.01,16,-16.0,0,0,16.0,0,16.0
GRID,XRP,T-5,"[0.01,0.05)",163,-88.0,7,-7.0,154.0,73.0,81.0
GRID,XRP,T-5,"[0.05,0.10)",116,-16.9921,6,8.2857,104.0,78.7222,25.2778
GRID,XRP,T-5,"[0.10,0.15)",81,-54.9744,14,-14.0,64.0,23.0256,40.9744
GRID,XRP,T-5,"[0.15,0.20)",57,-40.2237,20,-20.0,34.0,13.7763,20.2237
GRID,XRP,T-5,"[0.20,0.25)",41,-13.8355,18,-18.0,17.0,21.1645,-4.1645
GRID,XRP,T-5,"[0.25,0.30)",43,-0.0962,10,8.141,26.0,17.7628,8.2372
GRID,XRP,T-5,"[0.30,0.35)",44,-16.2304,19,-3.6474,21.0,8.417,12.583
GRID,XRP,T-5,"[0.35,0.40)",38,-0.4193,18,3.7165,14.0,9.8642,4.1358
GRID,XRP,T-5,"[0.40,0.50)",81,-3.0612,42,5.1421,25.0,16.7968,8.2032
GRID,XRP,T-5,"[0.50,0.60)",23,2.4599,7,-1.1161,6.0,9.5761,-3.5761
GRID,XRP,T-5,"[0.90,0.99]",2,-2.0,0,0,2.0,0,2.0
GRID,XRP,T-8,BELOW_0.01,1,-1.0,0,0,1.0,0,1.0
GRID,XRP,T-8,"[0.01,0.05)",38,-4.6667,1,-1.0,36.0,32.3333,3.6667
GRID,XRP,T-8,"[0.05,0.10)",77,-64.5,0,0,76.0,11.5,64.5
GRID,XRP,T-8,"[0.10,0.15)",93,-24.7749,2,5.1429,84.0,54.0823,29.9178
GRID,XRP,T-8,"[0.15,0.20)",88,-35.3413,13,-7.7368,67.0,39.3955,27.6045
GRID,XRP,T-8,"[0.20,0.25)",76,-43.6543,18,-13.8333,52.0,22.179,29.821
GRID,XRP,T-8,"[0.25,0.30)",57,-20.1163,20,-16.4286,28.0,24.3123,3.6877
GRID,XRP,T-8,"[0.30,0.35)",59,2.8443,28,-0.509,20.0,23.3532,-3.3532
GRID,XRP,T-8,"[0.35,0.40)",66,1.1833,33,1.5528,21.0,20.6304,0.3696
GRID,XRP,T-8,"[0.40,0.50)",123,11.0982,63,6.2234,31.0,35.8747,-4.8747
GRID,XRP,T-8,"[0.50,0.60)",21,2.5761,12,1.7285,4.0,4.8476,-0.8476
GRID,XRP,T-8,"[0.60,0.70)",1,0.6393,0,0,0,0.6393,-0.6393
GRID,XRP,T-8,"[0.90,0.99]",2,-2.0,0,0,2.0,0,2.0
