asset_phase,rank,variant,C,class_weight,sample_weight_mode,calibration,auc,ece,total_pnl,n_trades,win_rate,deployable,t1_pnl,t2_pnl,t3_pnl,median_window_pnl,rejection_reasons
BTC,1,BASE,0.1,,uniform,RAW,0.6449,0.0058,0.0,2760,0.4467,False,0.0,0.0,0.0,0.0,COMBINED PnL <= 0 (0.00); Median window PnL <= 0 (0.00)
BTC,2,BASE,0.1,,uniform,PLATT,0.6449,0.0058,0.0,2760,0.4467,False,0.0,0.0,0.0,0.0,COMBINED PnL <= 0 (0.00); Median window PnL <= 0 (0.00)
BTC,3,BASE,0.1,,time_decay,RAW,0.645,0.0114,0.0,2647,0.4326,False,0.0,0.0,0.0,0.0,COMBINED PnL <= 0 (0.00); Median window PnL <= 0 (0.00)
BTC,4,BASE,0.1,,time_decay,PLATT,0.645,0.0114,0.0,2647,0.4326,False,0.0,0.0,0.0,0.0,COMBINED PnL <= 0 (0.00); Median window PnL <= 0 (0.00)
BTC,5,BASE,0.1,balanced,uniform,RAW,0.6453,0.2478,0.0,3998,0.4055,False,0.0,0.0,0.0,0.0,COMBINED PnL <= 0 (0.00); Median window PnL <= 0 (0.00); Excessive ECE (0.2478 > 0.10)
BTC,6,BASE,0.1,balanced,uniform,PLATT,0.6453,0.2478,0.0,3998,0.4055,False,0.0,0.0,0.0,0.0,COMBINED PnL <= 0 (0.00); Median window PnL <= 0 (0.00); Excessive ECE (0.2478 > 0.10)
BTC,7,BASE,0.1,balanced,time_decay,RAW,0.6454,0.3213,0.0,4000,0.4052,False,0.0,0.0,0.0,0.0,COMBINED PnL <= 0 (0.00); Median window PnL <= 0 (0.00); Excessive ECE (0.3213 > 0.10)
BTC,8,BASE,0.1,balanced,time_decay,PLATT,0.6454,0.3213,0.0,4000,0.4052,False,0.0,0.0,0.0,0.0,COMBINED PnL <= 0 (0.00); Median window PnL <= 0 (0.00); Excessive ECE (0.3213 > 0.10)
BTC,9,BASE,1.0,,uniform,RAW,0.6449,0.0059,0.0,2759,0.4465,False,0.0,0.0,0.0,0.0,COMBINED PnL <= 0 (0.00); Median window PnL <= 0 (0.00)
BTC,10,BASE,1.0,,uniform,PLATT,0.6449,0.0059,0.0,2759,0.4465,False,0.0,0.0,0.0,0.0,COMBINED PnL <= 0 (0.00); Median window PnL <= 0 (0.00)
BTC_decided,1,BASE,0.1,,uniform,RAW,0.616,0.0051,0.0,2896,0.7621,False,0.0,0.0,0.0,0.0,COMBINED PnL <= 0 (0.00); Median window PnL <= 0 (0.00)
BTC_decided,2,BASE,0.1,,uniform,PLATT,0.616,0.0051,0.0,2896,0.7621,False,0.0,0.0,0.0,0.0,COMBINED PnL <= 0 (0.00); Median window PnL <= 0 (0.00)
BTC_decided,3,BASE,0.1,,time_decay,RAW,0.6175,0.0079,0.0,2749,0.7377,False,0.0,0.0,0.0,0.0,COMBINED PnL <= 0 (0.00); Median window PnL <= 0 (0.00)
BTC_decided,4,BASE,0.1,,time_decay,PLATT,0.6175,0.0079,0.0,2749,0.7377,False,0.0,0.0,0.0,0.0,COMBINED PnL <= 0 (0.00); Median window PnL <= 0 (0.00)
BTC_decided,5,BASE,0.1,balanced,uniform,RAW,0.6187,0.3831,0.0,3899,0.1862,False,0.0,0.0,0.0,0.0,COMBINED PnL <= 0 (0.00); Median window PnL <= 0 (0.00); Excessive ECE (0.3831 > 0.10)
BTC_decided,6,BASE,0.1,balanced,uniform,PLATT,0.6187,0.3831,0.0,3899,0.1862,False,0.0,0.0,0.0,0.0,COMBINED PnL <= 0 (0.00); Median window PnL <= 0 (0.00); Excessive ECE (0.3831 > 0.10)
BTC_decided,7,BASE,0.1,balanced,time_decay,RAW,0.6203,0.4421,0.0,3899,0.1862,False,0.0,0.0,0.0,0.0,COMBINED PnL <= 0 (0.00); Median window PnL <= 0 (0.00); Excessive ECE (0.4421 > 0.10)
BTC_decided,8,BASE,0.1,balanced,time_decay,PLATT,0.6203,0.4421,0.0,3899,0.1862,False,0.0,0.0,0.0,0.0,COMBINED PnL <= 0 (0.00); Median window PnL <= 0 (0.00); Excessive ECE (0.4421 > 0.10)
BTC_decided,9,BASE,1.0,,uniform,RAW,0.6157,0.0051,0.0,2897,0.7615,False,0.0,0.0,0.0,0.0,COMBINED PnL <= 0 (0.00); Median window PnL <= 0 (0.00)
BTC_decided,10,BASE,1.0,,uniform,PLATT,0.6157,0.0051,0.0,2897,0.7615,False,0.0,0.0,0.0,0.0,COMBINED PnL <= 0 (0.00); Median window PnL <= 0 (0.00)
BTC_leaning,1,BASE,0.1,,uniform,RAW,0.5067,0.0055,0.0,1937,0.4966,False,0.0,0.0,0.0,0.0,COMBINED PnL <= 0 (0.00); Median window PnL <= 0 (0.00)
BTC_leaning,2,BASE,0.1,,uniform,PLATT,0.5067,0.0055,0.0,1937,0.4966,False,0.0,0.0,0.0,0.0,COMBINED PnL <= 0 (0.00); Median window PnL <= 0 (0.00)
BTC_leaning,3,BASE,0.1,,time_decay,RAW,0.5075,0.0054,0.0,1908,0.4916,False,0.0,0.0,0.0,0.0,COMBINED PnL <= 0 (0.00); Median window PnL <= 0 (0.00)
BTC_leaning,4,BASE,0.1,,time_decay,PLATT,0.5075,0.0054,0.0,1908,0.4916,False,0.0,0.0,0.0,0.0,COMBINED PnL <= 0 (0.00); Median window PnL <= 0 (0.00)
BTC_leaning,5,BASE,0.1,balanced,uniform,RAW,0.5084,0.179,0.0,3830,0.3379,False,0.0,0.0,0.0,0.0,COMBINED PnL <= 0 (0.00); Median window PnL <= 0 (0.00); Excessive ECE (0.1790 > 0.10)
BTC_leaning,6,BASE,0.1,balanced,uniform,PLATT,0.5084,0.179,0.0,3830,0.3379,False,0.0,0.0,0.0,0.0,COMBINED PnL <= 0 (0.00); Median window PnL <= 0 (0.00); Excessive ECE (0.1790 > 0.10)
BTC_leaning,7,BASE,0.1,balanced,time_decay,RAW,0.5098,0.1869,0.0,3830,0.3379,False,0.0,0.0,0.0,0.0,COMBINED PnL <= 0 (0.00); Median window PnL <= 0 (0.00); Excessive ECE (0.1869 > 0.10)
BTC_leaning,8,BASE,0.1,balanced,time_decay,PLATT,0.5098,0.1869,0.0,3830,0.3379,False,0.0,0.0,0.0,0.0,COMBINED PnL <= 0 (0.00); Median window PnL <= 0 (0.00); Excessive ECE (0.1869 > 0.10)
BTC_leaning,9,BASE,1.0,,uniform,RAW,0.5065,0.0047,0.0,1933,0.4956,False,0.0,0.0,0.0,0.0,COMBINED PnL <= 0 (0.00); Median window PnL <= 0 (0.00)
BTC_leaning,10,BASE,1.0,,uniform,PLATT,0.5065,0.0047,0.0,1933,0.4956,False,0.0,0.0,0.0,0.0,COMBINED PnL <= 0 (0.00); Median window PnL <= 0 (0.00)
BTC_contested,1,BASE,0.1,,uniform,RAW,0.5021,0.0075,0.0,1215,0.493,False,0.0,0.0,0.0,0.0,COMBINED PnL <= 0 (0.00); Median window PnL <= 0 (0.00)
BTC_contested,2,BASE,0.1,,uniform,PLATT,0.5021,0.0075,0.0,1215,0.493,False,0.0,0.0,0.0,0.0,COMBINED PnL <= 0 (0.00); Median window PnL <= 0 (0.00)
BTC_contested,3,BASE,0.1,,time_decay,RAW,0.4961,0.0076,0.0,1138,0.493,False,0.0,0.0,0.0,0.0,COMBINED PnL <= 0 (0.00); Median window PnL <= 0 (0.00)
BTC_contested,4,BASE,0.1,,time_decay,PLATT,0.4961,0.0076,0.0,1138,0.493,False,0.0,0.0,0.0,0.0,COMBINED PnL <= 0 (0.00); Median window PnL <= 0 (0.00)
BTC_contested,5,BASE,0.1,balanced,uniform,RAW,0.5004,0.0666,0.0,1980,0.4258,False,0.0,0.0,0.0,0.0,COMBINED PnL <= 0 (0.00); Median window PnL <= 0 (0.00)
BTC_contested,6,BASE,0.1,balanced,uniform,PLATT,0.5004,0.0666,0.0,1980,0.4258,False,0.0,0.0,0.0,0.0,COMBINED PnL <= 0 (0.00); Median window PnL <= 0 (0.00)
BTC_contested,7,BASE,0.1,balanced,time_decay,RAW,0.4909,0.0664,0.0,2018,0.4252,False,0.0,0.0,0.0,0.0,COMBINED PnL <= 0 (0.00); Median window PnL <= 0 (0.00)
BTC_contested,8,BASE,0.1,balanced,time_decay,PLATT,0.4909,0.0664,0.0,2018,0.4252,False,0.0,0.0,0.0,0.0,COMBINED PnL <= 0 (0.00); Median window PnL <= 0 (0.00)
BTC_contested,9,BASE,1.0,,uniform,RAW,0.5048,0.0077,0.0,1361,0.4893,False,0.0,0.0,0.0,0.0,COMBINED PnL <= 0 (0.00); Median window PnL <= 0 (0.00)
BTC_contested,10,BASE,1.0,,uniform,PLATT,0.5048,0.0077,0.0,1361,0.4893,False,0.0,0.0,0.0,0.0,COMBINED PnL <= 0 (0.00); Median window PnL <= 0 (0.00)
ETH,1,BASE,0.1,,uniform,RAW,0.646,0.0081,0.0,2842,0.4631,False,0.0,0.0,0.0,0.0,COMBINED PnL <= 0 (0.00); Median window PnL <= 0 (0.00)
ETH,2,BASE,0.1,,uniform,PLATT,0.646,0.0081,0.0,2842,0.4631,False,0.0,0.0,0.0,0.0,COMBINED PnL <= 0 (0.00); Median window PnL <= 0 (0.00)
ETH,3,BASE,0.1,,time_decay,RAW,0.6462,0.0088,0.0,2756,0.4557,False,0.0,0.0,0.0,0.0,COMBINED PnL <= 0 (0.00); Median window PnL <= 0 (0.00)
ETH,4,BASE,0.1,,time_decay,PLATT,0.6462,0.0088,0.0,2756,0.4557,False,0.0,0.0,0.0,0.0,COMBINED PnL <= 0 (0.00); Median window PnL <= 0 (0.00)
ETH,5,BASE,0.1,balanced,uniform,RAW,0.6468,0.2487,0.0,4018,0.3982,False,0.0,0.0,0.0,0.0,COMBINED PnL <= 0 (0.00); Median window PnL <= 0 (0.00); Excessive ECE (0.2487 > 0.10)
ETH,6,BASE,0.1,balanced,uniform,PLATT,0.6468,0.2487,0.0,4018,0.3982,False,0.0,0.0,0.0,0.0,COMBINED PnL <= 0 (0.00); Median window PnL <= 0 (0.00); Excessive ECE (0.2487 > 0.10)
ETH,7,BASE,0.1,balanced,time_decay,RAW,0.6469,0.3204,0.0,4017,0.3981,False,0.0,0.0,0.0,0.0,COMBINED PnL <= 0 (0.00); Median window PnL <= 0 (0.00); Excessive ECE (0.3204 > 0.10)
ETH,8,BASE,0.1,balanced,time_decay,PLATT,0.6469,0.3204,0.0,4017,0.3981,False,0.0,0.0,0.0,0.0,COMBINED PnL <= 0 (0.00); Median window PnL <= 0 (0.00); Excessive ECE (0.3204 > 0.10)
ETH,9,BASE,1.0,,uniform,RAW,0.646,0.0082,0.0,2842,0.4631,False,0.0,0.0,0.0,0.0,COMBINED PnL <= 0 (0.00); Median window PnL <= 0 (0.00)
ETH,10,BASE,1.0,,uniform,PLATT,0.646,0.0082,0.0,2842,0.4631,False,0.0,0.0,0.0,0.0,COMBINED PnL <= 0 (0.00); Median window PnL <= 0 (0.00)
ETH_decided,1,BASE,0.1,,uniform,RAW,0.6175,0.0066,0.0,3073,0.7651,False,0.0,0.0,0.0,0.0,COMBINED PnL <= 0 (0.00); Median window PnL <= 0 (0.00)
ETH_decided,2,BASE,0.1,,uniform,PLATT,0.6175,0.0066,0.0,3073,0.7651,False,0.0,0.0,0.0,0.0,COMBINED PnL <= 0 (0.00); Median window PnL <= 0 (0.00)
ETH_decided,3,BASE,0.1,,time_decay,RAW,0.618,0.0068,0.0,3009,0.7587,False,0.0,0.0,0.0,0.0,COMBINED PnL <= 0 (0.00); Median window PnL <= 0 (0.00)
ETH_decided,4,BASE,0.1,,time_decay,PLATT,0.618,0.0068,0.0,3009,0.7587,False,0.0,0.0,0.0,0.0,COMBINED PnL <= 0 (0.00); Median window PnL <= 0 (0.00)
ETH_decided,5,BASE,0.1,balanced,uniform,RAW,0.6205,0.3847,0.0,3920,0.1875,False,0.0,0.0,0.0,0.0,COMBINED PnL <= 0 (0.00); Median window PnL <= 0 (0.00); Excessive ECE (0.3847 > 0.10)
ETH_decided,6,BASE,0.1,balanced,uniform,PLATT,0.6205,0.3847,0.0,3920,0.1875,False,0.0,0.0,0.0,0.0,COMBINED PnL <= 0 (0.00); Median window PnL <= 0 (0.00); Excessive ECE (0.3847 > 0.10)
ETH_decided,7,BASE,0.1,balanced,time_decay,RAW,0.6208,0.4424,0.0,3920,0.1875,False,0.0,0.0,0.0,0.0,COMBINED PnL <= 0 (0.00); Median window PnL <= 0 (0.00); Excessive ECE (0.4424 > 0.10)
ETH_decided,8,BASE,0.1,balanced,time_decay,PLATT,0.6208,0.4424,0.0,3920,0.1875,False,0.0,0.0,0.0,0.0,COMBINED PnL <= 0 (0.00); Median window PnL <= 0 (0.00); Excessive ECE (0.4424 > 0.10)
ETH_decided,9,BASE,1.0,,uniform,RAW,0.6175,0.0067,0.0,3074,0.7655,False,0.0,0.0,0.0,0.0,COMBINED PnL <= 0 (0.00); Median window PnL <= 0 (0.00)
ETH_decided,10,BASE,1.0,,uniform,PLATT,0.6175,0.0067,0.0,3074,0.7655,False,0.0,0.0,0.0,0.0,COMBINED PnL <= 0 (0.00); Median window PnL <= 0 (0.00)
ETH_leaning,1,BASE,0.1,,uniform,RAW,0.5111,0.0068,0.0,2166,0.5485,False,0.0,0.0,0.0,0.0,COMBINED PnL <= 0 (0.00); Median window PnL <= 0 (0.00)
ETH_leaning,2,BASE,0.1,,uniform,PLATT,0.5111,0.0068,0.0,2166,0.5485,False,0.0,0.0,0.0,0.0,COMBINED PnL <= 0 (0.00); Median window PnL <= 0 (0.00)
ETH_leaning,3,BASE,0.1,,time_decay,RAW,0.5102,0.0069,0.0,2164,0.543,False,0.0,0.0,0.0,0.0,COMBINED PnL <= 0 (0.00); Median window PnL <= 0 (0.00)
ETH_leaning,4,BASE,0.1,,time_decay,PLATT,0.5102,0.0069,0.0,2164,0.543,False,0.0,0.0,0.0,0.0,COMBINED PnL <= 0 (0.00); Median window PnL <= 0 (0.00)
ETH_leaning,5,BASE,0.1,balanced,uniform,RAW,0.5146,0.1841,0.0,3836,0.3389,False,0.0,0.0,0.0,0.0,COMBINED PnL <= 0 (0.00); Median window PnL <= 0 (0.00); Excessive ECE (0.1841 > 0.10)
ETH_leaning,6,BASE,0.1,balanced,uniform,PLATT,0.5146,0.1841,0.0,3836,0.3389,False,0.0,0.0,0.0,0.0,COMBINED PnL <= 0 (0.00); Median window PnL <= 0 (0.00); Excessive ECE (0.1841 > 0.10)
ETH_leaning,7,BASE,0.1,balanced,time_decay,RAW,0.5138,0.1923,0.0,3836,0.3389,False,0.0,0.0,0.0,0.0,COMBINED PnL <= 0 (0.00); Median window PnL <= 0 (0.00); Excessive ECE (0.1923 > 0.10)
ETH_leaning,8,BASE,0.1,balanced,time_decay,PLATT,0.5138,0.1923,0.0,3836,0.3389,False,0.0,0.0,0.0,0.0,COMBINED PnL <= 0 (0.00); Median window PnL <= 0 (0.00); Excessive ECE (0.1923 > 0.10)
ETH_leaning,9,BASE,1.0,,uniform,RAW,0.5115,0.0069,0.0,2180,0.5509,False,0.0,0.0,0.0,0.0,COMBINED PnL <= 0 (0.00); Median window PnL <= 0 (0.00)
ETH_leaning,10,BASE,1.0,,uniform,PLATT,0.5115,0.0069,0.0,2180,0.5509,False,0.0,0.0,0.0,0.0,COMBINED PnL <= 0 (0.00); Median window PnL <= 0 (0.00)
ETH_contested,1,BASE,0.1,,uniform,RAW,0.4964,0.0004,0.0,1085,0.4811,False,0.0,0.0,0.0,0.0,COMBINED PnL <= 0 (0.00); Median window PnL <= 0 (0.00)
ETH_contested,2,BASE,0.1,,uniform,PLATT,0.4964,0.0004,0.0,1085,0.4811,False,0.0,0.0,0.0,0.0,COMBINED PnL <= 0 (0.00); Median window PnL <= 0 (0.00)
ETH_contested,3,BASE,0.1,,time_decay,RAW,0.4991,0.0004,0.0,1155,0.4788,False,0.0,0.0,0.0,0.0,COMBINED PnL <= 0 (0.00); Median window PnL <= 0 (0.00)
ETH_contested,4,BASE,0.1,,time_decay,PLATT,0.4991,0.0004,0.0,1155,0.4788,False,0.0,0.0,0.0,0.0,COMBINED PnL <= 0 (0.00); Median window PnL <= 0 (0.00)
ETH_contested,5,BASE,0.1,balanced,uniform,RAW,0.4988,0.0571,0.0,2042,0.4226,False,0.0,0.0,0.0,0.0,COMBINED PnL <= 0 (0.00); Median window PnL <= 0 (0.00)
ETH_contested,6,BASE,0.1,balanced,uniform,PLATT,0.4988,0.0571,0.0,2042,0.4226,False,0.0,0.0,0.0,0.0,COMBINED PnL <= 0 (0.00); Median window PnL <= 0 (0.00)
ETH_contested,7,BASE,0.1,balanced,time_decay,RAW,0.5,0.0579,0.0,2150,0.426,False,0.0,0.0,0.0,0.0,COMBINED PnL <= 0 (0.00); Median window PnL <= 0 (0.00)
ETH_contested,8,BASE,0.1,balanced,time_decay,PLATT,0.5,0.0579,0.0,2150,0.426,False,0.0,0.0,0.0,0.0,COMBINED PnL <= 0 (0.00); Median window PnL <= 0 (0.00)
ETH_contested,9,BASE,1.0,,uniform,RAW,0.5008,0.0008,0.0,1251,0.482,False,0.0,0.0,0.0,0.0,COMBINED PnL <= 0 (0.00); Median window PnL <= 0 (0.00)
ETH_contested,10,BASE,1.0,,uniform,PLATT,0.5008,0.0008,0.0,1251,0.482,False,0.0,0.0,0.0,0.0,COMBINED PnL <= 0 (0.00); Median window PnL <= 0 (0.00)
SOL,1,BASE,0.1,,uniform,RAW,0.6408,0.0027,0.0,2730,0.47,False,0.0,0.0,0.0,0.0,COMBINED PnL <= 0 (0.00); Median window PnL <= 0 (0.00)
SOL,2,BASE,0.1,,uniform,PLATT,0.6408,0.0027,0.0,2730,0.47,False,0.0,0.0,0.0,0.0,COMBINED PnL <= 0 (0.00); Median window PnL <= 0 (0.00)
SOL,3,BASE,0.1,,time_decay,RAW,0.6416,0.0052,0.0,2655,0.4606,False,0.0,0.0,0.0,0.0,COMBINED PnL <= 0 (0.00); Median window PnL <= 0 (0.00)
SOL,4,BASE,0.1,,time_decay,PLATT,0.6416,0.0052,0.0,2655,0.4606,False,0.0,0.0,0.0,0.0,COMBINED PnL <= 0 (0.00); Median window PnL <= 0 (0.00)
SOL,5,BASE,0.1,balanced,uniform,RAW,0.6418,0.2525,0.0,3962,0.3864,False,0.0,0.0,0.0,0.0,COMBINED PnL <= 0 (0.00); Median window PnL <= 0 (0.00); Excessive ECE (0.2525 > 0.10)
SOL,6,BASE,0.1,balanced,uniform,PLATT,0.6418,0.2525,0.0,3962,0.3864,False,0.0,0.0,0.0,0.0,COMBINED PnL <= 0 (0.00); Median window PnL <= 0 (0.00); Excessive ECE (0.2525 > 0.10)
SOL,7,BASE,0.1,balanced,time_decay,RAW,0.6424,0.3222,0.0,3964,0.3862,False,0.0,0.0,0.0,0.0,COMBINED PnL <= 0 (0.00); Median window PnL <= 0 (0.00); Excessive ECE (0.3222 > 0.10)
SOL,8,BASE,0.1,balanced,time_decay,PLATT,0.6424,0.3222,0.0,3964,0.3862,False,0.0,0.0,0.0,0.0,COMBINED PnL <= 0 (0.00); Median window PnL <= 0 (0.00); Excessive ECE (0.3222 > 0.10)
SOL,9,BASE,1.0,,uniform,RAW,0.6415,0.0032,0.0,2714,0.4676,False,0.0,0.0,0.0,0.0,COMBINED PnL <= 0 (0.00); Median window PnL <= 0 (0.00)
SOL,10,BASE,1.0,,uniform,PLATT,0.6415,0.0032,0.0,2714,0.4676,False,0.0,0.0,0.0,0.0,COMBINED PnL <= 0 (0.00); Median window PnL <= 0 (0.00)
SOL_decided,1,BASE,0.1,,uniform,RAW,0.6255,0.0015,0.0,2835,0.7485,False,0.0,0.0,0.0,0.0,COMBINED PnL <= 0 (0.00); Median window PnL <= 0 (0.00)
SOL_decided,2,BASE,0.1,,uniform,PLATT,0.6255,0.0015,0.0,2835,0.7485,False,0.0,0.0,0.0,0.0,COMBINED PnL <= 0 (0.00); Median window PnL <= 0 (0.00)
SOL_decided,3,BASE,0.1,,time_decay,RAW,0.6268,0.0023,0.0,2716,0.7364,False,0.0,0.0,0.0,0.0,COMBINED PnL <= 0 (0.00); Median window PnL <= 0 (0.00)
SOL_decided,4,BASE,0.1,,time_decay,PLATT,0.6268,0.0023,0.0,2716,0.7364,False,0.0,0.0,0.0,0.0,COMBINED PnL <= 0 (0.00); Median window PnL <= 0 (0.00)
SOL_decided,5,BASE,0.1,balanced,uniform,RAW,0.629,0.3817,0.0,3870,0.1866,False,0.0,0.0,0.0,0.0,COMBINED PnL <= 0 (0.00); Median window PnL <= 0 (0.00); Excessive ECE (0.3817 > 0.10)
SOL_decided,6,BASE,0.1,balanced,uniform,PLATT,0.629,0.3817,0.0,3870,0.1866,False,0.0,0.0,0.0,0.0,COMBINED PnL <= 0 (0.00); Median window PnL <= 0 (0.00); Excessive ECE (0.3817 > 0.10)
SOL_decided,7,BASE,0.1,balanced,time_decay,RAW,0.6306,0.4388,0.0,3871,0.1865,False,0.0,0.0,0.0,0.0,COMBINED PnL <= 0 (0.00); Median window PnL <= 0 (0.00); Excessive ECE (0.4388 > 0.10)
SOL_decided,8,BASE,0.1,balanced,time_decay,PLATT,0.6306,0.4388,0.0,3871,0.1865,False,0.0,0.0,0.0,0.0,COMBINED PnL <= 0 (0.00); Median window PnL <= 0 (0.00); Excessive ECE (0.4388 > 0.10)
SOL_decided,9,BASE,1.0,,uniform,RAW,0.6274,0.0018,0.0,2827,0.7485,False,0.0,0.0,0.0,0.0,COMBINED PnL <= 0 (0.00); Median window PnL <= 0 (0.00)
SOL_decided,10,BASE,1.0,,uniform,PLATT,0.6274,0.0018,0.0,2827,0.7485,False,0.0,0.0,0.0,0.0,COMBINED PnL <= 0 (0.00); Median window PnL <= 0 (0.00)
SOL_leaning,1,BASE,0.1,,uniform,RAW,0.4854,0.0032,0.0,2155,0.5666,False,0.0,0.0,0.0,0.0,COMBINED PnL <= 0 (0.00); Median window PnL <= 0 (0.00)
SOL_leaning,2,BASE,0.1,,uniform,PLATT,0.4854,0.0032,0.0,2155,0.5666,False,0.0,0.0,0.0,0.0,COMBINED PnL <= 0 (0.00); Median window PnL <= 0 (0.00)
SOL_leaning,3,BASE,0.1,,time_decay,RAW,0.493,0.0026,0.0,2123,0.561,False,0.0,0.0,0.0,0.0,COMBINED PnL <= 0 (0.00); Median window PnL <= 0 (0.00)
SOL_leaning,4,BASE,0.1,,time_decay,PLATT,0.493,0.0026,0.0,2123,0.561,False,0.0,0.0,0.0,0.0,COMBINED PnL <= 0 (0.00); Median window PnL <= 0 (0.00)
SOL_leaning,5,BASE,0.1,balanced,uniform,RAW,0.4914,0.188,0.0,3795,0.3352,False,0.0,0.0,0.0,0.0,COMBINED PnL <= 0 (0.00); Median window PnL <= 0 (0.00); Excessive ECE (0.1880 > 0.10)
SOL_leaning,6,BASE,0.1,balanced,uniform,PLATT,0.4914,0.188,0.0,3795,0.3352,False,0.0,0.0,0.0,0.0,COMBINED PnL <= 0 (0.00); Median window PnL <= 0 (0.00); Excessive ECE (0.1880 > 0.10)
SOL_leaning,7,BASE,0.1,balanced,time_decay,RAW,0.4934,0.1916,0.0,3795,0.3352,False,0.0,0.0,0.0,0.0,COMBINED PnL <= 0 (0.00); Median window PnL <= 0 (0.00); Excessive ECE (0.1916 > 0.10)
SOL_leaning,8,BASE,0.1,balanced,time_decay,PLATT,0.4934,0.1916,0.0,3795,0.3352,False,0.0,0.0,0.0,0.0,COMBINED PnL <= 0 (0.00); Median window PnL <= 0 (0.00); Excessive ECE (0.1916 > 0.10)
SOL_leaning,9,BASE,1.0,,uniform,RAW,0.486,0.0031,0.0,2113,0.567,False,0.0,0.0,0.0,0.0,COMBINED PnL <= 0 (0.00); Median window PnL <= 0 (0.00)
SOL_leaning,10,BASE,1.0,,uniform,PLATT,0.486,0.0031,0.0,2113,0.567,False,0.0,0.0,0.0,0.0,COMBINED PnL <= 0 (0.00); Median window PnL <= 0 (0.00)
SOL_contested,1,BASE,0.1,,uniform,RAW,0.4959,0.0068,0.0,1003,0.4816,False,0.0,0.0,0.0,0.0,COMBINED PnL <= 0 (0.00); Median window PnL <= 0 (0.00)
SOL_contested,2,BASE,0.1,,uniform,PLATT,0.4959,0.0068,0.0,1003,0.4816,False,0.0,0.0,0.0,0.0,COMBINED PnL <= 0 (0.00); Median window PnL <= 0 (0.00)
SOL_contested,3,BASE,0.1,,time_decay,RAW,0.4896,0.0065,0.0,967,0.4829,False,0.0,0.0,0.0,0.0,COMBINED PnL <= 0 (0.00); Median window PnL <= 0 (0.00)
SOL_contested,4,BASE,0.1,,time_decay,PLATT,0.4896,0.0065,0.0,967,0.4829,False,0.0,0.0,0.0,0.0,COMBINED PnL <= 0 (0.00); Median window PnL <= 0 (0.00)
SOL_contested,5,BASE,0.1,balanced,uniform,RAW,0.4966,0.0647,0.0,2186,0.4035,False,0.0,0.0,0.0,0.0,COMBINED PnL <= 0 (0.00); Median window PnL <= 0 (0.00)
SOL_contested,6,BASE,0.1,balanced,uniform,PLATT,0.4966,0.0647,0.0,2186,0.4035,False,0.0,0.0,0.0,0.0,COMBINED PnL <= 0 (0.00); Median window PnL <= 0 (0.00)
SOL_contested,7,BASE,0.1,balanced,time_decay,RAW,0.4899,0.0676,0.0,2310,0.4048,False,0.0,0.0,0.0,0.0,COMBINED PnL <= 0 (0.00); Median window PnL <= 0 (0.00)
SOL_contested,8,BASE,0.1,balanced,time_decay,PLATT,0.4899,0.0676,0.0,2310,0.4048,False,0.0,0.0,0.0,0.0,COMBINED PnL <= 0 (0.00); Median window PnL <= 0 (0.00)
SOL_contested,9,BASE,1.0,,uniform,RAW,0.4981,0.0073,0.0,1023,0.48,False,0.0,0.0,0.0,0.0,COMBINED PnL <= 0 (0.00); Median window PnL <= 0 (0.00)
SOL_contested,10,BASE,1.0,,uniform,PLATT,0.4981,0.0073,0.0,1023,0.48,False,0.0,0.0,0.0,0.0,COMBINED PnL <= 0 (0.00); Median window PnL <= 0 (0.00)
XRP,1,BASE,0.1,,uniform,RAW,0.6399,0.0059,0.0,2624,0.4512,False,0.0,0.0,0.0,0.0,COMBINED PnL <= 0 (0.00); Median window PnL <= 0 (0.00)
XRP,2,BASE,0.1,,uniform,PLATT,0.6399,0.0059,0.0,2624,0.4512,False,0.0,0.0,0.0,0.0,COMBINED PnL <= 0 (0.00); Median window PnL <= 0 (0.00)
XRP,3,BASE,0.1,,time_decay,RAW,0.6408,0.0105,0.0,2540,0.4339,False,0.0,0.0,0.0,0.0,COMBINED PnL <= 0 (0.00); Median window PnL <= 0 (0.00)
XRP,4,BASE,0.1,,time_decay,PLATT,0.6408,0.0105,0.0,2540,0.4339,False,0.0,0.0,0.0,0.0,COMBINED PnL <= 0 (0.00); Median window PnL <= 0 (0.00)
XRP,5,BASE,0.1,balanced,uniform,RAW,0.6409,0.2462,0.0,3980,0.3889,False,0.0,0.0,0.0,0.0,COMBINED PnL <= 0 (0.00); Median window PnL <= 0 (0.00); Excessive ECE (0.2462 > 0.10)
XRP,6,BASE,0.1,balanced,uniform,PLATT,0.6409,0.2462,0.0,3980,0.3889,False,0.0,0.0,0.0,0.0,COMBINED PnL <= 0 (0.00); Median window PnL <= 0 (0.00); Excessive ECE (0.2462 > 0.10)
XRP,7,BASE,0.1,balanced,time_decay,RAW,0.642,0.3196,0.0,3981,0.3891,False,0.0,0.0,0.0,0.0,COMBINED PnL <= 0 (0.00); Median window PnL <= 0 (0.00); Excessive ECE (0.3196 > 0.10)
XRP,8,BASE,0.1,balanced,time_decay,PLATT,0.642,0.3196,0.0,3981,0.3891,False,0.0,0.0,0.0,0.0,COMBINED PnL <= 0 (0.00); Median window PnL <= 0 (0.00); Excessive ECE (0.3196 > 0.10)
XRP,9,BASE,1.0,,uniform,RAW,0.6405,0.0061,0.0,2615,0.4482,False,0.0,0.0,0.0,0.0,COMBINED PnL <= 0 (0.00); Median window PnL <= 0 (0.00)
XRP,10,BASE,1.0,,uniform,PLATT,0.6405,0.0061,0.0,2615,0.4482,False,0.0,0.0,0.0,0.0,COMBINED PnL <= 0 (0.00); Median window PnL <= 0 (0.00)
XRP_decided,1,BASE,0.1,,uniform,RAW,0.6264,0.0038,0.0,2545,0.6916,False,0.0,0.0,0.0,0.0,COMBINED PnL <= 0 (0.00); Median window PnL <= 0 (0.00)
XRP_decided,2,BASE,0.1,,uniform,PLATT,0.6264,0.0038,0.0,2545,0.6916,False,0.0,0.0,0.0,0.0,COMBINED PnL <= 0 (0.00); Median window PnL <= 0 (0.00)
XRP_decided,3,BASE,0.1,,time_decay,RAW,0.6285,0.0073,0.0,2495,0.6637,False,0.0,0.0,0.0,0.0,COMBINED PnL <= 0 (0.00); Median window PnL <= 0 (0.00)
XRP_decided,4,BASE,0.1,,time_decay,PLATT,0.6285,0.0073,0.0,2495,0.6637,False,0.0,0.0,0.0,0.0,COMBINED PnL <= 0 (0.00); Median window PnL <= 0 (0.00)
XRP_decided,5,BASE,0.1,balanced,uniform,RAW,0.6285,0.376,0.0,3885,0.2026,False,0.0,0.0,0.0,0.0,COMBINED PnL <= 0 (0.00); Median window PnL <= 0 (0.00); Excessive ECE (0.3760 > 0.10)
XRP_decided,6,BASE,0.1,balanced,uniform,PLATT,0.6285,0.376,0.0,3885,0.2026,False,0.0,0.0,0.0,0.0,COMBINED PnL <= 0 (0.00); Median window PnL <= 0 (0.00); Excessive ECE (0.3760 > 0.10)
XRP_decided,7,BASE,0.1,balanced,time_decay,RAW,0.6315,0.4406,0.0,3888,0.2024,False,0.0,0.0,0.0,0.0,COMBINED PnL <= 0 (0.00); Median window PnL <= 0 (0.00); Excessive ECE (0.4406 > 0.10)
XRP_decided,8,BASE,0.1,balanced,time_decay,PLATT,0.6315,0.4406,0.0,3888,0.2024,False,0.0,0.0,0.0,0.0,COMBINED PnL <= 0 (0.00); Median window PnL <= 0 (0.00); Excessive ECE (0.4406 > 0.10)
XRP_decided,9,BASE,1.0,,uniform,RAW,0.628,0.0045,0.0,2555,0.6924,False,0.0,0.0,0.0,0.0,COMBINED PnL <= 0 (0.00); Median window PnL <= 0 (0.00)
XRP_decided,10,BASE,1.0,,uniform,PLATT,0.628,0.0045,0.0,2555,0.6924,False,0.0,0.0,0.0,0.0,COMBINED PnL <= 0 (0.00); Median window PnL <= 0 (0.00)
XRP_leaning,1,BASE,0.1,,uniform,RAW,0.4874,0.0025,0.0,1803,0.4598,False,0.0,0.0,0.0,0.0,COMBINED PnL <= 0 (0.00); Median window PnL <= 0 (0.00)
XRP_leaning,2,BASE,0.1,,uniform,PLATT,0.4874,0.0025,0.0,1803,0.4598,False,0.0,0.0,0.0,0.0,COMBINED PnL <= 0 (0.00); Median window PnL <= 0 (0.00)
XRP_leaning,3,BASE,0.1,,time_decay,RAW,0.4916,0.0031,0.0,1763,0.4436,False,0.0,0.0,0.0,0.0,COMBINED PnL <= 0 (0.00); Median window PnL <= 0 (0.00)
XRP_leaning,4,BASE,0.1,,time_decay,PLATT,0.4916,0.0031,0.0,1763,0.4436,False,0.0,0.0,0.0,0.0,COMBINED PnL <= 0 (0.00); Median window PnL <= 0 (0.00)
XRP_leaning,5,BASE,0.1,balanced,uniform,RAW,0.4947,0.1667,0.0,3785,0.3469,False,0.0,0.0,0.0,0.0,COMBINED PnL <= 0 (0.00); Median window PnL <= 0 (0.00); Excessive ECE (0.1667 > 0.10)
XRP_leaning,6,BASE,0.1,balanced,uniform,PLATT,0.4947,0.1667,0.0,3785,0.3469,False,0.0,0.0,0.0,0.0,COMBINED PnL <= 0 (0.00); Median window PnL <= 0 (0.00); Excessive ECE (0.1667 > 0.10)
XRP_leaning,7,BASE,0.1,balanced,time_decay,RAW,0.4989,0.1728,0.0,3785,0.3469,False,0.0,0.0,0.0,0.0,COMBINED PnL <= 0 (0.00); Median window PnL <= 0 (0.00); Excessive ECE (0.1728 > 0.10)
XRP_leaning,8,BASE,0.1,balanced,time_decay,PLATT,0.4989,0.1728,0.0,3785,0.3469,False,0.0,0.0,0.0,0.0,COMBINED PnL <= 0 (0.00); Median window PnL <= 0 (0.00); Excessive ECE (0.1728 > 0.10)
XRP_leaning,9,BASE,1.0,,uniform,RAW,0.4873,0.0032,0.0,1789,0.4578,False,0.0,0.0,0.0,0.0,COMBINED PnL <= 0 (0.00); Median window PnL <= 0 (0.00)
XRP_leaning,10,BASE,1.0,,uniform,PLATT,0.4873,0.0032,0.0,1789,0.4578,False,0.0,0.0,0.0,0.0,COMBINED PnL <= 0 (0.00); Median window PnL <= 0 (0.00)
XRP_contested,1,BASE,0.1,,uniform,RAW,0.5038,0.0007,0.0,849,0.4935,False,0.0,0.0,0.0,0.0,COMBINED PnL <= 0 (0.00); Median window PnL <= 0 (0.00)
XRP_contested,2,BASE,0.1,,uniform,PLATT,0.5038,0.0007,0.0,849,0.4935,False,0.0,0.0,0.0,0.0,COMBINED PnL <= 0 (0.00); Median window PnL <= 0 (0.00)
XRP_contested,3,BASE,0.1,,time_decay,RAW,0.5049,0.0007,0.0,846,0.5047,False,0.0,0.0,0.0,0.0,COMBINED PnL <= 0 (0.00); Median window PnL <= 0 (0.00)
XRP_contested,4,BASE,0.1,,time_decay,PLATT,0.5049,0.0007,0.0,846,0.5047,False,0.0,0.0,0.0,0.0,COMBINED PnL <= 0 (0.00); Median window PnL <= 0 (0.00)
XRP_contested,5,BASE,0.1,balanced,uniform,RAW,0.5119,0.0583,0.0,2182,0.4285,False,0.0,0.0,0.0,0.0,COMBINED PnL <= 0 (0.00); Median window PnL <= 0 (0.00)
XRP_contested,6,BASE,0.1,balanced,uniform,PLATT,0.5119,0.0583,0.0,2182,0.4285,False,0.0,0.0,0.0,0.0,COMBINED PnL <= 0 (0.00); Median window PnL <= 0 (0.00)
XRP_contested,7,BASE,0.1,balanced,time_decay,RAW,0.5132,0.0623,0.0,2347,0.4295,False,0.0,0.0,0.0,0.0,COMBINED PnL <= 0 (0.00); Median window PnL <= 0 (0.00)
XRP_contested,8,BASE,0.1,balanced,time_decay,PLATT,0.5132,0.0623,0.0,2347,0.4295,False,0.0,0.0,0.0,0.0,COMBINED PnL <= 0 (0.00); Median window PnL <= 0 (0.00)
XRP_contested,9,BASE,1.0,,uniform,RAW,0.5071,0.001,0.0,917,0.4853,False,0.0,0.0,0.0,0.0,COMBINED PnL <= 0 (0.00); Median window PnL <= 0 (0.00)
XRP_contested,10,BASE,1.0,,uniform,PLATT,0.5071,0.001,0.0,917,0.4853,False,0.0,0.0,0.0,0.0,COMBINED PnL <= 0 (0.00); Median window PnL <= 0 (0.00)
DOGE,1,BASE,0.1,,uniform,RAW,0.6483,0.0109,0.0,2154,0.4619,False,0.0,0.0,0.0,0.0,COMBINED PnL <= 0 (0.00); Median window PnL <= 0 (0.00)
DOGE,2,BASE,0.1,,uniform,PLATT,0.6483,0.0109,0.0,2154,0.4619,False,0.0,0.0,0.0,0.0,COMBINED PnL <= 0 (0.00); Median window PnL <= 0 (0.00)
DOGE,3,BASE,0.1,,time_decay,RAW,0.6486,0.0159,0.0,2171,0.438,False,0.0,0.0,0.0,0.0,COMBINED PnL <= 0 (0.00); Median window PnL <= 0 (0.00)
DOGE,4,BASE,0.1,,time_decay,PLATT,0.6486,0.0159,0.0,2171,0.438,False,0.0,0.0,0.0,0.0,COMBINED PnL <= 0 (0.00); Median window PnL <= 0 (0.00)
DOGE,5,BASE,0.1,balanced,uniform,RAW,0.6495,0.2475,0.0,4000,0.399,False,0.0,0.0,0.0,0.0,COMBINED PnL <= 0 (0.00); Median window PnL <= 0 (0.00); Excessive ECE (0.2475 > 0.10)
DOGE,6,BASE,0.1,balanced,uniform,PLATT,0.6495,0.2475,0.0,4000,0.399,False,0.0,0.0,0.0,0.0,COMBINED PnL <= 0 (0.00); Median window PnL <= 0 (0.00); Excessive ECE (0.2475 > 0.10)
DOGE,7,BASE,0.1,balanced,time_decay,RAW,0.6495,0.3192,0.0,4001,0.3989,False,0.0,0.0,0.0,0.0,COMBINED PnL <= 0 (0.00); Median window PnL <= 0 (0.00); Excessive ECE (0.3192 > 0.10)
DOGE,8,BASE,0.1,balanced,time_decay,PLATT,0.6495,0.3192,0.0,4001,0.3989,False,0.0,0.0,0.0,0.0,COMBINED PnL <= 0 (0.00); Median window PnL <= 0 (0.00); Excessive ECE (0.3192 > 0.10)
DOGE,9,BASE,1.0,,uniform,RAW,0.6487,0.0188,0.0,2367,0.4757,False,0.0,0.0,0.0,0.0,COMBINED PnL <= 0 (0.00); Median window PnL <= 0 (0.00)
DOGE,10,BASE,1.0,,uniform,PLATT,0.6487,0.0188,0.0,2367,0.4757,False,0.0,0.0,0.0,0.0,COMBINED PnL <= 0 (0.00); Median window PnL <= 0 (0.00)
DOGE_decided,1,BASE,0.1,,uniform,RAW,0.6389,0.0076,0.0,2080,0.7024,False,0.0,0.0,0.0,0.0,COMBINED PnL <= 0 (0.00); Median window PnL <= 0 (0.00)
DOGE_decided,2,BASE,0.1,,uniform,PLATT,0.6389,0.0076,0.0,2080,0.7024,False,0.0,0.0,0.0,0.0,COMBINED PnL <= 0 (0.00); Median window PnL <= 0 (0.00)
DOGE_decided,3,BASE,0.1,,time_decay,RAW,0.6391,0.0091,0.0,2053,0.6766,False,0.0,0.0,0.0,0.0,COMBINED PnL <= 0 (0.00); Median window PnL <= 0 (0.00)
DOGE_decided,4,BASE,0.1,,time_decay,PLATT,0.6391,0.0091,0.0,2053,0.6766,False,0.0,0.0,0.0,0.0,COMBINED PnL <= 0 (0.00); Median window PnL <= 0 (0.00)
DOGE_decided,5,BASE,0.1,balanced,uniform,RAW,0.6442,0.3676,0.0,3920,0.2056,False,0.0,0.0,0.0,0.0,COMBINED PnL <= 0 (0.00); Median window PnL <= 0 (0.00); Excessive ECE (0.3676 > 0.10)
DOGE_decided,6,BASE,0.1,balanced,uniform,PLATT,0.6442,0.3676,0.0,3920,0.2056,False,0.0,0.0,0.0,0.0,COMBINED PnL <= 0 (0.00); Median window PnL <= 0 (0.00); Excessive ECE (0.3676 > 0.10)
DOGE_decided,7,BASE,0.1,balanced,time_decay,RAW,0.6446,0.4371,0.0,3926,0.2053,False,0.0,0.0,0.0,0.0,COMBINED PnL <= 0 (0.00); Median window PnL <= 0 (0.00); Excessive ECE (0.4371 > 0.10)
DOGE_decided,8,BASE,0.1,balanced,time_decay,PLATT,0.6446,0.4371,0.0,3926,0.2053,False,0.0,0.0,0.0,0.0,COMBINED PnL <= 0 (0.00); Median window PnL <= 0 (0.00); Excessive ECE (0.4371 > 0.10)
DOGE_decided,9,BASE,1.0,,uniform,RAW,0.641,0.0072,0.0,2053,0.7121,False,0.0,0.0,0.0,0.0,COMBINED PnL <= 0 (0.00); Median window PnL <= 0 (0.00)
DOGE_decided,10,BASE,1.0,,uniform,PLATT,0.641,0.0072,0.0,2053,0.7121,False,0.0,0.0,0.0,0.0,COMBINED PnL <= 0 (0.00); Median window PnL <= 0 (0.00)
DOGE_leaning,1,BASE,0.1,,uniform,RAW,0.4908,0.0071,0.0,1237,0.5247,False,0.0,0.0,0.0,0.0,COMBINED PnL <= 0 (0.00); Median window PnL <= 0 (0.00)
DOGE_leaning,2,BASE,0.1,,uniform,PLATT,0.4908,0.0071,0.0,1237,0.5247,False,0.0,0.0,0.0,0.0,COMBINED PnL <= 0 (0.00); Median window PnL <= 0 (0.00)
DOGE_leaning,3,BASE,0.1,,time_decay,RAW,0.4948,0.0072,0.0,1166,0.4923,False,0.0,0.0,0.0,0.0,COMBINED PnL <= 0 (0.00); Median window PnL <= 0 (0.00)
DOGE_leaning,4,BASE,0.1,,time_decay,PLATT,0.4948,0.0072,0.0,1166,0.4923,False,0.0,0.0,0.0,0.0,COMBINED PnL <= 0 (0.00); Median window PnL <= 0 (0.00)
DOGE_leaning,5,BASE,0.1,balanced,uniform,RAW,0.4986,0.1737,0.0,3680,0.3476,False,0.0,0.0,0.0,0.0,COMBINED PnL <= 0 (0.00); Median window PnL <= 0 (0.00); Excessive ECE (0.1737 > 0.10)
DOGE_leaning,6,BASE,0.1,balanced,uniform,PLATT,0.4986,0.1737,0.0,3680,0.3476,False,0.0,0.0,0.0,0.0,COMBINED PnL <= 0 (0.00); Median window PnL <= 0 (0.00); Excessive ECE (0.1737 > 0.10)
DOGE_leaning,7,BASE,0.1,balanced,time_decay,RAW,0.5016,0.1784,0.0,3701,0.3477,False,0.0,0.0,0.0,0.0,COMBINED PnL <= 0 (0.00); Median window PnL <= 0 (0.00); Excessive ECE (0.1784 > 0.10)
DOGE_leaning,8,BASE,0.1,balanced,time_decay,PLATT,0.5016,0.1784,0.0,3701,0.3477,False,0.0,0.0,0.0,0.0,COMBINED PnL <= 0 (0.00); Median window PnL <= 0 (0.00); Excessive ECE (0.1784 > 0.10)
DOGE_leaning,9,BASE,1.0,,uniform,RAW,0.4932,0.0077,0.0,1288,0.514,False,0.0,0.0,0.0,0.0,COMBINED PnL <= 0 (0.00); Median window PnL <= 0 (0.00)
DOGE_leaning,10,BASE,1.0,,uniform,PLATT,0.4932,0.0077,0.0,1288,0.514,False,0.0,0.0,0.0,0.0,COMBINED PnL <= 0 (0.00); Median window PnL <= 0 (0.00)
DOGE_contested,1,BASE,0.1,,uniform,RAW,0.4933,0.0035,0.0,356,0.4438,False,0.0,0.0,0.0,0.0,COMBINED PnL <= 0 (0.00); Median window PnL <= 0 (0.00)
DOGE_contested,2,BASE,0.1,,uniform,PLATT,0.4933,0.0035,0.0,356,0.4438,False,0.0,0.0,0.0,0.0,COMBINED PnL <= 0 (0.00); Median window PnL <= 0 (0.00)
DOGE_contested,3,BASE,0.1,,time_decay,RAW,0.4964,0.0035,0.0,423,0.4326,False,0.0,0.0,0.0,0.0,COMBINED PnL <= 0 (0.00); Median window PnL <= 0 (0.00)
DOGE_contested,4,BASE,0.1,,time_decay,PLATT,0.4964,0.0035,0.0,423,0.4326,False,0.0,0.0,0.0,0.0,COMBINED PnL <= 0 (0.00); Median window PnL <= 0 (0.00)
DOGE_contested,5,BASE,0.1,balanced,uniform,RAW,0.501,0.0605,0.0,1435,0.4369,False,0.0,0.0,0.0,0.0,COMBINED PnL <= 0 (0.00); Median window PnL <= 0 (0.00)
DOGE_contested,6,BASE,0.1,balanced,uniform,PLATT,0.501,0.0605,0.0,1435,0.4369,False,0.0,0.0,0.0,0.0,COMBINED PnL <= 0 (0.00); Median window PnL <= 0 (0.00)
DOGE_contested,7,BASE,0.1,balanced,time_decay,RAW,0.4991,0.0641,0.0,1736,0.4366,False,0.0,0.0,0.0,0.0,COMBINED PnL <= 0 (0.00); Median window PnL <= 0 (0.00)
DOGE_contested,8,BASE,0.1,balanced,time_decay,PLATT,0.4991,0.0641,0.0,1736,0.4366,False,0.0,0.0,0.0,0.0,COMBINED PnL <= 0 (0.00); Median window PnL <= 0 (0.00)
DOGE_contested,9,BASE,1.0,,uniform,RAW,0.4977,0.0044,0.0,432,0.4514,False,0.0,0.0,0.0,0.0,COMBINED PnL <= 0 (0.00); Median window PnL <= 0 (0.00)
DOGE_contested,10,BASE,1.0,,uniform,PLATT,0.4977,0.0044,0.0,432,0.4514,False,0.0,0.0,0.0,0.0,COMBINED PnL <= 0 (0.00); Median window PnL <= 0 (0.00)
