bin,lo,hi,n,acc,conf,model,split
0,0.0,0.1,3326,0.058028,0.045285,M2,train
1,0.1,0.2,2953,0.146292,0.151355,M2,train
2,0.2,0.3,3589,0.243801,0.251433,M2,train
3,0.3,0.4,4290,0.338228,0.351351,M2,train
4,0.4,0.5,5133,0.451783,0.452594,M2,train
5,0.5,0.6,4617,0.54386,0.549572,M2,train
6,0.6,0.7,4023,0.658464,0.648535,M2,train
7,0.7,0.8,3243,0.762566,0.747057,M2,train
8,0.8,0.9,2809,0.854753,0.849836,M2,train
9,0.9,1.0,3191,0.949546,0.954759,M2,train
0,0.0,0.1,923,0.089924,0.04599,M2,validation
1,0.1,0.2,878,0.166287,0.150016,M2,validation
2,0.2,0.3,1061,0.227144,0.251812,M2,validation
3,0.3,0.4,1351,0.329386,0.350842,M2,validation
4,0.4,0.5,1866,0.442658,0.456346,M2,validation
5,0.5,0.6,1597,0.567314,0.549305,M2,validation
6,0.6,0.7,1445,0.680277,0.649782,M2,validation
7,0.7,0.8,1115,0.747085,0.747304,M2,validation
8,0.8,0.9,961,0.864724,0.849039,M2,validation
9,0.9,1.0,993,0.950655,0.955615,M2,validation
0,0.0,0.1,1075,0.055814,0.048396,M2,test
1,0.1,0.2,995,0.154774,0.150313,M2,test
2,0.2,0.3,1190,0.231092,0.251575,M2,test
3,0.3,0.4,1464,0.327186,0.350603,M2,test
4,0.4,0.5,1646,0.427096,0.449598,M2,test
5,0.5,0.6,1631,0.554874,0.549267,M2,test
6,0.6,0.7,1431,0.657582,0.646827,M2,test
7,0.7,0.8,1187,0.748104,0.746964,M2,test
8,0.8,0.9,986,0.838742,0.846805,M2,test
9,0.9,1.0,1100,0.953636,0.956046,M2,test
0,0.0,0.1,3388,0.060803,0.044733,M3,train
1,0.1,0.2,2944,0.14572,0.151449,M3,train
2,0.2,0.3,3533,0.243702,0.251663,M3,train
3,0.3,0.4,4221,0.339019,0.351155,M3,train
4,0.4,0.5,5175,0.448309,0.453842,M3,train
5,0.5,0.6,4596,0.546127,0.55055,M3,train
6,0.6,0.7,4093,0.658686,0.648987,M3,train
7,0.7,0.8,3280,0.761585,0.747531,M3,train
8,0.8,0.9,2823,0.856181,0.849922,M3,train
9,0.9,1.0,3121,0.950336,0.954389,M3,train
0,0.0,0.1,946,0.087738,0.045927,M3,validation
1,0.1,0.2,864,0.168981,0.150084,M3,validation
2,0.2,0.3,1081,0.232192,0.252248,M3,validation
3,0.3,0.4,1308,0.327217,0.352172,M3,validation
4,0.4,0.5,1892,0.439218,0.458626,M3,validation
5,0.5,0.6,1559,0.573445,0.550524,M3,validation
6,0.6,0.7,1475,0.671186,0.649404,M3,validation
7,0.7,0.8,1130,0.756637,0.747222,M3,validation
8,0.8,0.9,966,0.86646,0.848819,M3,validation
9,0.9,1.0,969,0.952528,0.955214,M3,validation
0,0.0,0.1,1093,0.054895,0.047875,M3,test
1,0.1,0.2,998,0.158317,0.150694,M3,test
2,0.2,0.3,1171,0.229718,0.251905,M3,test
3,0.3,0.4,1436,0.326602,0.350998,M3,test
4,0.4,0.5,1648,0.428398,0.450509,M3,test
5,0.5,0.6,1640,0.55061,0.550578,M3,test
6,0.6,0.7,1435,0.65784,0.647619,M3,test
7,0.7,0.8,1230,0.756098,0.747668,M3,test
8,0.8,0.9,968,0.831612,0.847481,M3,test
9,0.9,1.0,1086,0.95488,0.955292,M3,test
0,0.0,0.1,3352,0.059069,0.044766,M4,train
1,0.1,0.2,2957,0.145079,0.151398,M4,train
2,0.2,0.3,3568,0.245235,0.25195,M4,train
3,0.3,0.4,4263,0.339198,0.351549,M4,train
4,0.4,0.5,5101,0.4505,0.452616,M4,train
5,0.5,0.6,4627,0.544629,0.549715,M4,train
6,0.6,0.7,4070,0.65774,0.648692,M4,train
7,0.7,0.8,3254,0.760602,0.747573,M4,train
8,0.8,0.9,2823,0.855119,0.849834,M4,train
9,0.9,1.0,3159,0.950301,0.954494,M4,train
0,0.0,0.1,939,0.089457,0.045956,M4,validation
1,0.1,0.2,876,0.170091,0.150692,M4,validation
2,0.2,0.3,1066,0.229831,0.252845,M4,validation
3,0.3,0.4,1338,0.327354,0.35191,M4,validation
4,0.4,0.5,1849,0.442942,0.456109,M4,validation
5,0.5,0.6,1592,0.568467,0.548745,M4,validation
6,0.6,0.7,1465,0.675768,0.649627,M4,validation
7,0.7,0.8,1124,0.74911,0.747636,M4,validation
8,0.8,0.9,962,0.866944,0.849119,M4,validation
9,0.9,1.0,979,0.951992,0.955345,M4,validation
0,0.0,0.1,1090,0.055046,0.048142,M4,test
1,0.1,0.2,1003,0.157527,0.151018,M4,test
2,0.2,0.3,1175,0.231489,0.252095,M4,test
3,0.3,0.4,1437,0.329158,0.350522,M4,test
4,0.4,0.5,1651,0.431254,0.449585,M4,test
5,0.5,0.6,1642,0.54933,0.549784,M4,test
6,0.6,0.7,1428,0.651961,0.64728,M4,test
7,0.7,0.8,1205,0.755187,0.747235,M4,test
8,0.8,0.9,984,0.836382,0.847123,M4,test
9,0.9,1.0,1090,0.954128,0.955563,M4,test
0,0.0,0.1,2564,0.032761,0.05634,M5,train
1,0.1,0.2,4101,0.124848,0.149904,M5,train
2,0.2,0.3,3147,0.233556,0.248887,M5,train
3,0.3,0.4,4734,0.338826,0.349864,M5,train
4,0.4,0.5,4252,0.446378,0.450953,M5,train
5,0.5,0.6,5231,0.552476,0.543962,M5,train
6,0.6,0.7,3460,0.66185,0.648709,M5,train
7,0.7,0.8,3505,0.763481,0.747214,M5,train
8,0.8,0.9,3343,0.868382,0.848443,M5,train
9,0.9,1.0,2837,0.966514,0.941989,M5,train
0,0.0,0.1,650,0.069231,0.056346,M5,validation
1,0.1,0.2,1194,0.157454,0.149738,M5,validation
2,0.2,0.3,936,0.24359,0.249936,M5,validation
3,0.3,0.4,1533,0.322896,0.351842,M5,validation
4,0.4,0.5,1292,0.426471,0.452449,M5,validation
5,0.5,0.6,2043,0.546256,0.547061,M5,validation
6,0.6,0.7,1175,0.671489,0.651102,M5,validation
7,0.7,0.8,1280,0.742188,0.752613,M5,validation
8,0.8,0.9,1155,0.855411,0.845946,M5,validation
9,0.9,1.0,932,0.95279,0.944206,M5,validation
0,0.0,0.1,754,0.041114,0.058091,M5,test
1,0.1,0.2,1402,0.143367,0.149694,M5,test
2,0.2,0.3,1058,0.23913,0.249246,M5,test
3,0.3,0.4,1599,0.32833,0.350148,M5,test
4,0.4,0.5,1439,0.430855,0.450267,M5,test
5,0.5,0.6,1856,0.554418,0.54341,M5,test
6,0.6,0.7,1073,0.644921,0.648666,M5,test
7,0.7,0.8,1250,0.7264,0.752847,M5,test
8,0.8,0.9,1222,0.828151,0.845078,M5,test
9,0.9,1.0,1052,0.960076,0.945067,M5,test
