asset,hour_group_utc,weekday,entry_policy,variant,n,days,win_rate,net_pnl,expectancy
BTC,00-06,0,FUNNEL,NO_FAVORITE,2,2,0.5,-0.0769,-0.038461
BTC,00-06,0,FUNNEL,NO_OUTSIDER,42,3,0.5238,6.7173,0.159935
BTC,00-06,0,FUNNEL,YES_FAVORITE,1,1,1.0,0.3889,0.388889
BTC,00-06,0,FUNNEL,YES_OUTSIDER,27,3,0.4444,0.2256,0.008354
BTC,00-06,0,GRID,YES_FAVORITE,56,3,0.7143,-4.8798,-0.087139
BTC,00-06,0,GRID,YES_OUTSIDER,53,3,0.283,-6.855,-0.12934
BTC,00-06,1,FUNNEL,NO_FAVORITE,14,4,0.7857,3.9327,0.280908
BTC,00-06,1,FUNNEL,NO_OUTSIDER,46,5,0.3913,-6.4143,-0.139442
BTC,00-06,1,FUNNEL,YES_FAVORITE,4,3,0.75,-0.3811,-0.095266
BTC,00-06,1,FUNNEL,YES_OUTSIDER,35,4,0.4,-5.2809,-0.150883
BTC,00-06,1,GRID,YES_FAVORITE,75,5,0.7467,-2.9402,-0.039202
BTC,00-06,1,GRID,YES_OUTSIDER,84,5,0.2857,23.0353,0.274229
BTC,00-06,2,FUNNEL,NO_FAVORITE,18,4,0.5,-1.8818,-0.104542
BTC,00-06,2,FUNNEL,NO_OUTSIDER,45,5,0.5556,8.6317,0.191816
BTC,00-06,2,FUNNEL,YES_FAVORITE,8,3,0.5,-0.6683,-0.083534
BTC,00-06,2,FUNNEL,YES_OUTSIDER,39,4,0.5128,5.936,0.152206
BTC,00-06,2,GRID,YES_FAVORITE,84,5,0.6786,-3.8383,-0.045694
BTC,00-06,2,GRID,YES_OUTSIDER,75,5,0.3467,12.8664,0.171552
BTC,00-06,3,FUNNEL,NO_FAVORITE,9,3,0.5556,-1.877,-0.208554
BTC,00-06,3,FUNNEL,NO_OUTSIDER,39,4,0.4872,0.5787,0.014838
BTC,00-06,3,FUNNEL,YES_FAVORITE,4,1,1.0,1.427,0.35674
BTC,00-06,3,FUNNEL,YES_OUTSIDER,28,3,0.5357,6.3857,0.228062
BTC,00-06,3,GRID,YES_FAVORITE,82,4,0.7195,-5.1193,-0.06243
BTC,00-06,3,GRID,YES_OUTSIDER,91,4,0.2637,-17.3746,-0.19093
BTC,00-06,4,FUNNEL,NO_FAVORITE,3,2,1.0,0.9618,0.320587
BTC,00-06,4,FUNNEL,NO_OUTSIDER,46,4,0.4783,1.3343,0.029005
BTC,00-06,4,FUNNEL,YES_FAVORITE,4,2,0.75,0.2405,0.06012
BTC,00-06,4,FUNNEL,YES_OUTSIDER,43,4,0.4419,-0.6306,-0.014665
BTC,00-06,4,GRID,YES_FAVORITE,131,4,0.6947,-11.7893,-0.089995
BTC,00-06,4,GRID,YES_OUTSIDER,121,4,0.2727,13.9353,0.115168
BTC,00-06,5,FUNNEL,NO_FAVORITE,8,3,1.0,2.5527,0.319084
BTC,00-06,5,FUNNEL,NO_OUTSIDER,42,4,0.4762,0.8848,0.021067
BTC,00-06,5,FUNNEL,YES_FAVORITE,5,3,1.0,2.3778,0.475565
BTC,00-06,5,FUNNEL,YES_OUTSIDER,41,4,0.5122,4.2564,0.103815
BTC,00-06,5,GRID,YES_FAVORITE,97,4,0.7938,8.4141,0.086743
BTC,00-06,5,GRID,YES_OUTSIDER,101,4,0.2079,-49.4325,-0.48943
BTC,00-06,6,FUNNEL,NO_FAVORITE,4,2,0.5,-1.3291,-0.332265
BTC,00-06,6,FUNNEL,NO_OUTSIDER,46,3,0.5217,6.9414,0.150899
BTC,00-06,6,FUNNEL,YES_FAVORITE,2,2,1.0,0.5603,0.28017
BTC,00-06,6,FUNNEL,YES_OUTSIDER,20,2,0.35,-4.8105,-0.240524
BTC,00-06,6,GRID,YES_FAVORITE,60,3,0.7333,-1.1625,-0.019374
BTC,00-06,6,GRID,YES_OUTSIDER,78,3,0.2692,-10.2883,-0.131901
BTC,06-12,0,FUNNEL,NO_FAVORITE,1,1,0.0,-1.0,-1.0
BTC,06-12,0,FUNNEL,NO_OUTSIDER,47,3,0.4468,-1.3735,-0.029224
BTC,06-12,0,FUNNEL,YES_OUTSIDER,24,3,0.375,-3.9571,-0.164877
BTC,06-12,0,GRID,YES_FAVORITE,81,3,0.7654,5.8275,0.071944
BTC,06-12,0,GRID,YES_OUTSIDER,68,3,0.2059,-31.478,-0.462912
BTC,06-12,1,FUNNEL,NO_FAVORITE,17,5,0.6471,0.28,0.016473
BTC,06-12,1,FUNNEL,NO_OUTSIDER,34,5,0.4706,1.2198,0.035876
BTC,06-12,1,FUNNEL,YES_FAVORITE,5,2,1.0,1.1938,0.23875
BTC,06-12,1,FUNNEL,YES_OUTSIDER,40,4,0.4,-4.1167,-0.102918
BTC,06-12,1,GRID,YES_FAVORITE,76,5,0.6579,-10.708,-0.140894
BTC,06-12,1,GRID,YES_OUTSIDER,88,5,0.25,9.6137,0.109247
BTC,06-12,2,FUNNEL,NO_FAVORITE,15,4,0.6,-0.9478,-0.063185
BTC,06-12,2,FUNNEL,NO_OUTSIDER,58,5,0.4655,2.1428,0.036945
BTC,06-12,2,FUNNEL,YES_FAVORITE,2,2,0.5,-0.6486,-0.324325
BTC,06-12,2,FUNNEL,YES_OUTSIDER,29,4,0.3103,-7.3061,-0.251933
BTC,06-12,2,GRID,YES_FAVORITE,87,5,0.7011,-2.4425,-0.028075
BTC,06-12,2,GRID,YES_OUTSIDER,77,5,0.2078,-24.2896,-0.31545
BTC,06-12,3,FUNNEL,NO_FAVORITE,9,3,0.6667,-0.1855,-0.020612
BTC,06-12,3,FUNNEL,NO_OUTSIDER,33,4,0.4545,-1.1036,-0.033443
BTC,06-12,3,FUNNEL,YES_FAVORITE,10,2,0.6,-2.3425,-0.234245
BTC,06-12,3,FUNNEL,YES_OUTSIDER,29,4,0.4828,0.6549,0.022582
BTC,06-12,3,GRID,YES_FAVORITE,71,4,0.8169,6.2512,0.088046
BTC,06-12,3,GRID,YES_OUTSIDER,79,4,0.1772,-36.1597,-0.457717
BTC,06-12,4,FUNNEL,NO_FAVORITE,4,3,0.75,-0.544,-0.136007
BTC,06-12,4,FUNNEL,NO_OUTSIDER,41,4,0.4878,2.6168,0.063825
BTC,06-12,4,FUNNEL,YES_FAVORITE,10,3,0.6,-3.1424,-0.314244
BTC,06-12,4,FUNNEL,YES_OUTSIDER,40,4,0.475,2.667,0.066675
BTC,06-12,4,GRID,YES_FAVORITE,133,4,0.7519,-3.452,-0.025955
BTC,06-12,4,GRID,YES_OUTSIDER,116,4,0.1466,-59.3211,-0.511389
BTC,06-12,5,FUNNEL,NO_FAVORITE,5,2,0.6,-0.2812,-0.056248
BTC,06-12,5,FUNNEL,NO_OUTSIDER,47,4,0.4894,3.3628,0.071549
BTC,06-12,5,FUNNEL,YES_FAVORITE,6,3,0.8333,0.0682,0.011367
BTC,06-12,5,FUNNEL,YES_OUTSIDER,34,4,0.3824,-4.5895,-0.134985
BTC,06-12,5,GRID,YES_FAVORITE,90,4,0.7556,-0.1672,-0.001857
BTC,06-12,5,GRID,YES_OUTSIDER,116,4,0.2845,-1.0723,-0.009244
BTC,06-12,6,FUNNEL,NO_FAVORITE,4,1,1.0,2.6575,0.664373
BTC,06-12,6,FUNNEL,NO_OUTSIDER,44,3,0.3409,-9.1982,-0.20905
BTC,06-12,6,FUNNEL,YES_OUTSIDER,21,3,0.5238,3.1106,0.148125
BTC,06-12,6,GRID,YES_FAVORITE,87,3,0.8621,11.7379,0.134918
BTC,06-12,6,GRID,YES_OUTSIDER,63,3,0.1905,-10.2472,-0.162653
BTC,12-18,0,FUNNEL,NO_FAVORITE,7,4,0.7143,-0.7335,-0.104782
BTC,12-18,0,FUNNEL,NO_OUTSIDER,37,4,0.3243,-10.8156,-0.292314
BTC,12-18,0,FUNNEL,YES_OUTSIDER,27,4,0.3704,-3.722,-0.137854
BTC,12-18,0,GRID,YES_FAVORITE,46,4,0.8478,6.2781,0.136479
BTC,12-18,0,GRID,YES_OUTSIDER,67,4,0.2985,-13.2378,-0.19758
BTC,12-18,1,FUNNEL,NO_FAVORITE,6,2,0.5,-1.2611,-0.210185
BTC,12-18,1,FUNNEL,NO_OUTSIDER,49,5,0.4898,3.9739,0.081101
BTC,12-18,1,FUNNEL,YES_FAVORITE,2,1,1.0,0.8862,0.44309
BTC,12-18,1,FUNNEL,YES_OUTSIDER,50,4,0.42,-4.604,-0.092079
BTC,12-18,1,GRID,YES_FAVORITE,74,5,0.7973,4.8696,0.065805
BTC,12-18,1,GRID,YES_OUTSIDER,90,5,0.2667,-2.4205,-0.026894
BTC,12-18,2,FUNNEL,NO_FAVORITE,21,4,0.619,-2.8595,-0.136165
BTC,12-18,2,FUNNEL,NO_OUTSIDER,56,5,0.3929,-6.684,-0.119357
BTC,12-18,2,FUNNEL,YES_FAVORITE,6,3,1.0,1.9358,0.322626
BTC,12-18,2,FUNNEL,YES_OUTSIDER,23,4,0.3478,-5.4386,-0.236462
BTC,12-18,2,GRID,YES_FAVORITE,77,5,0.8571,10.6561,0.138391
BTC,12-18,2,GRID,YES_OUTSIDER,84,5,0.2262,-18.1536,-0.216114
BTC,12-18,3,FUNNEL,NO_FAVORITE,3,2,1.0,1.6509,0.550295
BTC,12-18,3,FUNNEL,NO_OUTSIDER,27,4,0.3704,-5.2228,-0.193438
BTC,12-18,3,FUNNEL,YES_FAVORITE,3,1,0.3333,-1.7342,-0.578059
BTC,12-18,3,FUNNEL,YES_OUTSIDER,62,4,0.5323,9.5004,0.153232
BTC,12-18,3,GRID,YES_FAVORITE,113,4,0.7965,7.5368,0.066697
BTC,12-18,3,GRID,YES_OUTSIDER,111,4,0.3153,1.0348,0.009322
BTC,12-18,4,FUNNEL,NO_FAVORITE,3,2,1.0,0.413,0.137658
BTC,12-18,4,FUNNEL,NO_OUTSIDER,33,4,0.5455,7.3646,0.22317
BTC,12-18,4,FUNNEL,YES_FAVORITE,3,2,1.0,0.6217,0.207233
BTC,12-18,4,FUNNEL,YES_OUTSIDER,49,4,0.5102,6.9779,0.142406
BTC,12-18,4,GRID,YES_FAVORITE,111,4,0.7748,6.4513,0.05812
BTC,12-18,4,GRID,YES_OUTSIDER,101,4,0.1881,-29.9512,-0.296546
BTC,12-18,5,FUNNEL,NO_FAVORITE,7,3,0.5714,-2.1054,-0.30077
BTC,12-18,5,FUNNEL,NO_OUTSIDER,37,3,0.4865,3.9555,0.106905
BTC,12-18,5,FUNNEL,YES_FAVORITE,2,2,0.5,-0.8636,-0.431818
BTC,12-18,5,FUNNEL,YES_OUTSIDER,25,3,0.68,11.0978,0.443913
BTC,12-18,5,GRID,YES_FAVORITE,95,3,0.7474,1.0344,0.010889
BTC,12-18,5,GRID,YES_OUTSIDER,64,3,0.3125,1.6901,0.026407
BTC,12-18,6,FUNNEL,NO_FAVORITE,8,3,0.75,-0.7732,-0.096653
BTC,12-18,6,FUNNEL,NO_OUTSIDER,32,3,0.3438,-7.4876,-0.233989
BTC,12-18,6,FUNNEL,YES_FAVORITE,5,1,1.0,0.5144,0.10288
BTC,12-18,6,FUNNEL,YES_OUTSIDER,27,3,0.4074,-2.2714,-0.084127
BTC,12-18,6,GRID,YES_FAVORITE,56,3,0.8214,7.5428,0.134693
BTC,12-18,6,GRID,YES_OUTSIDER,58,3,0.2241,-23.6553,-0.407849
BTC,18-24,0,FUNNEL,NO_FAVORITE,3,2,0.3333,-1.7013,-0.5671
BTC,18-24,0,FUNNEL,NO_OUTSIDER,36,3,0.5,2.3056,0.064044
BTC,18-24,0,FUNNEL,YES_OUTSIDER,32,3,0.375,-5.2872,-0.165224
BTC,18-24,0,GRID,YES_FAVORITE,52,4,0.8462,11.5246,0.221627
BTC,18-24,0,GRID,YES_OUTSIDER,74,4,0.2162,-9.6942,-0.131003
BTC,18-24,1,FUNNEL,NO_FAVORITE,13,3,0.6154,0.8602,0.066171
BTC,18-24,1,FUNNEL,NO_OUTSIDER,52,5,0.4423,-0.1768,-0.0034
BTC,18-24,1,FUNNEL,YES_FAVORITE,2,2,1.0,1.312,0.655983
BTC,18-24,1,FUNNEL,YES_OUTSIDER,43,4,0.4651,1.2182,0.02833
BTC,18-24,1,GRID,YES_FAVORITE,63,5,0.8254,11.8291,0.187764
BTC,18-24,1,GRID,YES_OUTSIDER,100,5,0.26,-7.0179,-0.070179
BTC,18-24,2,FUNNEL,NO_FAVORITE,13,3,0.6923,-0.8109,-0.062374
BTC,18-24,2,FUNNEL,NO_OUTSIDER,42,5,0.3571,-10.1019,-0.240522
BTC,18-24,2,FUNNEL,YES_FAVORITE,6,3,0.6667,-0.0706,-0.011768
BTC,18-24,2,FUNNEL,YES_OUTSIDER,42,4,0.4762,4.0801,0.097145
BTC,18-24,2,GRID,YES_FAVORITE,91,5,0.7253,0.3182,0.003497
BTC,18-24,2,GRID,YES_OUTSIDER,107,5,0.3551,22.978,0.214748
BTC,18-24,3,FUNNEL,NO_FAVORITE,2,1,1.0,1.2108,0.605392
BTC,18-24,3,FUNNEL,NO_OUTSIDER,48,4,0.4792,1.2537,0.026119
BTC,18-24,3,FUNNEL,YES_FAVORITE,2,1,0.0,-2.0,-1.0
BTC,18-24,3,FUNNEL,YES_OUTSIDER,44,3,0.5455,7.3883,0.167916
BTC,18-24,3,GRID,YES_FAVORITE,143,4,0.7273,-1.8438,-0.012893
BTC,18-24,3,GRID,YES_OUTSIDER,128,4,0.2812,-8.9301,-0.069767
BTC,18-24,4,FUNNEL,NO_FAVORITE,9,3,0.4444,-3.1797,-0.353298
BTC,18-24,4,FUNNEL,NO_OUTSIDER,44,4,0.4545,-0.8425,-0.019147
BTC,18-24,4,FUNNEL,YES_FAVORITE,4,2,1.0,0.8669,0.216729
BTC,18-24,4,FUNNEL,YES_OUTSIDER,39,3,0.5385,8.0914,0.207472
BTC,18-24,4,GRID,YES_FAVORITE,93,4,0.828,14.2305,0.153016
BTC,18-24,4,GRID,YES_OUTSIDER,113,4,0.3097,14.4752,0.128099
BTC,18-24,5,FUNNEL,NO_FAVORITE,3,2,0.3333,-1.8889,-0.62963
BTC,18-24,5,FUNNEL,NO_OUTSIDER,39,3,0.5897,10.7568,0.275816
BTC,18-24,5,FUNNEL,YES_FAVORITE,4,2,1.0,1.4345,0.358625
BTC,18-24,5,FUNNEL,YES_OUTSIDER,26,3,0.5,2.8158,0.108299
BTC,18-24,5,GRID,YES_FAVORITE,69,3,0.6957,-3.3388,-0.048389
BTC,18-24,5,GRID,YES_OUTSIDER,60,3,0.3,-4.62,-0.077
BTC,18-24,6,FUNNEL,NO_FAVORITE,5,2,0.8,1.5032,0.300634
BTC,18-24,6,FUNNEL,NO_OUTSIDER,39,3,0.4615,1.1869,0.030434
BTC,18-24,6,FUNNEL,YES_FAVORITE,1,1,1.0,0.1765,0.176471
BTC,18-24,6,FUNNEL,YES_OUTSIDER,27,3,0.2963,-8.4391,-0.31256
BTC,18-24,6,GRID,YES_FAVORITE,47,3,0.766,0.1071,0.002279
BTC,18-24,6,GRID,YES_OUTSIDER,62,3,0.1774,-28.6126,-0.461493
DOGE,00-06,0,FUNNEL,NO_FAVORITE,10,3,0.8,0.8033,0.080328
DOGE,00-06,0,FUNNEL,NO_OUTSIDER,29,3,0.3793,-3.9837,-0.137371
DOGE,00-06,0,FUNNEL,YES_FAVORITE,7,2,0.8571,3.6702,0.524318
DOGE,00-06,0,FUNNEL,YES_OUTSIDER,26,3,0.3462,-4.2431,-0.163198
DOGE,00-06,0,GRID,YES_FAVORITE,56,3,0.8393,2.6457,0.047244
DOGE,00-06,0,GRID,YES_OUTSIDER,54,3,0.2778,-15.6894,-0.290544
DOGE,00-06,1,FUNNEL,NO_FAVORITE,25,5,0.64,1.7661,0.070645
DOGE,00-06,1,FUNNEL,NO_OUTSIDER,28,5,0.3571,-5.9885,-0.213875
DOGE,00-06,1,FUNNEL,YES_FAVORITE,15,3,0.6,-1.3612,-0.09075
DOGE,00-06,1,FUNNEL,YES_OUTSIDER,29,4,0.3448,-6.7541,-0.2329
DOGE,00-06,1,GRID,YES_FAVORITE,78,5,0.6154,-17.1191,-0.219476
DOGE,00-06,1,GRID,YES_OUTSIDER,80,5,0.2375,-13.3115,-0.166394
DOGE,00-06,2,FUNNEL,NO_FAVORITE,38,5,0.5263,-3.8981,-0.102581
DOGE,00-06,2,FUNNEL,NO_OUTSIDER,31,5,0.5484,4.5805,0.147757
DOGE,00-06,2,FUNNEL,YES_FAVORITE,24,4,0.7083,5.3677,0.223653
DOGE,00-06,2,FUNNEL,YES_OUTSIDER,27,4,0.3704,-5.0468,-0.186918
DOGE,00-06,2,GRID,YES_FAVORITE,82,5,0.7317,0.1148,0.0014
DOGE,00-06,2,GRID,YES_OUTSIDER,79,5,0.2785,-29.4892,-0.373281
DOGE,00-06,3,FUNNEL,NO_FAVORITE,19,4,0.6842,1.7505,0.092134
DOGE,00-06,3,FUNNEL,NO_OUTSIDER,23,4,0.3043,-7.7569,-0.337256
DOGE,00-06,3,FUNNEL,YES_FAVORITE,9,3,0.6667,-1.7666,-0.196288
DOGE,00-06,3,FUNNEL,YES_OUTSIDER,29,3,0.4483,0.0044,0.000153
DOGE,00-06,3,GRID,YES_FAVORITE,84,4,0.6548,-15.3322,-0.182526
DOGE,00-06,3,GRID,YES_OUTSIDER,89,4,0.2697,-21.1606,-0.23776
DOGE,00-06,4,FUNNEL,NO_FAVORITE,16,2,0.4375,-4.4059,-0.275371
DOGE,00-06,4,FUNNEL,NO_OUTSIDER,19,3,0.4211,-0.5773,-0.030382
DOGE,00-06,4,FUNNEL,YES_FAVORITE,7,4,0.7143,1.1845,0.169216
DOGE,00-06,4,FUNNEL,YES_OUTSIDER,54,4,0.5,8.6578,0.16033
DOGE,00-06,4,GRID,YES_FAVORITE,132,4,0.7652,-6.4092,-0.048555
DOGE,00-06,4,GRID,YES_OUTSIDER,110,4,0.2455,39.8388,0.362171
DOGE,00-06,5,FUNNEL,NO_FAVORITE,23,4,0.5652,-2.5507,-0.110901
DOGE,00-06,5,FUNNEL,NO_OUTSIDER,20,4,0.4,-3.5222,-0.176112
DOGE,00-06,5,FUNNEL,YES_FAVORITE,13,4,0.5385,-1.2662,-0.097401
DOGE,00-06,5,FUNNEL,YES_OUTSIDER,34,4,0.5588,8.9422,0.263005
DOGE,00-06,5,GRID,YES_FAVORITE,91,4,0.7912,0.4644,0.005103
DOGE,00-06,5,GRID,YES_OUTSIDER,90,4,0.1889,-36.2673,-0.40297
DOGE,00-06,6,FUNNEL,NO_FAVORITE,9,3,0.4444,-2.6248,-0.291641
DOGE,00-06,6,FUNNEL,NO_OUTSIDER,31,3,0.5806,9.7196,0.313534
DOGE,00-06,6,FUNNEL,YES_FAVORITE,7,3,0.5714,-1.7401,-0.248585
DOGE,00-06,6,FUNNEL,YES_OUTSIDER,25,3,0.36,-5.3681,-0.214724
DOGE,00-06,6,GRID,YES_FAVORITE,63,3,0.7143,-4.4352,-0.070399
DOGE,00-06,6,GRID,YES_OUTSIDER,74,3,0.2838,-12.539,-0.169447
DOGE,06-12,0,FUNNEL,NO_FAVORITE,17,3,0.5294,-2.1616,-0.127151
DOGE,06-12,0,FUNNEL,NO_OUTSIDER,16,3,0.625,5.8223,0.363892
DOGE,06-12,0,FUNNEL,YES_FAVORITE,14,3,0.5,-3.4964,-0.249745
DOGE,06-12,0,FUNNEL,YES_OUTSIDER,25,3,0.52,3.1341,0.125363
DOGE,06-12,0,GRID,YES_FAVORITE,68,3,0.6618,-8.6819,-0.127676
DOGE,06-12,0,GRID,YES_OUTSIDER,80,3,0.2625,1.5708,0.019635
DOGE,06-12,1,FUNNEL,NO_FAVORITE,29,5,0.6552,1.2892,0.044456
DOGE,06-12,1,FUNNEL,NO_OUTSIDER,30,5,0.3667,2.5052,0.083507
DOGE,06-12,1,FUNNEL,YES_FAVORITE,14,3,0.7143,0.2377,0.01698
DOGE,06-12,1,FUNNEL,YES_OUTSIDER,25,4,0.44,-0.8464,-0.033855
DOGE,06-12,1,GRID,YES_FAVORITE,84,5,0.7857,1.4783,0.017599
DOGE,06-12,1,GRID,YES_OUTSIDER,83,5,0.2289,-28.5467,-0.343936
DOGE,06-12,2,FUNNEL,NO_FAVORITE,44,5,0.4545,-10.7827,-0.245061
DOGE,06-12,2,FUNNEL,NO_OUTSIDER,26,5,0.4615,-0.0299,-0.001151
DOGE,06-12,2,FUNNEL,YES_FAVORITE,14,3,0.5,-2.7426,-0.195898
DOGE,06-12,2,FUNNEL,YES_OUTSIDER,31,4,0.3226,-6.7828,-0.218799
DOGE,06-12,2,GRID,YES_FAVORITE,83,5,0.7349,-2.0045,-0.024151
DOGE,06-12,2,GRID,YES_OUTSIDER,76,5,0.2632,-21.5826,-0.283981
DOGE,06-12,3,FUNNEL,NO_FAVORITE,20,4,0.65,1.2068,0.060339
DOGE,06-12,3,FUNNEL,NO_OUTSIDER,19,4,0.2632,-8.6667,-0.45614
DOGE,06-12,3,FUNNEL,YES_FAVORITE,22,4,0.5909,-2.261,-0.102771
DOGE,06-12,3,FUNNEL,YES_OUTSIDER,21,4,0.381,-2.8626,-0.136313
DOGE,06-12,3,GRID,YES_FAVORITE,66,4,0.8182,1.4669,0.022226
DOGE,06-12,3,GRID,YES_OUTSIDER,83,4,0.3012,-5.1536,-0.062091
DOGE,06-12,4,FUNNEL,NO_FAVORITE,13,3,0.6154,0.7458,0.05737
DOGE,06-12,4,FUNNEL,NO_OUTSIDER,26,4,0.3846,-3.6024,-0.138554
DOGE,06-12,4,FUNNEL,YES_FAVORITE,13,4,0.7692,2.82,0.21692
DOGE,06-12,4,FUNNEL,YES_OUTSIDER,43,4,0.4884,3.1012,0.072121
DOGE,06-12,4,GRID,YES_FAVORITE,148,4,0.7905,-1.6323,-0.011029
DOGE,06-12,4,GRID,YES_OUTSIDER,98,4,0.1837,-48.2807,-0.492661
DOGE,06-12,5,FUNNEL,NO_FAVORITE,19,4,0.5789,-0.3588,-0.018884
DOGE,06-12,5,FUNNEL,NO_OUTSIDER,19,4,0.3684,-4.5297,-0.238407
DOGE,06-12,5,FUNNEL,YES_FAVORITE,18,4,0.5,-4.5657,-0.253649
DOGE,06-12,5,FUNNEL,YES_OUTSIDER,36,4,0.4167,-1.8228,-0.050632
DOGE,06-12,5,GRID,YES_FAVORITE,98,4,0.6837,-11.2312,-0.114605
DOGE,06-12,5,GRID,YES_OUTSIDER,109,4,0.2752,1.273,0.011679
DOGE,06-12,6,FUNNEL,NO_FAVORITE,4,2,1.0,1.4332,0.358304
DOGE,06-12,6,FUNNEL,NO_OUTSIDER,37,3,0.3243,-8.0964,-0.218822
DOGE,06-12,6,FUNNEL,YES_FAVORITE,2,1,0.5,-0.0769,-0.038461
DOGE,06-12,6,FUNNEL,YES_OUTSIDER,24,3,0.625,11.654,0.485584
DOGE,06-12,6,GRID,YES_FAVORITE,80,3,0.725,-5.7509,-0.071886
DOGE,06-12,6,GRID,YES_OUTSIDER,62,3,0.4032,33.886,0.546548
DOGE,12-18,0,FUNNEL,NO_FAVORITE,10,4,0.4,-4.4651,-0.446514
DOGE,12-18,0,FUNNEL,NO_OUTSIDER,25,3,0.4,-3.257,-0.130281
DOGE,12-18,0,FUNNEL,YES_FAVORITE,7,3,0.4286,-2.4584,-0.3512
DOGE,12-18,0,FUNNEL,YES_OUTSIDER,29,4,0.4138,-2.3503,-0.081046
DOGE,12-18,0,GRID,YES_FAVORITE,47,4,0.8511,5.9641,0.126896
DOGE,12-18,0,GRID,YES_OUTSIDER,65,4,0.2154,-18.8107,-0.289396
DOGE,12-18,1,FUNNEL,NO_FAVORITE,29,5,0.5862,0.4221,0.014554
DOGE,12-18,1,FUNNEL,NO_OUTSIDER,34,5,0.5294,4.7418,0.139463
DOGE,12-18,1,FUNNEL,YES_FAVORITE,17,4,0.5882,-2.7169,-0.159817
DOGE,12-18,1,FUNNEL,YES_OUTSIDER,38,4,0.4211,-3.2721,-0.086108
DOGE,12-18,1,GRID,YES_FAVORITE,82,5,0.7317,-5.1759,-0.063121
DOGE,12-18,1,GRID,YES_OUTSIDER,73,5,0.2329,-11.8535,-0.162377
DOGE,12-18,2,FUNNEL,NO_FAVORITE,23,5,0.6522,0.083,0.003611
DOGE,12-18,2,FUNNEL,NO_OUTSIDER,18,4,0.6111,6.2529,0.347383
DOGE,12-18,2,FUNNEL,YES_FAVORITE,33,5,0.7273,2.5699,0.077875
DOGE,12-18,2,FUNNEL,YES_OUTSIDER,32,4,0.375,-4.9881,-0.15588
DOGE,12-18,2,GRID,YES_FAVORITE,81,5,0.6914,-10.3991,-0.128384
DOGE,12-18,2,GRID,YES_OUTSIDER,81,5,0.1975,-17.4915,-0.215945
DOGE,12-18,3,FUNNEL,NO_FAVORITE,9,3,0.5556,-0.85,-0.094445
DOGE,12-18,3,FUNNEL,NO_OUTSIDER,22,3,0.1818,-13.2035,-0.600157
DOGE,12-18,3,FUNNEL,YES_FAVORITE,22,4,0.5,-2.9273,-0.133061
DOGE,12-18,3,FUNNEL,YES_OUTSIDER,42,4,0.381,-7.7654,-0.18489
DOGE,12-18,3,GRID,YES_FAVORITE,117,4,0.8034,3.9074,0.033397
DOGE,12-18,3,GRID,YES_OUTSIDER,110,4,0.2364,-35.764,-0.325127
DOGE,12-18,4,FUNNEL,NO_FAVORITE,15,3,0.5333,-2.4464,-0.163094
DOGE,12-18,4,FUNNEL,NO_OUTSIDER,23,4,0.5652,6.7287,0.29255
DOGE,12-18,4,FUNNEL,YES_FAVORITE,5,4,0.6,-0.652,-0.130405
DOGE,12-18,4,FUNNEL,YES_OUTSIDER,29,4,0.5172,5.7437,0.19806
DOGE,12-18,4,GRID,YES_FAVORITE,81,4,0.7284,-6.0903,-0.075188
DOGE,12-18,4,GRID,YES_OUTSIDER,101,4,0.2376,-22.2342,-0.220141
DOGE,12-18,5,FUNNEL,NO_FAVORITE,18,3,0.4444,-4.2717,-0.237315
DOGE,12-18,5,FUNNEL,NO_OUTSIDER,22,3,0.3182,-5.411,-0.245955
DOGE,12-18,5,FUNNEL,YES_FAVORITE,9,3,0.7778,2.396,0.266226
DOGE,12-18,5,FUNNEL,YES_OUTSIDER,22,3,0.5455,2.7574,0.125334
DOGE,12-18,5,GRID,YES_FAVORITE,94,3,0.7872,0.8063,0.008577
DOGE,12-18,5,GRID,YES_OUTSIDER,65,3,0.3538,-8.159,-0.125523
DOGE,12-18,6,FUNNEL,NO_FAVORITE,6,2,0.8333,1.5392,0.256526
DOGE,12-18,6,FUNNEL,NO_OUTSIDER,26,3,0.2692,-9.9607,-0.383103
DOGE,12-18,6,FUNNEL,YES_FAVORITE,9,3,0.6667,-0.8307,-0.092297
DOGE,12-18,6,FUNNEL,YES_OUTSIDER,31,3,0.3871,-4.7745,-0.154015
DOGE,12-18,6,GRID,YES_FAVORITE,52,3,0.7692,-1.1347,-0.021821
DOGE,12-18,6,GRID,YES_OUTSIDER,62,3,0.3387,-0.0029,-4.6e-05
DOGE,18-24,0,FUNNEL,NO_FAVORITE,20,4,0.5,-5.2162,-0.260809
DOGE,18-24,0,FUNNEL,NO_OUTSIDER,25,4,0.32,-8.063,-0.322522
DOGE,18-24,0,FUNNEL,YES_FAVORITE,9,3,0.6667,0.3289,0.036548
DOGE,18-24,0,FUNNEL,YES_OUTSIDER,21,3,0.3333,-5.7084,-0.271826
DOGE,18-24,0,GRID,YES_FAVORITE,51,4,0.8235,7.193,0.141039
DOGE,18-24,0,GRID,YES_OUTSIDER,76,4,0.3158,8.2342,0.108344
DOGE,18-24,1,FUNNEL,NO_FAVORITE,36,5,0.5278,-4.012,-0.111443
DOGE,18-24,1,FUNNEL,NO_OUTSIDER,35,5,0.5714,9.7355,0.278158
DOGE,18-24,1,FUNNEL,YES_FAVORITE,11,3,0.5455,-0.7719,-0.070172
DOGE,18-24,1,FUNNEL,YES_OUTSIDER,38,4,0.3947,-2.5535,-0.067197
DOGE,18-24,1,GRID,YES_FAVORITE,64,5,0.7656,1.4339,0.022405
DOGE,18-24,1,GRID,YES_OUTSIDER,102,5,0.1961,-32.3277,-0.316938
DOGE,18-24,2,FUNNEL,NO_FAVORITE,33,5,0.5455,-6.8582,-0.207825
DOGE,18-24,2,FUNNEL,NO_OUTSIDER,29,4,0.4138,-2.8006,-0.096572
DOGE,18-24,2,FUNNEL,YES_FAVORITE,16,5,0.8125,4.2603,0.266266
DOGE,18-24,2,FUNNEL,YES_OUTSIDER,25,3,0.4,-2.2157,-0.088626
DOGE,18-24,2,GRID,YES_FAVORITE,97,5,0.8144,6.0028,0.061885
DOGE,18-24,2,GRID,YES_OUTSIDER,102,5,0.2549,-10.0048,-0.098086
DOGE,18-24,3,FUNNEL,NO_FAVORITE,17,3,0.3529,-7.7987,-0.458746
DOGE,18-24,3,FUNNEL,NO_OUTSIDER,28,3,0.4286,-0.219,-0.007821
DOGE,18-24,3,FUNNEL,YES_FAVORITE,18,4,0.4444,-3.6405,-0.202249
DOGE,18-24,3,FUNNEL,YES_OUTSIDER,33,4,0.5152,4.2146,0.127717
DOGE,18-24,3,GRID,YES_FAVORITE,146,4,0.8219,7.2253,0.049488
DOGE,18-24,3,GRID,YES_OUTSIDER,122,4,0.2049,-43.359,-0.355402
DOGE,18-24,4,FUNNEL,NO_FAVORITE,18,3,0.3889,-5.9524,-0.330686
DOGE,18-24,4,FUNNEL,NO_OUTSIDER,29,4,0.3103,-8.6307,-0.297609
DOGE,18-24,4,FUNNEL,YES_FAVORITE,11,3,0.4545,-3.6003,-0.327303
DOGE,18-24,4,FUNNEL,YES_OUTSIDER,38,4,0.5263,7.6177,0.200465
DOGE,18-24,4,GRID,YES_FAVORITE,102,4,0.8922,16.1467,0.158301
DOGE,18-24,4,GRID,YES_OUTSIDER,107,4,0.2991,67.4064,0.629966
DOGE,18-24,5,FUNNEL,NO_FAVORITE,14,3,0.6429,1.8002,0.128587
DOGE,18-24,5,FUNNEL,NO_OUTSIDER,24,3,0.5,3.3616,0.140066
DOGE,18-24,5,FUNNEL,YES_FAVORITE,11,2,0.5455,0.1216,0.01105
DOGE,18-24,5,FUNNEL,YES_OUTSIDER,23,3,0.3478,-3.6669,-0.159429
DOGE,18-24,5,GRID,YES_FAVORITE,73,3,0.6164,-12.2642,-0.168003
DOGE,18-24,5,GRID,YES_OUTSIDER,52,3,0.2115,-19.2028,-0.369285
DOGE,18-24,6,FUNNEL,NO_FAVORITE,12,3,0.5,-2.0778,-0.173148
DOGE,18-24,6,FUNNEL,NO_OUTSIDER,21,3,0.5238,3.7827,0.180131
DOGE,18-24,6,FUNNEL,YES_FAVORITE,5,1,0.6,0.7734,0.154684
DOGE,18-24,6,FUNNEL,YES_OUTSIDER,34,3,0.3824,-3.7218,-0.109464
DOGE,18-24,6,GRID,YES_FAVORITE,45,3,0.7778,1.6985,0.037744
DOGE,18-24,6,GRID,YES_OUTSIDER,68,3,0.25,8.608,0.126588
ETH,00-06,0,FUNNEL,NO_OUTSIDER,36,3,0.5,3.8407,0.106686
ETH,00-06,0,FUNNEL,YES_FAVORITE,1,1,1.0,0.2821,0.282051
ETH,00-06,0,FUNNEL,YES_OUTSIDER,35,3,0.4286,-2.0342,-0.058121
ETH,00-06,0,GRID,YES_FAVORITE,58,3,0.7586,-1.5637,-0.02696
ETH,00-06,0,GRID,YES_OUTSIDER,53,3,0.3019,-12.4781,-0.235436
ETH,00-06,1,FUNNEL,NO_FAVORITE,12,3,0.6667,0.8787,0.073222
ETH,00-06,1,FUNNEL,NO_OUTSIDER,39,4,0.5385,5.3963,0.138367
ETH,00-06,1,FUNNEL,YES_FAVORITE,6,3,0.5,-1.9538,-0.325641
ETH,00-06,1,FUNNEL,YES_OUTSIDER,36,4,0.5556,6.142,0.17061
ETH,00-06,1,GRID,YES_FAVORITE,70,5,0.7714,0.4605,0.006578
ETH,00-06,1,GRID,YES_OUTSIDER,88,5,0.2955,6.482,0.073659
ETH,00-06,2,FUNNEL,NO_FAVORITE,10,4,0.6,-1.0469,-0.104688
ETH,00-06,2,FUNNEL,NO_OUTSIDER,31,5,0.4839,1.1264,0.036335
ETH,00-06,2,FUNNEL,YES_FAVORITE,16,3,0.625,3.2685,0.20428
ETH,00-06,2,FUNNEL,YES_OUTSIDER,41,4,0.4634,-0.4014,-0.00979
ETH,00-06,2,GRID,YES_FAVORITE,84,5,0.7024,-1.5581,-0.018549
ETH,00-06,2,GRID,YES_OUTSIDER,78,5,0.3718,3.0113,0.038607
ETH,00-06,3,FUNNEL,NO_FAVORITE,14,2,0.7143,0.3005,0.021465
ETH,00-06,3,FUNNEL,NO_OUTSIDER,26,3,0.3846,-4.2732,-0.164353
ETH,00-06,3,FUNNEL,YES_FAVORITE,13,1,0.8462,1.7637,0.135669
ETH,00-06,3,FUNNEL,YES_OUTSIDER,27,3,0.4074,-2.3383,-0.086604
ETH,00-06,3,GRID,YES_FAVORITE,90,4,0.7556,-0.8282,-0.009203
ETH,00-06,3,GRID,YES_OUTSIDER,83,4,0.1687,-40.424,-0.487036
ETH,00-06,4,FUNNEL,NO_FAVORITE,4,2,0.25,-2.0392,-0.509804
ETH,00-06,4,FUNNEL,NO_OUTSIDER,41,4,0.3902,-5.6603,-0.138055
ETH,00-06,4,FUNNEL,YES_OUTSIDER,51,4,0.451,-1.385,-0.027157
ETH,00-06,4,GRID,YES_FAVORITE,134,4,0.7164,-8.9506,-0.066795
ETH,00-06,4,GRID,YES_OUTSIDER,111,4,0.3063,42.6133,0.383904
ETH,00-06,5,FUNNEL,NO_FAVORITE,9,3,0.5556,0.7662,0.085135
ETH,00-06,5,FUNNEL,NO_OUTSIDER,44,4,0.3636,-8.9781,-0.204047
ETH,00-06,5,FUNNEL,YES_FAVORITE,3,2,0.6667,0.8839,0.29462
ETH,00-06,5,FUNNEL,YES_OUTSIDER,34,4,0.3824,-5.6286,-0.165546
ETH,00-06,5,GRID,YES_FAVORITE,94,4,0.766,-0.5879,-0.006254
ETH,00-06,5,GRID,YES_OUTSIDER,89,4,0.2135,-40.3961,-0.453888
ETH,00-06,6,FUNNEL,NO_FAVORITE,1,1,1.0,0.9608,0.960784
ETH,00-06,6,FUNNEL,NO_OUTSIDER,22,2,0.4545,0.5977,0.027167
ETH,00-06,6,FUNNEL,YES_OUTSIDER,25,2,0.28,-9.8062,-0.392249
ETH,00-06,6,GRID,YES_FAVORITE,44,2,0.6591,-3.5339,-0.080316
ETH,00-06,6,GRID,YES_OUTSIDER,54,2,0.2222,-19.767,-0.366055
ETH,06-12,0,FUNNEL,NO_FAVORITE,1,1,0.0,-1.0,-1.0
ETH,06-12,0,FUNNEL,NO_OUTSIDER,39,3,0.5897,9.5208,0.244124
ETH,06-12,0,FUNNEL,YES_FAVORITE,1,1,1.0,0.0526,0.052632
ETH,06-12,0,FUNNEL,YES_OUTSIDER,31,3,0.5484,6.0316,0.194569
ETH,06-12,0,GRID,YES_FAVORITE,76,3,0.7632,4.6506,0.061192
ETH,06-12,0,GRID,YES_OUTSIDER,69,3,0.1594,-36.3221,-0.526407
ETH,06-12,1,FUNNEL,NO_FAVORITE,11,4,0.6364,-0.8724,-0.079307
ETH,06-12,1,FUNNEL,NO_OUTSIDER,30,5,0.4333,-2.0456,-0.068187
ETH,06-12,1,FUNNEL,YES_FAVORITE,10,4,0.8,3.6552,0.365519
ETH,06-12,1,FUNNEL,YES_OUTSIDER,35,5,0.5143,4.9383,0.141093
ETH,06-12,1,GRID,YES_FAVORITE,86,5,0.8023,6.3632,0.073991
ETH,06-12,1,GRID,YES_OUTSIDER,79,5,0.2532,-7.6356,-0.096653
ETH,06-12,2,FUNNEL,NO_FAVORITE,16,3,0.5625,-0.8533,-0.053332
ETH,06-12,2,FUNNEL,NO_OUTSIDER,48,5,0.4583,1.0313,0.021485
ETH,06-12,2,FUNNEL,YES_FAVORITE,2,2,1.0,1.8839,0.941931
ETH,06-12,2,FUNNEL,YES_OUTSIDER,36,4,0.4722,1.0878,0.030217
ETH,06-12,2,GRID,YES_FAVORITE,81,5,0.7531,0.2946,0.003637
ETH,06-12,2,GRID,YES_OUTSIDER,80,5,0.3375,6.1314,0.076642
ETH,06-12,3,FUNNEL,NO_FAVORITE,13,4,0.6923,-0.2786,-0.021433
ETH,06-12,3,FUNNEL,NO_OUTSIDER,37,4,0.4595,-0.5562,-0.015031
ETH,06-12,3,FUNNEL,YES_FAVORITE,14,3,0.8571,3.2513,0.232234
ETH,06-12,3,FUNNEL,YES_OUTSIDER,17,4,0.2941,-6.2447,-0.367336
ETH,06-12,3,GRID,YES_FAVORITE,66,4,0.8636,6.6405,0.100613
ETH,06-12,3,GRID,YES_OUTSIDER,82,4,0.1951,-33.1727,-0.404545
ETH,06-12,4,FUNNEL,NO_FAVORITE,3,3,1.0,1.8335,0.611152
ETH,06-12,4,FUNNEL,NO_OUTSIDER,53,4,0.566,15.4225,0.290991
ETH,06-12,4,FUNNEL,YES_FAVORITE,1,1,1.0,0.1628,0.162791
ETH,06-12,4,FUNNEL,YES_OUTSIDER,38,4,0.6053,14.2925,0.376118
ETH,06-12,4,GRID,YES_FAVORITE,122,4,0.7705,-1.0759,-0.008819
ETH,06-12,4,GRID,YES_OUTSIDER,109,4,0.1743,-25.9222,-0.237818
ETH,06-12,5,FUNNEL,NO_FAVORITE,13,4,0.6154,1.2943,0.099564
ETH,06-12,5,FUNNEL,NO_OUTSIDER,48,4,0.4583,-0.5654,-0.01178
ETH,06-12,5,FUNNEL,YES_FAVORITE,6,2,0.1667,-4.0392,-0.673203
ETH,06-12,5,FUNNEL,YES_OUTSIDER,25,4,0.56,7.0673,0.282691
ETH,06-12,5,GRID,YES_FAVORITE,101,4,0.7525,-2.6391,-0.02613
ETH,06-12,5,GRID,YES_OUTSIDER,105,4,0.2952,15.9354,0.151766
ETH,06-12,6,FUNNEL,NO_FAVORITE,2,2,0.5,-0.9247,-0.462365
ETH,06-12,6,FUNNEL,NO_OUTSIDER,25,3,0.4,-4.2792,-0.17117
ETH,06-12,6,FUNNEL,YES_OUTSIDER,21,2,0.4762,1.5114,0.07197
ETH,06-12,6,GRID,YES_FAVORITE,56,3,0.7321,-2.2364,-0.039935
ETH,06-12,6,GRID,YES_OUTSIDER,41,3,0.2195,16.2969,0.397485
ETH,12-18,0,FUNNEL,NO_FAVORITE,6,3,0.6667,-1.0212,-0.170192
ETH,12-18,0,FUNNEL,NO_OUTSIDER,26,4,0.5385,3.8727,0.148951
ETH,12-18,0,FUNNEL,YES_FAVORITE,3,1,0.6667,0.9216,0.307189
ETH,12-18,0,FUNNEL,YES_OUTSIDER,36,4,0.4444,-0.4947,-0.013742
ETH,12-18,0,GRID,YES_FAVORITE,45,4,0.8444,8.3327,0.18517
ETH,12-18,0,GRID,YES_OUTSIDER,67,4,0.2388,-18.8265,-0.280993
ETH,12-18,1,FUNNEL,NO_FAVORITE,5,4,0.4,-1.1161,-0.223228
ETH,12-18,1,FUNNEL,NO_OUTSIDER,50,4,0.44,-1.6007,-0.032013
ETH,12-18,1,FUNNEL,YES_OUTSIDER,43,5,0.3721,-8.9437,-0.207993
ETH,12-18,1,GRID,YES_FAVORITE,76,5,0.75,1.2075,0.015888
ETH,12-18,1,GRID,YES_OUTSIDER,88,5,0.2273,-29.7247,-0.33778
ETH,12-18,2,FUNNEL,NO_FAVORITE,13,4,0.6923,-0.0868,-0.006678
ETH,12-18,2,FUNNEL,NO_OUTSIDER,46,4,0.4348,-1.4619,-0.03178
ETH,12-18,2,FUNNEL,YES_FAVORITE,13,3,1.0,6.5571,0.504394
ETH,12-18,2,FUNNEL,YES_OUTSIDER,33,4,0.4242,-1.7952,-0.054401
ETH,12-18,2,GRID,YES_FAVORITE,72,5,0.8611,9.2141,0.127974
ETH,12-18,2,GRID,YES_OUTSIDER,90,5,0.2333,-10.9578,-0.121753
ETH,12-18,3,FUNNEL,NO_FAVORITE,2,2,1.0,0.9882,0.494108
ETH,12-18,3,FUNNEL,NO_OUTSIDER,41,4,0.3171,-12.7176,-0.310185
ETH,12-18,3,FUNNEL,YES_FAVORITE,1,1,1.0,0.9608,0.960784
ETH,12-18,3,FUNNEL,YES_OUTSIDER,51,4,0.451,-0.5133,-0.010065
ETH,12-18,3,GRID,YES_FAVORITE,117,4,0.8034,9.1708,0.078383
ETH,12-18,3,GRID,YES_OUTSIDER,110,4,0.2909,-7.5151,-0.068319
ETH,12-18,4,FUNNEL,NO_FAVORITE,3,3,0.6667,0.2108,0.070261
ETH,12-18,4,FUNNEL,NO_OUTSIDER,37,4,0.4324,1.2153,0.032847
ETH,12-18,4,FUNNEL,YES_OUTSIDER,32,4,0.4062,-1.8079,-0.056496
ETH,12-18,4,GRID,YES_FAVORITE,82,4,0.7805,3.9876,0.048629
ETH,12-18,4,GRID,YES_OUTSIDER,93,4,0.1828,-29.5134,-0.317348
ETH,12-18,5,FUNNEL,NO_FAVORITE,2,1,0.0,-2.0,-1.0
ETH,12-18,5,FUNNEL,NO_OUTSIDER,33,3,0.4242,-2.2662,-0.068673
ETH,12-18,5,FUNNEL,YES_FAVORITE,3,2,0.0,-3.0,-1.0
ETH,12-18,5,FUNNEL,YES_OUTSIDER,29,3,0.4828,0.0355,0.001225
ETH,12-18,5,GRID,YES_FAVORITE,96,3,0.7292,-0.0945,-0.000984
ETH,12-18,5,GRID,YES_OUTSIDER,62,3,0.2097,-24.3144,-0.392168
ETH,12-18,6,FUNNEL,NO_FAVORITE,6,2,0.6667,-0.537,-0.089502
ETH,12-18,6,FUNNEL,NO_OUTSIDER,23,3,0.3478,-5.8088,-0.252556
ETH,12-18,6,FUNNEL,YES_FAVORITE,6,2,0.8333,-0.4243,-0.070723
ETH,12-18,6,FUNNEL,YES_OUTSIDER,37,3,0.5135,6.2911,0.17003
ETH,12-18,6,GRID,YES_FAVORITE,68,3,0.8529,14.1497,0.208083
ETH,12-18,6,GRID,YES_OUTSIDER,48,3,0.2083,-20.76,-0.4325
ETH,18-24,0,FUNNEL,NO_FAVORITE,6,2,0.3333,-2.1901,-0.365022
ETH,18-24,0,FUNNEL,NO_OUTSIDER,32,3,0.5312,6.7503,0.210946
ETH,18-24,0,FUNNEL,YES_FAVORITE,6,2,0.5,-0.9552,-0.159202
ETH,18-24,0,FUNNEL,YES_OUTSIDER,33,4,0.3636,-7.4003,-0.224252
ETH,18-24,0,GRID,YES_FAVORITE,45,4,0.8,5.297,0.117712
ETH,18-24,0,GRID,YES_OUTSIDER,80,4,0.275,1.4419,0.018024
ETH,18-24,1,FUNNEL,NO_FAVORITE,9,4,0.4444,-1.1946,-0.13273
ETH,18-24,1,FUNNEL,NO_OUTSIDER,47,5,0.4468,-1.4423,-0.030686
ETH,18-24,1,FUNNEL,YES_FAVORITE,6,1,0.3333,-2.1874,-0.364561
ETH,18-24,1,FUNNEL,YES_OUTSIDER,37,4,0.4324,-1.1228,-0.030346
ETH,18-24,1,GRID,YES_FAVORITE,63,5,0.8095,9.8385,0.156167
ETH,18-24,1,GRID,YES_OUTSIDER,101,5,0.2475,-19.3314,-0.1914
ETH,18-24,2,FUNNEL,NO_FAVORITE,14,3,0.7143,-0.3061,-0.021867
ETH,18-24,2,FUNNEL,NO_OUTSIDER,35,4,0.3429,-9.3417,-0.266906
ETH,18-24,2,FUNNEL,YES_FAVORITE,12,2,0.6667,-0.0485,-0.00404
ETH,18-24,2,FUNNEL,YES_OUTSIDER,42,5,0.5476,9.4449,0.224877
ETH,18-24,2,GRID,YES_FAVORITE,98,5,0.7857,6.2941,0.064225
ETH,18-24,2,GRID,YES_OUTSIDER,101,5,0.297,-17.854,-0.176772
ETH,18-24,3,FUNNEL,NO_FAVORITE,3,2,0.6667,0.4101,0.136686
ETH,18-24,3,FUNNEL,NO_OUTSIDER,60,4,0.4833,3.2833,0.054722
ETH,18-24,3,FUNNEL,YES_OUTSIDER,33,4,0.4848,3.0436,0.09223
ETH,18-24,3,GRID,YES_FAVORITE,134,4,0.7836,4.517,0.033709
ETH,18-24,3,GRID,YES_OUTSIDER,138,4,0.2174,-40.6271,-0.294399
ETH,18-24,4,FUNNEL,NO_FAVORITE,9,3,0.4444,-1.8676,-0.207516
ETH,18-24,4,FUNNEL,NO_OUTSIDER,42,4,0.4762,1.4876,0.035419
ETH,18-24,4,FUNNEL,YES_OUTSIDER,45,4,0.4444,-1.811,-0.040244
ETH,18-24,4,GRID,YES_FAVORITE,82,4,0.8171,10.1853,0.124211
ETH,18-24,4,GRID,YES_OUTSIDER,118,4,0.2881,0.5617,0.00476
ETH,18-24,5,FUNNEL,NO_FAVORITE,1,1,1.0,0.9608,0.960784
ETH,18-24,5,FUNNEL,NO_OUTSIDER,22,2,0.4091,-1.4136,-0.064254
ETH,18-24,5,FUNNEL,YES_OUTSIDER,25,2,0.44,-1.3018,-0.052074
ETH,18-24,5,GRID,YES_FAVORITE,58,2,0.7586,2.703,0.046604
ETH,18-24,5,GRID,YES_OUTSIDER,40,2,0.1,-28.7217,-0.718042
ETH,18-24,6,FUNNEL,NO_OUTSIDER,31,3,0.4194,-1.7766,-0.05731
ETH,18-24,6,FUNNEL,YES_FAVORITE,1,1,0.0,-1.0,-1.0
ETH,18-24,6,FUNNEL,YES_OUTSIDER,40,3,0.425,-2.1981,-0.054952
ETH,18-24,6,GRID,YES_FAVORITE,53,3,0.6604,-4.8299,-0.09113
ETH,18-24,6,GRID,YES_OUTSIDER,54,3,0.2593,-8.0675,-0.149398
SOL,00-06,0,FUNNEL,NO_FAVORITE,5,2,0.8,2.2335,0.446707
SOL,00-06,0,FUNNEL,NO_OUTSIDER,30,3,0.4667,3.261,0.1087
SOL,00-06,0,FUNNEL,YES_FAVORITE,4,2,0.25,-2.8235,-0.705882
SOL,00-06,0,FUNNEL,YES_OUTSIDER,33,3,0.4242,1.4361,0.043517
SOL,00-06,0,GRID,YES_FAVORITE,56,3,0.7857,0.9854,0.017596
SOL,00-06,0,GRID,YES_OUTSIDER,51,3,0.1961,-20.9086,-0.409973
SOL,00-06,1,FUNNEL,NO_FAVORITE,14,5,0.7143,0.9823,0.070164
SOL,00-06,1,FUNNEL,NO_OUTSIDER,40,5,0.55,6.1832,0.15458
SOL,00-06,1,FUNNEL,YES_FAVORITE,15,4,0.6667,1.6124,0.107492
SOL,00-06,1,FUNNEL,YES_OUTSIDER,33,4,0.4545,-1.4907,-0.045172
SOL,00-06,1,GRID,YES_FAVORITE,68,5,0.7941,0.6682,0.009826
SOL,00-06,1,GRID,YES_OUTSIDER,91,5,0.1758,-38.5455,-0.423577
SOL,00-06,2,FUNNEL,NO_FAVORITE,38,4,0.3947,-11.3972,-0.299925
SOL,00-06,2,FUNNEL,NO_OUTSIDER,33,5,0.5455,5.328,0.161456
SOL,00-06,2,FUNNEL,YES_FAVORITE,9,4,0.5556,-0.1575,-0.017495
SOL,00-06,2,FUNNEL,YES_OUTSIDER,33,5,0.3939,-5.2627,-0.159475
SOL,00-06,2,GRID,YES_FAVORITE,73,5,0.6575,-6.8479,-0.093807
SOL,00-06,2,GRID,YES_OUTSIDER,87,5,0.3333,-11.8899,-0.136665
SOL,00-06,3,FUNNEL,NO_FAVORITE,11,4,0.5455,-1.1439,-0.103989
SOL,00-06,3,FUNNEL,NO_OUTSIDER,32,4,0.4688,0.7319,0.022872
SOL,00-06,3,FUNNEL,YES_FAVORITE,8,3,0.75,1.7948,0.22435
SOL,00-06,3,FUNNEL,YES_OUTSIDER,29,3,0.5172,6.6626,0.229745
SOL,00-06,3,GRID,YES_FAVORITE,84,4,0.7262,-8.585,-0.102203
SOL,00-06,3,GRID,YES_OUTSIDER,87,4,0.2759,44.1128,0.507044
SOL,00-06,4,FUNNEL,NO_FAVORITE,14,4,0.5,-1.4968,-0.106912
SOL,00-06,4,FUNNEL,NO_OUTSIDER,41,4,0.5122,4.4758,0.109166
SOL,00-06,4,FUNNEL,YES_FAVORITE,8,3,0.75,1.3012,0.162652
SOL,00-06,4,FUNNEL,YES_OUTSIDER,33,4,0.3939,-4.2296,-0.128169
SOL,00-06,4,GRID,YES_FAVORITE,133,4,0.6767,-18.2761,-0.137414
SOL,00-06,4,GRID,YES_OUTSIDER,110,4,0.2091,46.1916,0.419924
SOL,00-06,5,FUNNEL,NO_FAVORITE,17,4,0.5294,-1.8221,-0.107179
SOL,00-06,5,FUNNEL,NO_OUTSIDER,30,4,0.3667,-4.5924,-0.153079
SOL,00-06,5,FUNNEL,YES_FAVORITE,5,3,0.8,0.2417,0.048347
SOL,00-06,5,FUNNEL,YES_OUTSIDER,38,4,0.6053,11.6201,0.305793
SOL,00-06,5,GRID,YES_FAVORITE,89,4,0.809,7.4644,0.083869
SOL,00-06,5,GRID,YES_OUTSIDER,92,4,0.3696,24.913,0.270794
SOL,00-06,6,FUNNEL,NO_FAVORITE,8,3,0.625,-1.1754,-0.14692
SOL,00-06,6,FUNNEL,NO_OUTSIDER,27,3,0.5185,3.751,0.138925
SOL,00-06,6,FUNNEL,YES_FAVORITE,6,3,0.5,-1.7172,-0.286204
SOL,00-06,6,FUNNEL,YES_OUTSIDER,31,3,0.3548,-4.3765,-0.141177
SOL,00-06,6,GRID,YES_FAVORITE,64,3,0.7031,-4.552,-0.071125
SOL,00-06,6,GRID,YES_OUTSIDER,74,3,0.1892,-21.4474,-0.289829
SOL,06-12,0,FUNNEL,NO_FAVORITE,21,3,0.5714,-3.7011,-0.176241
SOL,06-12,0,FUNNEL,NO_OUTSIDER,19,3,0.2632,-6.8603,-0.361068
SOL,06-12,0,FUNNEL,YES_FAVORITE,4,2,0.25,-2.9899,-0.747475
SOL,06-12,0,FUNNEL,YES_OUTSIDER,28,3,0.4643,3.2755,0.116984
SOL,06-12,0,GRID,YES_FAVORITE,71,3,0.8169,3.4845,0.049077
SOL,06-12,0,GRID,YES_OUTSIDER,76,3,0.25,-8.5919,-0.113051
SOL,06-12,1,FUNNEL,NO_FAVORITE,22,4,0.6818,0.7541,0.034277
SOL,06-12,1,FUNNEL,NO_OUTSIDER,32,5,0.4688,0.2725,0.008514
SOL,06-12,1,FUNNEL,YES_FAVORITE,12,4,0.6667,0.7392,0.061598
SOL,06-12,1,FUNNEL,YES_OUTSIDER,30,5,0.4,-4.2811,-0.142702
SOL,06-12,1,GRID,YES_FAVORITE,77,5,0.7013,-5.6072,-0.072821
SOL,06-12,1,GRID,YES_OUTSIDER,89,5,0.1348,-46.9347,-0.527357
SOL,06-12,2,FUNNEL,NO_FAVORITE,29,5,0.5862,-0.9383,-0.032355
SOL,06-12,2,FUNNEL,NO_OUTSIDER,52,5,0.5962,14.8402,0.285388
SOL,06-12,2,FUNNEL,YES_FAVORITE,8,5,0.875,2.3113,0.288915
SOL,06-12,2,FUNNEL,YES_OUTSIDER,26,4,0.3846,-3.3595,-0.12921
SOL,06-12,2,GRID,YES_FAVORITE,78,5,0.7051,-4.8612,-0.062324
SOL,06-12,2,GRID,YES_OUTSIDER,81,5,0.2222,-28.8583,-0.356275
SOL,06-12,3,FUNNEL,NO_FAVORITE,16,4,0.375,-6.3039,-0.393991
SOL,06-12,3,FUNNEL,NO_OUTSIDER,24,4,0.4167,-2.5762,-0.107343
SOL,06-12,3,FUNNEL,YES_FAVORITE,10,3,0.5,-2.7955,-0.279549
SOL,06-12,3,FUNNEL,YES_OUTSIDER,31,3,0.3226,-8.0594,-0.259981
SOL,06-12,3,GRID,YES_FAVORITE,66,4,0.7424,-1.1977,-0.018147
SOL,06-12,3,GRID,YES_OUTSIDER,89,4,0.2809,-6.232,-0.070023
SOL,06-12,4,FUNNEL,NO_FAVORITE,13,4,0.6923,1.3322,0.102481
SOL,06-12,4,FUNNEL,NO_OUTSIDER,42,4,0.4762,1.531,0.036452
SOL,06-12,4,FUNNEL,YES_FAVORITE,7,4,0.7143,-0.4383,-0.062609
SOL,06-12,4,FUNNEL,YES_OUTSIDER,33,4,0.4848,3.2441,0.098306
SOL,06-12,4,GRID,YES_FAVORITE,139,4,0.7122,-15.2626,-0.109803
SOL,06-12,4,GRID,YES_OUTSIDER,108,4,0.1389,-66.3881,-0.614705
SOL,06-12,5,FUNNEL,NO_FAVORITE,10,2,0.5,-0.1961,-0.019608
SOL,06-12,5,FUNNEL,NO_OUTSIDER,36,4,0.3056,-11.0581,-0.307169
SOL,06-12,5,FUNNEL,YES_FAVORITE,7,4,0.8571,1.9504,0.278635
SOL,06-12,5,FUNNEL,YES_OUTSIDER,39,4,0.4103,-2.3391,-0.059976
SOL,06-12,5,GRID,YES_FAVORITE,108,4,0.8889,16.9821,0.157241
SOL,06-12,5,GRID,YES_OUTSIDER,101,4,0.2574,17.4742,0.173012
SOL,06-12,6,FUNNEL,NO_FAVORITE,5,3,0.4,-1.5686,-0.313726
SOL,06-12,6,FUNNEL,NO_OUTSIDER,35,3,0.3429,-2.2888,-0.065394
SOL,06-12,6,FUNNEL,YES_FAVORITE,4,3,1.0,2.1449,0.536222
SOL,06-12,6,FUNNEL,YES_OUTSIDER,25,3,0.36,-5.2039,-0.208155
SOL,06-12,6,GRID,YES_FAVORITE,82,3,0.8293,3.5575,0.043384
SOL,06-12,6,GRID,YES_OUTSIDER,67,3,0.2239,-6.2863,-0.093826
SOL,12-18,0,FUNNEL,NO_FAVORITE,15,4,0.6667,0.1586,0.010574
SOL,12-18,0,FUNNEL,NO_OUTSIDER,23,4,0.4783,1.2948,0.056296
SOL,12-18,0,FUNNEL,YES_FAVORITE,5,3,0.6,-0.5957,-0.119144
SOL,12-18,0,FUNNEL,YES_OUTSIDER,28,4,0.3214,-7.8378,-0.279922
SOL,12-18,0,GRID,YES_FAVORITE,50,4,0.76,0.5988,0.011976
SOL,12-18,0,GRID,YES_OUTSIDER,64,4,0.2031,1.6822,0.026285
SOL,12-18,1,FUNNEL,NO_FAVORITE,12,4,0.5833,0.4716,0.039302
SOL,12-18,1,FUNNEL,NO_OUTSIDER,44,5,0.4773,1.625,0.036931
SOL,12-18,1,FUNNEL,YES_FAVORITE,15,4,0.5333,-1.7936,-0.119574
SOL,12-18,1,FUNNEL,YES_OUTSIDER,46,5,0.4348,-0.5702,-0.012396
SOL,12-18,1,GRID,YES_FAVORITE,69,5,0.7246,-3.2031,-0.046422
SOL,12-18,1,GRID,YES_OUTSIDER,93,5,0.3118,-9.8543,-0.10596
SOL,12-18,2,FUNNEL,NO_FAVORITE,17,4,0.7059,2.0659,0.121521
SOL,12-18,2,FUNNEL,NO_OUTSIDER,40,4,0.45,-1.5158,-0.037895
SOL,12-18,2,FUNNEL,YES_FAVORITE,22,5,0.6364,-1.4738,-0.066992
SOL,12-18,2,FUNNEL,YES_OUTSIDER,27,5,0.5926,8.8455,0.327612
SOL,12-18,2,GRID,YES_FAVORITE,79,5,0.8228,3.8763,0.049067
SOL,12-18,2,GRID,YES_OUTSIDER,85,5,0.2235,-27.6949,-0.325823
SOL,12-18,3,FUNNEL,NO_FAVORITE,7,2,0.4286,-1.9915,-0.284496
SOL,12-18,3,FUNNEL,NO_OUTSIDER,32,4,0.375,-6.8669,-0.214592
SOL,12-18,3,FUNNEL,YES_FAVORITE,14,4,0.5714,-0.7811,-0.055793
SOL,12-18,3,FUNNEL,YES_OUTSIDER,42,4,0.4524,-0.5639,-0.013426
SOL,12-18,3,GRID,YES_FAVORITE,116,4,0.8362,6.1363,0.052899
SOL,12-18,3,GRID,YES_OUTSIDER,114,4,0.307,-13.3916,-0.11747
SOL,12-18,4,FUNNEL,NO_FAVORITE,2,2,1.0,1.2595,0.629742
SOL,12-18,4,FUNNEL,NO_OUTSIDER,34,4,0.5588,10.5918,0.311524
SOL,12-18,4,FUNNEL,YES_FAVORITE,2,2,0.5,-0.6667,-0.333334
SOL,12-18,4,FUNNEL,YES_OUTSIDER,34,4,0.4706,2.6174,0.076981
SOL,12-18,4,GRID,YES_FAVORITE,85,4,0.6824,-10.1675,-0.119617
SOL,12-18,4,GRID,YES_OUTSIDER,96,4,0.1667,-35.9301,-0.374271
SOL,12-18,5,FUNNEL,NO_FAVORITE,5,3,0.6,-1.0594,-0.211886
SOL,12-18,5,FUNNEL,NO_OUTSIDER,37,3,0.3514,-6.7285,-0.181851
SOL,12-18,5,FUNNEL,YES_FAVORITE,6,3,0.5,-1.8083,-0.301379
SOL,12-18,5,FUNNEL,YES_OUTSIDER,23,3,0.4348,-0.5667,-0.02464
SOL,12-18,5,GRID,YES_FAVORITE,97,3,0.732,-3.6044,-0.037159
SOL,12-18,5,GRID,YES_OUTSIDER,62,3,0.3065,3.5992,0.058052
SOL,12-18,6,FUNNEL,NO_FAVORITE,13,3,0.6154,-1.4407,-0.110826
SOL,12-18,6,FUNNEL,NO_OUTSIDER,29,3,0.3448,-7.6847,-0.264988
SOL,12-18,6,FUNNEL,YES_FAVORITE,6,2,1.0,1.6823,0.280387
SOL,12-18,6,FUNNEL,YES_OUTSIDER,24,3,0.4167,-1.8521,-0.077172
SOL,12-18,6,GRID,YES_FAVORITE,55,3,0.8,3.9219,0.071307
SOL,12-18,6,GRID,YES_OUTSIDER,61,3,0.2787,55.4892,0.909658
SOL,18-24,0,FUNNEL,NO_FAVORITE,15,4,0.6667,1.2539,0.083594
SOL,18-24,0,FUNNEL,NO_OUTSIDER,26,4,0.4615,1.1912,0.045817
SOL,18-24,0,FUNNEL,YES_FAVORITE,11,3,0.4545,-2.3473,-0.213394
SOL,18-24,0,FUNNEL,YES_OUTSIDER,36,4,0.3056,-12.6677,-0.351881
SOL,18-24,0,GRID,YES_FAVORITE,49,4,0.7959,4.089,0.083449
SOL,18-24,0,GRID,YES_OUTSIDER,79,4,0.1772,-31.1537,-0.394351
SOL,18-24,1,FUNNEL,NO_FAVORITE,15,4,0.3333,-6.8611,-0.45741
SOL,18-24,1,FUNNEL,NO_OUTSIDER,43,5,0.5116,4.4336,0.103108
SOL,18-24,1,FUNNEL,YES_FAVORITE,14,4,0.5714,1.0047,0.071761
SOL,18-24,1,FUNNEL,YES_OUTSIDER,43,5,0.4651,0.4929,0.011462
SOL,18-24,1,GRID,YES_FAVORITE,67,5,0.7313,1.1081,0.016538
SOL,18-24,1,GRID,YES_OUTSIDER,99,5,0.2828,-8.3187,-0.084028
SOL,18-24,2,FUNNEL,NO_FAVORITE,15,5,0.7333,1.1052,0.073681
SOL,18-24,2,FUNNEL,NO_OUTSIDER,45,5,0.3556,-7.2406,-0.160902
SOL,18-24,2,FUNNEL,YES_FAVORITE,7,4,0.8571,3.6486,0.521224
SOL,18-24,2,FUNNEL,YES_OUTSIDER,36,5,0.4722,3.9278,0.109105
SOL,18-24,2,GRID,YES_FAVORITE,101,5,0.802,8.4323,0.083489
SOL,18-24,2,GRID,YES_OUTSIDER,96,5,0.2708,1.4485,0.015089
SOL,18-24,3,FUNNEL,NO_FAVORITE,8,2,0.625,-0.4813,-0.060167
SOL,18-24,3,FUNNEL,NO_OUTSIDER,42,4,0.4524,0.5943,0.01415
SOL,18-24,3,FUNNEL,YES_FAVORITE,8,4,0.75,1.3143,0.164282
SOL,18-24,3,FUNNEL,YES_OUTSIDER,38,4,0.4474,-2.8217,-0.074254
SOL,18-24,3,GRID,YES_FAVORITE,137,4,0.8102,4.594,0.033533
SOL,18-24,3,GRID,YES_OUTSIDER,131,4,0.1832,-63.1673,-0.482193
SOL,18-24,4,FUNNEL,NO_FAVORITE,15,4,0.6,-1.4926,-0.099506
SOL,18-24,4,FUNNEL,NO_OUTSIDER,33,4,0.3333,-7.545,-0.228635
SOL,18-24,4,FUNNEL,YES_FAVORITE,9,4,0.8889,3.2309,0.358992
SOL,18-24,4,FUNNEL,YES_OUTSIDER,39,4,0.5385,8.4374,0.216344
SOL,18-24,4,GRID,YES_FAVORITE,86,4,0.8372,11.0562,0.12856
SOL,18-24,4,GRID,YES_OUTSIDER,117,4,0.4103,45.9607,0.392827
SOL,18-24,5,FUNNEL,NO_FAVORITE,5,2,0.8,1.1326,0.226525
SOL,18-24,5,FUNNEL,NO_OUTSIDER,34,3,0.3824,-2.5037,-0.073638
SOL,18-24,5,FUNNEL,YES_FAVORITE,5,2,0.8,0.6014,0.120274
SOL,18-24,5,FUNNEL,YES_OUTSIDER,28,3,0.3571,-5.9165,-0.211305
SOL,18-24,5,GRID,YES_FAVORITE,65,3,0.8615,6.2087,0.095519
SOL,18-24,5,GRID,YES_OUTSIDER,59,3,0.2034,-20.3879,-0.345558
SOL,18-24,6,FUNNEL,NO_FAVORITE,9,3,0.4444,-2.5653,-0.285036
SOL,18-24,6,FUNNEL,NO_OUTSIDER,24,3,0.4583,1.0339,0.043079
SOL,18-24,6,FUNNEL,YES_FAVORITE,4,2,0.5,-0.8898,-0.222448
SOL,18-24,6,FUNNEL,YES_OUTSIDER,35,3,0.4286,-2.7062,-0.077321
SOL,18-24,6,GRID,YES_FAVORITE,47,3,0.7021,-2.0825,-0.044308
SOL,18-24,6,GRID,YES_OUTSIDER,63,3,0.3175,-6.7098,-0.106505
XRP,00-06,0,FUNNEL,NO_FAVORITE,8,3,0.875,2.5501,0.318764
XRP,00-06,0,FUNNEL,NO_OUTSIDER,39,3,0.4103,-3.3627,-0.086224
XRP,00-06,0,FUNNEL,YES_FAVORITE,1,1,1.0,0.0417,0.041667
XRP,00-06,0,FUNNEL,YES_OUTSIDER,24,3,0.4167,-0.8955,-0.037314
XRP,00-06,0,GRID,YES_FAVORITE,55,3,0.8364,3.9142,0.071167
XRP,00-06,0,GRID,YES_OUTSIDER,54,3,0.2778,-12.2974,-0.227729
XRP,00-06,1,FUNNEL,NO_FAVORITE,33,5,0.6364,-0.6852,-0.020764
XRP,00-06,1,FUNNEL,NO_OUTSIDER,40,5,0.525,3.5429,0.088572
XRP,00-06,1,FUNNEL,YES_FAVORITE,8,3,0.5,-1.9576,-0.244703
XRP,00-06,1,FUNNEL,YES_OUTSIDER,26,5,0.4231,-1.9164,-0.073707
XRP,00-06,1,GRID,YES_FAVORITE,77,5,0.6234,-13.8592,-0.17999
XRP,00-06,1,GRID,YES_OUTSIDER,84,5,0.2262,-25.3821,-0.302168
XRP,00-06,2,FUNNEL,NO_FAVORITE,42,5,0.5,-8.5814,-0.204319
XRP,00-06,2,FUNNEL,NO_OUTSIDER,46,5,0.4348,-2.888,-0.062783
XRP,00-06,2,FUNNEL,YES_FAVORITE,9,3,0.3333,-3.1554,-0.350595
XRP,00-06,2,FUNNEL,YES_OUTSIDER,23,4,0.2609,-10.3541,-0.450179
XRP,00-06,2,GRID,YES_FAVORITE,74,5,0.6892,-4.642,-0.06273
XRP,00-06,2,GRID,YES_OUTSIDER,88,5,0.25,-33.7628,-0.383669
XRP,00-06,3,FUNNEL,NO_FAVORITE,13,3,0.6923,1.9679,0.151378
XRP,00-06,3,FUNNEL,NO_OUTSIDER,36,4,0.5556,7.1667,0.199076
XRP,00-06,3,FUNNEL,YES_FAVORITE,3,2,0.3333,-1.5714,-0.52381
XRP,00-06,3,FUNNEL,YES_OUTSIDER,28,3,0.6429,13.9244,0.497299
XRP,00-06,3,GRID,YES_FAVORITE,82,4,0.6585,-12.5834,-0.153456
XRP,00-06,3,GRID,YES_OUTSIDER,92,4,0.1957,-40.0012,-0.434796
XRP,00-06,4,FUNNEL,NO_FAVORITE,15,4,0.4667,-3.9796,-0.265308
XRP,00-06,4,FUNNEL,NO_OUTSIDER,43,4,0.5581,11.0274,0.256451
XRP,00-06,4,FUNNEL,YES_FAVORITE,4,3,0.5,-0.3961,-0.099026
XRP,00-06,4,FUNNEL,YES_OUTSIDER,34,3,0.4412,1.1151,0.032797
XRP,00-06,4,GRID,YES_FAVORITE,133,4,0.6617,-22.0254,-0.165605
XRP,00-06,4,GRID,YES_OUTSIDER,115,4,0.2348,-36.5614,-0.317925
XRP,00-06,5,FUNNEL,NO_FAVORITE,17,3,0.3529,-7.6357,-0.449159
XRP,00-06,5,FUNNEL,NO_OUTSIDER,44,4,0.3409,-11.6902,-0.265687
XRP,00-06,5,FUNNEL,YES_FAVORITE,3,3,1.0,1.3949,0.464972
XRP,00-06,5,FUNNEL,YES_OUTSIDER,26,4,0.4615,0.0566,0.002177
XRP,00-06,5,GRID,YES_FAVORITE,113,4,0.8142,0.9543,0.008445
XRP,00-06,5,GRID,YES_OUTSIDER,73,4,0.2329,-14.9646,-0.204995
XRP,00-06,6,FUNNEL,NO_FAVORITE,7,3,0.5714,-0.9804,-0.140056
XRP,00-06,6,FUNNEL,NO_OUTSIDER,30,3,0.4333,-0.8243,-0.027476
XRP,00-06,6,FUNNEL,YES_FAVORITE,9,2,0.4444,-2.2603,-0.251147
XRP,00-06,6,FUNNEL,YES_OUTSIDER,26,3,0.2692,-9.4263,-0.362548
XRP,00-06,6,GRID,YES_FAVORITE,64,3,0.7188,-4.1659,-0.065092
XRP,00-06,6,GRID,YES_OUTSIDER,73,3,0.274,-2.8954,-0.039663
XRP,06-12,0,FUNNEL,NO_FAVORITE,9,3,0.5556,-1.4063,-0.156256
XRP,06-12,0,FUNNEL,NO_OUTSIDER,33,3,0.4848,0.3261,0.009881
XRP,06-12,0,FUNNEL,YES_FAVORITE,2,1,1.0,1.2389,0.619433
XRP,06-12,0,FUNNEL,YES_OUTSIDER,28,3,0.3929,-4.1666,-0.148806
XRP,06-12,0,GRID,YES_FAVORITE,84,3,0.6667,-7.6662,-0.091264
XRP,06-12,0,GRID,YES_OUTSIDER,62,3,0.2419,-22.561,-0.363888
XRP,06-12,1,FUNNEL,NO_FAVORITE,27,5,0.6667,2.4045,0.089056
XRP,06-12,1,FUNNEL,NO_OUTSIDER,45,5,0.4667,1.8556,0.041237
XRP,06-12,1,FUNNEL,YES_FAVORITE,3,2,0.6667,-0.0263,-0.00875
XRP,06-12,1,FUNNEL,YES_OUTSIDER,24,3,0.4167,-2.1022,-0.087591
XRP,06-12,1,GRID,YES_FAVORITE,72,5,0.7083,-6.0632,-0.084211
XRP,06-12,1,GRID,YES_OUTSIDER,93,5,0.172,-27.0201,-0.290539
XRP,06-12,2,FUNNEL,NO_FAVORITE,19,4,0.6316,-0.6058,-0.031885
XRP,06-12,2,FUNNEL,NO_OUTSIDER,50,5,0.46,1.6388,0.032777
XRP,06-12,2,FUNNEL,YES_FAVORITE,14,4,0.4286,-3.8672,-0.276227
XRP,06-12,2,FUNNEL,YES_OUTSIDER,34,5,0.3529,-5.5124,-0.162131
XRP,06-12,2,GRID,YES_FAVORITE,73,5,0.726,0.5266,0.007214
XRP,06-12,2,GRID,YES_OUTSIDER,86,5,0.2093,-38.0172,-0.44206
XRP,06-12,3,FUNNEL,NO_FAVORITE,15,4,0.6667,0.4673,0.031156
XRP,06-12,3,FUNNEL,NO_OUTSIDER,34,4,0.3529,-8.3015,-0.244161
XRP,06-12,3,FUNNEL,YES_FAVORITE,3,2,0.3333,-1.6667,-0.555556
XRP,06-12,3,FUNNEL,YES_OUTSIDER,30,3,0.5667,6.9038,0.230127
XRP,06-12,3,GRID,YES_FAVORITE,80,4,0.75,-1.2948,-0.016185
XRP,06-12,3,GRID,YES_OUTSIDER,73,4,0.2877,-6.3809,-0.08741
XRP,06-12,4,FUNNEL,NO_FAVORITE,10,3,0.6,0.0457,0.004573
XRP,06-12,4,FUNNEL,NO_OUTSIDER,45,4,0.4,-5.6939,-0.126531
XRP,06-12,4,FUNNEL,YES_FAVORITE,6,3,0.6667,0.5279,0.087984
XRP,06-12,4,FUNNEL,YES_OUTSIDER,34,4,0.4412,-1.901,-0.055913
XRP,06-12,4,GRID,YES_FAVORITE,135,4,0.8,-0.6879,-0.005095
XRP,06-12,4,GRID,YES_OUTSIDER,117,4,0.1709,-47.2677,-0.403998
XRP,06-12,5,FUNNEL,NO_FAVORITE,23,3,0.6087,0.2727,0.011858
XRP,06-12,5,FUNNEL,NO_OUTSIDER,43,4,0.4419,-2.3639,-0.054974
XRP,06-12,5,FUNNEL,YES_FAVORITE,3,3,0.6667,0.1695,0.056511
XRP,06-12,5,FUNNEL,YES_OUTSIDER,23,4,0.5217,6.6877,0.290771
XRP,06-12,5,GRID,YES_FAVORITE,95,4,0.8526,12.1357,0.127744
XRP,06-12,5,GRID,YES_OUTSIDER,107,4,0.2617,4.1472,0.038759
XRP,06-12,6,FUNNEL,NO_FAVORITE,10,3,0.6,-2.2395,-0.22395
XRP,06-12,6,FUNNEL,NO_OUTSIDER,35,3,0.2286,-15.8482,-0.452806
XRP,06-12,6,FUNNEL,YES_FAVORITE,3,2,0.3333,-1.8506,-0.616858
XRP,06-12,6,FUNNEL,YES_OUTSIDER,21,3,0.3333,-4.7843,-0.227825
XRP,06-12,6,GRID,YES_FAVORITE,76,3,0.8553,9.0235,0.11873
XRP,06-12,6,GRID,YES_OUTSIDER,70,3,0.2286,-27.872,-0.398171
XRP,12-18,0,FUNNEL,NO_FAVORITE,9,4,0.7778,2.0442,0.227132
XRP,12-18,0,FUNNEL,NO_OUTSIDER,33,4,0.4242,-2.9692,-0.089975
XRP,12-18,0,FUNNEL,YES_FAVORITE,6,4,0.6667,0.863,0.143828
XRP,12-18,0,FUNNEL,YES_OUTSIDER,22,3,0.4091,-2.4999,-0.113634
XRP,12-18,0,GRID,YES_FAVORITE,46,4,0.8261,6.1111,0.13285
XRP,12-18,0,GRID,YES_OUTSIDER,68,4,0.2794,6.314,0.092853
XRP,12-18,1,FUNNEL,NO_FAVORITE,25,5,0.84,10.3942,0.415767
XRP,12-18,1,FUNNEL,NO_OUTSIDER,56,5,0.4286,-4.3985,-0.078545
XRP,12-18,1,FUNNEL,YES_FAVORITE,10,3,0.7,1.9383,0.193827
XRP,12-18,1,FUNNEL,YES_OUTSIDER,28,4,0.5357,4.7056,0.168057
XRP,12-18,1,GRID,YES_FAVORITE,80,5,0.85,9.0628,0.113285
XRP,12-18,1,GRID,YES_OUTSIDER,82,5,0.2195,-24.0959,-0.293853
XRP,12-18,2,FUNNEL,NO_FAVORITE,24,5,0.5833,-4.5362,-0.189008
XRP,12-18,2,FUNNEL,NO_OUTSIDER,51,5,0.3725,-9.4319,-0.184939
XRP,12-18,2,FUNNEL,YES_FAVORITE,12,3,0.5,-4.82,-0.401663
XRP,12-18,2,FUNNEL,YES_OUTSIDER,23,5,0.3913,-2.1207,-0.092207
XRP,12-18,2,GRID,YES_FAVORITE,72,5,0.7361,-2.1497,-0.029856
XRP,12-18,2,GRID,YES_OUTSIDER,88,5,0.2727,-17.3015,-0.196608
XRP,12-18,3,FUNNEL,NO_FAVORITE,13,3,0.5385,-1.9743,-0.151871
XRP,12-18,3,FUNNEL,NO_OUTSIDER,39,4,0.2564,-16.7976,-0.430706
XRP,12-18,3,FUNNEL,YES_FAVORITE,6,4,0.3333,-2.4263,-0.404386
XRP,12-18,3,FUNNEL,YES_OUTSIDER,37,4,0.3784,-7.8349,-0.211754
XRP,12-18,3,GRID,YES_FAVORITE,120,4,0.775,-2.1634,-0.018028
XRP,12-18,3,GRID,YES_OUTSIDER,105,4,0.3143,82.0958,0.781865
XRP,12-18,4,FUNNEL,NO_FAVORITE,6,3,0.6667,0.4562,0.076032
XRP,12-18,4,FUNNEL,NO_OUTSIDER,41,4,0.4146,1.6635,0.040572
XRP,12-18,4,FUNNEL,YES_OUTSIDER,34,4,0.2647,-13.5642,-0.398948
XRP,12-18,4,GRID,YES_FAVORITE,86,4,0.6744,-15.7208,-0.1828
XRP,12-18,4,GRID,YES_OUTSIDER,103,4,0.1845,-48.6363,-0.472197
XRP,12-18,5,FUNNEL,NO_FAVORITE,10,3,0.5,-2.3822,-0.238217
XRP,12-18,5,FUNNEL,NO_OUTSIDER,32,3,0.5,2.513,0.078532
XRP,12-18,5,FUNNEL,YES_FAVORITE,6,2,0.5,-0.9548,-0.159139
XRP,12-18,5,FUNNEL,YES_OUTSIDER,23,3,0.5217,3.4585,0.150368
XRP,12-18,5,GRID,YES_FAVORITE,89,3,0.7865,3.7866,0.042546
XRP,12-18,5,GRID,YES_OUTSIDER,71,3,0.1831,-26.2103,-0.369159
XRP,12-18,6,FUNNEL,NO_FAVORITE,11,3,0.7273,0.6384,0.058036
XRP,12-18,6,FUNNEL,NO_OUTSIDER,37,3,0.3514,-6.4709,-0.174889
XRP,12-18,6,FUNNEL,YES_FAVORITE,6,2,0.8333,-0.0188,-0.003137
XRP,12-18,6,FUNNEL,YES_OUTSIDER,18,3,0.3889,-2.21,-0.12278
XRP,12-18,6,GRID,YES_FAVORITE,59,3,0.7797,1.6898,0.02864
XRP,12-18,6,GRID,YES_OUTSIDER,54,3,0.2593,-16.8259,-0.31159
XRP,18-24,0,FUNNEL,NO_FAVORITE,15,4,0.8,4.3628,0.290853
XRP,18-24,0,FUNNEL,NO_OUTSIDER,35,4,0.3714,-5.9329,-0.169512
XRP,18-24,0,FUNNEL,YES_FAVORITE,6,3,0.8333,0.9697,0.161617
XRP,18-24,0,FUNNEL,YES_OUTSIDER,26,4,0.3077,-8.8486,-0.34033
XRP,18-24,0,GRID,YES_FAVORITE,49,4,0.7347,-1.954,-0.039877
XRP,18-24,0,GRID,YES_OUTSIDER,75,4,0.24,-22.7483,-0.303311
XRP,18-24,1,FUNNEL,NO_FAVORITE,24,4,0.5833,-2.3813,-0.099221
XRP,18-24,1,FUNNEL,NO_OUTSIDER,61,5,0.4754,5.3549,0.087786
XRP,18-24,1,FUNNEL,YES_FAVORITE,14,2,0.3571,-5.8687,-0.41919
XRP,18-24,1,FUNNEL,YES_OUTSIDER,21,5,0.2857,-8.518,-0.405618
XRP,18-24,1,GRID,YES_FAVORITE,72,5,0.7222,0.3899,0.005415
XRP,18-24,1,GRID,YES_OUTSIDER,91,5,0.1978,-37.3107,-0.410007
XRP,18-24,2,FUNNEL,NO_FAVORITE,24,5,0.5,-6.5779,-0.274078
XRP,18-24,2,FUNNEL,NO_OUTSIDER,49,5,0.3878,-8.5395,-0.174276
XRP,18-24,2,FUNNEL,YES_FAVORITE,5,4,0.8,1.8075,0.361493
XRP,18-24,2,FUNNEL,YES_OUTSIDER,25,4,0.44,2.4701,0.098802
XRP,18-24,2,GRID,YES_FAVORITE,99,5,0.7778,2.7422,0.027699
XRP,18-24,2,GRID,YES_OUTSIDER,101,5,0.2673,5.1818,0.051305
XRP,18-24,3,FUNNEL,NO_FAVORITE,11,4,0.5455,-1.215,-0.110457
XRP,18-24,3,FUNNEL,NO_OUTSIDER,53,4,0.4528,-0.6243,-0.01178
XRP,18-24,3,FUNNEL,YES_FAVORITE,2,2,0.5,-0.1132,-0.056604
XRP,18-24,3,FUNNEL,YES_OUTSIDER,30,4,0.4333,-2.1694,-0.072315
XRP,18-24,3,GRID,YES_FAVORITE,144,4,0.7639,-1.3939,-0.00968
XRP,18-24,3,GRID,YES_OUTSIDER,125,4,0.24,-35.205,-0.28164
XRP,18-24,4,FUNNEL,NO_FAVORITE,15,3,0.4667,-3.0714,-0.204763
XRP,18-24,4,FUNNEL,NO_OUTSIDER,53,4,0.3774,-9.4609,-0.178507
XRP,18-24,4,FUNNEL,YES_FAVORITE,4,2,0.5,-0.5467,-0.13667
XRP,18-24,4,FUNNEL,YES_OUTSIDER,24,4,0.375,-4.5879,-0.191161
XRP,18-24,4,GRID,YES_FAVORITE,104,4,0.8269,9.9392,0.095569
XRP,18-24,4,GRID,YES_OUTSIDER,103,4,0.2524,-30.7763,-0.298799
XRP,18-24,5,FUNNEL,NO_FAVORITE,19,3,0.6316,0.3473,0.018281
XRP,18-24,5,FUNNEL,NO_OUTSIDER,42,3,0.3571,-8.916,-0.212287
XRP,18-24,5,FUNNEL,YES_FAVORITE,4,1,0.5,-0.1524,-0.038106
XRP,18-24,5,FUNNEL,YES_OUTSIDER,7,3,0.5714,1.9775,0.282506
XRP,18-24,5,GRID,YES_FAVORITE,70,3,0.7857,5.4489,0.077841
XRP,18-24,5,GRID,YES_OUTSIDER,56,3,0.375,1.3041,0.023287
XRP,18-24,6,FUNNEL,NO_FAVORITE,8,3,0.625,0.9505,0.118817
XRP,18-24,6,FUNNEL,NO_OUTSIDER,36,3,0.4444,-0.9976,-0.027712
XRP,18-24,6,FUNNEL,YES_OUTSIDER,28,3,0.3571,-6.3722,-0.227579
XRP,18-24,6,GRID,YES_FAVORITE,47,3,0.6809,-4.8085,-0.102308
XRP,18-24,6,GRID,YES_OUTSIDER,64,3,0.2656,-7.5847,-0.118511
