asset,entry_policy,price_bin,n_c0,net_c0,n_ct,net_ct,prevented_losses,missed_wins,net_diff
BTC,FUNNEL,"[0.15,0.20)",1,-1.0,0,0,1.0,0,1.0
BTC,FUNNEL,"[0.20,0.25)",1,3.3478,0,0,0,3.3478,-3.3478
BTC,FUNNEL,"[0.25,0.30)",6,-2.5517,1,-1.0,4.0,2.4483,1.5517
BTC,FUNNEL,"[0.30,0.35)",27,7.2162,3,0.0303,14.0,21.1859,-7.1859
BTC,FUNNEL,"[0.35,0.40)",73,15.7027,7,3.4588,37.0,49.2438,-12.2438
BTC,FUNNEL,"[0.40,0.50)",697,-9.7625,58,14.2482,357.0,332.9893,24.0107
BTC,FUNNEL,"[0.50,0.60)",161,1.0,19,9.0,75.0,67.0,8.0
BTC,GRID,,20,-20.0,0,0,20.0,0,20.0
BTC,GRID,"[0.01,0.05)",144,-94.0,5,20.0,138.0,24.0,114.0
BTC,GRID,"[0.05,0.10)",222,-71.881,11,5.6667,202.0,124.4524,77.5476
BTC,GRID,"[0.10,0.15)",199,-20.0789,22,-7.7143,158.0,145.6354,12.3646
BTC,GRID,"[0.15,0.20)",226,1.6101,22,28.4364,174.0,147.1736,26.8264
BTC,GRID,"[0.20,0.25)",236,-7.0545,42,2.234,153.0,143.7116,9.2884
BTC,GRID,"[0.25,0.30)",246,-47.7238,54,-17.6873,148.0,117.9635,30.0365
BTC,GRID,"[0.30,0.35)",254,-4.4052,72,5.8047,126.0,115.7901,10.2099
BTC,GRID,"[0.35,0.40)",283,-4.8074,97,5.4142,121.0,110.7784,10.2216
BTC,GRID,"[0.40,0.50)",503,-7.8395,255,-9.3619,137.0,138.5224,-1.5224
BTC,GRID,"[0.50,0.60)",90,-13.1078,25,3.0,40.0,23.8922,16.1078
BTC,GRID,"[0.90,0.99]",6,-3.8947,2,-2.0,2.0,0.1053,1.8947
DOGE,FUNNEL,"[0.01,0.05)",1,-1.0,1,-1.0,0,0,0.0
DOGE,FUNNEL,"[0.10,0.15)",1,-1.0,0,0,1.0,0,1.0
DOGE,FUNNEL,"[0.20,0.25)",6,-1.8333,0,0,5.0,3.1667,1.8333
DOGE,FUNNEL,"[0.25,0.30)",11,6.62,0,0,6.0,12.62,-6.62
DOGE,FUNNEL,"[0.30,0.35)",39,13.2548,7,4.943,19.0,27.3119,-8.3119
DOGE,FUNNEL,"[0.35,0.40)",83,6.1677,10,3.2522,44.0,46.9156,-2.9156
DOGE,FUNNEL,"[0.40,0.50)",615,-27.1252,83,-7.5486,296.0,276.4234,19.5766
DOGE,FUNNEL,"[0.50,0.60)",108,-14.0,17,-3.0,51.0,40.0,11.0
DOGE,GRID,"[0.01,0.05)",143,32.0,11,39.0,128.0,121.0,7.0
DOGE,GRID,"[0.05,0.10)",230,-136.4286,16,16.5,210.0,57.0714,152.9286
DOGE,GRID,"[0.10,0.15)",214,-12.2451,21,-2.6667,171.0,161.4216,9.5784
DOGE,GRID,"[0.15,0.20)",206,-50.14,35,0.8677,150.0,98.9923,51.0077
DOGE,GRID,"[0.20,0.25)",235,-11.4356,45,9.9158,153.0,131.6486,21.3514
DOGE,GRID,"[0.25,0.30)",240,-45.2763,53,-34.4304,139.0,128.1541,10.8459
DOGE,GRID,"[0.30,0.35)",202,-39.7693,60,-4.4235,108.0,72.6543,35.3457
DOGE,GRID,"[0.35,0.40)",221,13.8971,90,4.3921,79.0,88.505,-9.505
DOGE,GRID,"[0.40,0.50)",459,-15.8185,222,-2.0111,138.0,124.1926,13.8074
DOGE,GRID,"[0.50,0.60)",179,-13.4114,64,-13.362,55.0,54.9506,0.0494
DOGE,GRID,"[0.60,0.70)",3,-3.0,3,-3.0,0,0,0.0
DOGE,GRID,"[0.90,0.99]",21,-8.786,0,0,9.0,0.214,8.786
ETH,FUNNEL,"[0.15,0.20)",2,-2.0,0,0,2.0,0,2.0
ETH,FUNNEL,"[0.20,0.25)",5,-5.0,1,-1.0,4.0,0,4.0
ETH,FUNNEL,"[0.25,0.30)",5,-1.0,0,0,4.0,3.0,1.0
ETH,FUNNEL,"[0.30,0.35)",27,-5.5696,2,-2.0,18.0,14.4304,3.5696
ETH,FUNNEL,"[0.35,0.40)",78,-5.3475,7,-1.3651,46.0,42.0176,3.9824
ETH,FUNNEL,"[0.40,0.50)",707,23.5756,51,3.9475,346.0,365.6281,-19.6281
ETH,FUNNEL,"[0.50,0.60)",144,0.0,18,2.0,64.0,62.0,2.0
ETH,GRID,,9,-9.0,0,0,9.0,0,9.0
ETH,GRID,"[0.01,0.05)",205,-155.0,6,-6.0,198.0,49.0,149.0
ETH,GRID,"[0.05,0.10)",216,-54.5317,12,-12.0,193.0,150.4683,42.5317
ETH,GRID,"[0.10,0.15)",179,-34.1265,22,-12.9091,140.0,118.7825,21.2175
ETH,GRID,"[0.15,0.20)",225,-60.6205,33,-9.7221,168.0,117.1017,50.8983
ETH,GRID,"[0.20,0.25)",199,3.1175,40,-2.0591,123.0,128.1766,-5.1766
ETH,GRID,"[0.25,0.30)",224,-22.8761,58,-21.0454,122.0,120.1693,1.8306
ETH,GRID,"[0.30,0.35)",236,-9.2562,64,0.874,120.0,109.8698,10.1302
ETH,GRID,"[0.35,0.40)",233,-33.3692,91,-2.1264,101.0,69.7572,31.2428
ETH,GRID,"[0.40,0.50)",468,-0.4138,217,-20.3456,130.0,149.9318,-19.9318
ETH,GRID,"[0.50,0.60)",109,1.0936,34,-0.1176,36.0,37.2112,-1.2112
ETH,GRID,"[0.90,0.99]",8,-4.8743,2,-2.0,3.0,0.1257,2.8743
SOL,FUNNEL,"[0.01,0.05)",3,-3.0,0,0,3.0,0,3.0
SOL,FUNNEL,"[0.05,0.10)",1,-1.0,0,0,1.0,0,1.0
SOL,FUNNEL,"[0.10,0.15)",1,-1.0,0,0,1.0,0,1.0
SOL,FUNNEL,"[0.20,0.25)",6,-6.0,1,-1.0,5.0,0,5.0
SOL,FUNNEL,"[0.25,0.30)",5,1.8966,2,1.4483,2.0,2.4483,-0.4483
SOL,FUNNEL,"[0.30,0.35)",45,-7.2176,7,-3.9697,27.0,23.7521,3.2479
SOL,FUNNEL,"[0.35,0.40)",110,13.5526,14,1.943,56.0,67.6096,-11.6096
SOL,FUNNEL,"[0.40,0.50)",595,-17.7773,81,-11.7794,281.0,275.0021,5.9979
SOL,FUNNEL,"[0.50,0.60)",155,-3.0,36,-8.0,57.0,62.0,-5.0
SOL,GRID,,5,-5.0,0,0,5.0,0,5.0
SOL,GRID,"[0.01,0.05)",193,90.3333,9,116.0,180.0,154.3333,25.6667
SOL,GRID,"[0.05,0.10)",216,-66.7143,14,-14.0,192.0,139.2857,52.7143
SOL,GRID,"[0.10,0.15)",212,-101.7957,20,-3.7662,181.0,82.9706,98.0294
SOL,GRID,"[0.15,0.20)",220,-45.2103,34,-16.9313,159.0,130.721,28.279
SOL,GRID,"[0.20,0.25)",221,-38.0247,35,-17.3758,149.0,128.351,20.649
SOL,GRID,"[0.25,0.30)",247,2.6994,54,-14.0943,136.0,152.7937,-16.7937
SOL,GRID,"[0.30,0.35)",234,-6.4881,59,12.9919,125.0,105.52,19.48
SOL,GRID,"[0.35,0.40)",240,1.1029,83,16.9166,105.0,89.1863,15.8137
SOL,GRID,"[0.40,0.50)",465,-43.8265,224,-10.9588,149.0,116.1323,32.8677
SOL,GRID,"[0.50,0.60)",149,-9.2274,55,2.11,51.0,39.6626,11.3374
SOL,GRID,"[0.60,0.70)",1,-1.0,0,0,1.0,0,1.0
SOL,GRID,"[0.90,0.99]",19,-8.6684,1,0.0204,9.0,0.3112,8.6888
XRP,FUNNEL,"[0.05,0.10)",1,-1.0,0,0,1.0,0,1.0
XRP,FUNNEL,"[0.15,0.20)",1,-1.0,0,0,1.0,0,1.0
XRP,FUNNEL,"[0.20,0.25)",3,1.3478,0,0,2.0,3.3478,-1.3478
XRP,FUNNEL,"[0.25,0.30)",13,-2.4089,1,-1.0,9.0,7.5911,1.4089
XRP,FUNNEL,"[0.30,0.35)",19,12.1102,2,1.2258,8.0,18.8844,-10.8844
XRP,FUNNEL,"[0.35,0.40)",60,-14.8692,12,-1.5375,35.0,21.6683,13.3317
XRP,FUNNEL,"[0.40,0.50)",527,-47.6654,94,-20.0439,248.0,220.3785,27.6215
XRP,FUNNEL,"[0.50,0.60)",103,-5.0,28,-2.0,39.0,36.0,3.0
XRP,GRID,,17,-17.0,0,0,17.0,0,17.0
XRP,GRID,"[0.01,0.05)",202,-93.6667,8,-8.0,191.0,105.3333,85.6667
XRP,GRID,"[0.05,0.10)",210,-98.4921,6,8.2857,197.0,90.2222,106.7778
XRP,GRID,"[0.10,0.15)",209,-98.0826,16,-8.8571,181.0,91.7746,89.2254
XRP,GRID,"[0.15,0.20)",230,-96.4487,33,-27.7368,175.0,106.2882,68.7118
XRP,GRID,"[0.20,0.25)",203,-37.4593,39,-30.2879,130.0,122.8285,7.1715
XRP,GRID,"[0.25,0.30)",210,13.6016,39,-6.391,119.0,138.9926,-19.9926
XRP,GRID,"[0.30,0.35)",234,-59.4046,63,-7.9349,133.0,81.5303,51.4697
XRP,GRID,"[0.35,0.40)",222,2.1728,80,19.8446,96.0,78.3282,17.6718
XRP,GRID,"[0.40,0.50)",489,11.7611,240,22.2621,144.0,133.499,10.501
XRP,GRID,"[0.50,0.60)",131,-22.3995,59,-15.8523,38.0,31.4528,6.5472
XRP,GRID,"[0.60,0.70)",1,0.6393,0,0,0,0.6393,-0.6393
XRP,GRID,"[0.90,0.99]",15,-7.8571,1,-1.0,7.0,0.1429,6.8571
