n,days,win_rate,gross_pnl,net_pnl,scenario_net_pnl,expectancy,avg_win,avg_loss,payoff,max_drawdown,median,top5_share,asset,entry_policy,entry_time,variant,price_bin,status,exp_ci95
1,1,1.0,0.003,0.003,-0.017,0.003009,0.003,0.0,,0.0,0.003,1.0,BTC,FUNNEL,FUNNEL,NO_FAVORITE,,INSUFFICIENT_SAMPLE,
96,22,0.4896,-8.1646,-8.1646,-10.0846,-0.085048,0.8688,-1.0,0.8688,13.3616,-1.0,-0.5884,BTC,FUNNEL,FUNNEL,NO_FAVORITE,"[0.50,0.60)",OK,"[-0.322168, 0.070908]"
23,10,0.7391,3.3577,3.3577,2.8977,0.145987,0.5505,-1.0,0.5505,3.875,0.5152,0.9284,BTC,FUNNEL,FUNNEL,NO_FAVORITE,"[0.60,0.70)",OK,"[-0.015508, 0.512163]"
38,17,0.7368,-0.4468,-0.4468,-1.2068,-0.011759,0.3412,-1.0,0.3412,3.6726,0.3158,-4.6179,BTC,FUNNEL,FUNNEL,NO_FAVORITE,"[0.70,0.80)",OK,"[-0.205285, 0.156284]"
43,19,0.814,-1.159,-1.159,-2.019,-0.026954,0.1955,-1.0,0.1955,5.1398,0.1765,-1.0785,BTC,FUNNEL,FUNNEL,NO_FAVORITE,"[0.80,0.90)",OK,"[-0.194738, 0.117626]"
15,10,0.8667,-1.0042,-1.0042,-1.3042,-0.066945,0.0766,-1.0,0.0766,1.1274,0.0753,-0.5289,BTC,FUNNEL,FUNNEL,NO_FAVORITE,"[0.90,0.99]",OK,"[-0.178456, 0.084529]"
2,2,0.0,-2.0,-2.0,-2.04,-1.0,0.0,-1.0,0.0,2.0,-1.0,1.0,BTC,FUNNEL,FUNNEL,NO_OUTSIDER,"[0.10,0.15)",INSUFFICIENT_SAMPLE,
2,1,0.0,-2.0,-2.0,-2.04,-1.0,0.0,-1.0,0.0,2.0,-1.0,1.0,BTC,FUNNEL,FUNNEL,NO_OUTSIDER,"[0.15,0.20)",INSUFFICIENT_SAMPLE,
2,2,0.0,-2.0,-2.0,-2.04,-1.0,0.0,-1.0,0.0,2.0,-1.0,1.0,BTC,FUNNEL,FUNNEL,NO_OUTSIDER,"[0.20,0.25)",INSUFFICIENT_SAMPLE,
4,4,0.5,3.5499,3.5499,3.4699,0.887464,2.7749,-1.0,2.7749,2.0,0.8519,1.0,BTC,FUNNEL,FUNNEL,NO_OUTSIDER,"[0.25,0.30)",INSUFFICIENT_SAMPLE,
24,12,0.375,4.1862,4.1862,3.7062,0.174427,2.1318,-1.0,2.1318,7.0,-1.0,2.6858,BTC,FUNNEL,FUNNEL,NO_OUTSIDER,"[0.30,0.35)",OK,"[-0.345185, 1.025762]"
84,27,0.381,2.1234,2.1234,0.4434,0.025278,1.6914,-1.0,1.6914,10.8168,-1.0,4.2983,BTC,FUNNEL,FUNNEL,NO_OUTSIDER,"[0.35,0.40)",OK,"[-0.209342, 0.25549]"
822,29,0.4513,-13.0531,-13.0531,-29.4931,-0.01588,1.1804,-1.0,1.1804,46.8524,-1.0,-0.5746,BTC,FUNNEL,FUNNEL,NO_OUTSIDER,"[0.40,0.50)",OK,"[-0.093816, 0.059085]"
241,29,0.5311,15.0,15.0,10.18,0.062241,1.0,-1.0,1.0,14.0,1.0,0.3333,BTC,FUNNEL,FUNNEL,NO_OUTSIDER,"[0.50,0.60)",OK,"[-0.078838, 0.197368]"
15,10,0.6,1.9034,1.9034,1.6034,0.126894,0.8782,-1.0,0.8782,3.3357,0.8182,2.4248,BTC,FUNNEL,FUNNEL,YES_FAVORITE,"[0.50,0.60)",OK,"[-0.398893, 0.668432]"
15,11,0.6667,0.4951,0.4951,0.1951,0.033006,0.5495,-1.0,0.5495,4.0,0.4706,6.2082,BTC,FUNNEL,FUNNEL,YES_FAVORITE,"[0.60,0.70)",OK,"[-0.420543, 0.48125]"
24,12,0.75,0.1074,0.1074,-0.3726,0.004477,0.3393,-1.0,0.3393,2.2885,0.3158,18.6582,BTC,FUNNEL,FUNNEL,YES_FAVORITE,"[0.70,0.80)",OK,"[-0.104525, 0.139405]"
33,19,0.8485,-0.0087,-0.0087,-0.6687,-0.000264,0.1783,-1.0,0.1783,3.2959,0.1628,-134.8801,BTC,FUNNEL,FUNNEL,YES_FAVORITE,"[0.80,0.90)",OK,"[-0.143037, 0.174946]"
14,10,0.9286,-0.3442,-0.3442,-0.6242,-0.024587,0.0504,-1.0,0.0504,1.0,0.0417,-1.3348,BTC,FUNNEL,FUNNEL,YES_FAVORITE,"[0.90,0.99]",OK,"[-0.213518, 0.065268]"
1,1,0.0,-1.0,-1.0,-1.02,-1.0,0.0,-1.0,0.0,1.0,-1.0,1.0,BTC,FUNNEL,FUNNEL,YES_OUTSIDER,"[0.15,0.20)",INSUFFICIENT_SAMPLE,
1,1,1.0,3.3478,3.3478,3.3278,3.347826,3.3478,0.0,,0.0,3.3478,1.0,BTC,FUNNEL,FUNNEL,YES_OUTSIDER,"[0.20,0.25)",INSUFFICIENT_SAMPLE,
6,6,0.1667,-2.5517,-2.5517,-2.6717,-0.425287,2.4483,-1.0,2.4483,3.0,-1.0,0.6081,BTC,FUNNEL,FUNNEL,YES_OUTSIDER,"[0.25,0.30)",INSUFFICIENT_SAMPLE,
27,15,0.4074,7.2162,7.2162,6.6762,0.267268,2.1106,-1.0,2.1106,6.0,-1.0,1.5152,BTC,FUNNEL,FUNNEL,YES_OUTSIDER,"[0.30,0.35)",OK,"[-0.250848, 0.841808]"
73,24,0.4521,15.7027,15.7027,14.2427,0.215105,1.688,-1.0,1.688,7.3684,-1.0,0.5812,BTC,FUNNEL,FUNNEL,YES_OUTSIDER,"[0.35,0.40)",OK,"[-0.113338, 0.545272]"
697,27,0.4519,-9.7625,-9.7625,-23.7025,-0.014006,1.1817,-1.0,1.1817,32.3875,-1.0,-0.7682,BTC,FUNNEL,FUNNEL,YES_OUTSIDER,"[0.40,0.50)",OK,"[-0.098309, 0.066614]"
161,27,0.5031,1.0,1.0,-2.22,0.006211,1.0,-1.0,1.0,11.0,1.0,5.0,BTC,FUNNEL,FUNNEL,YES_OUTSIDER,"[0.50,0.60)",OK,"[-0.190476, 0.173469]"
278,28,0.5755,16.0163,16.0163,10.4563,0.057612,0.8376,-1.0,0.8376,18.8326,0.7241,0.2999,BTC,GRID,12,YES_FAVORITE,"[0.50,0.60)",OK,"[-0.051463, 0.163095]"
261,28,0.6973,21.082,21.082,15.862,0.080774,0.5499,-1.0,0.5499,5.5856,0.4925,0.1581,BTC,GRID,12,YES_FAVORITE,"[0.60,0.70)",OK,"[-0.000213, 0.162314]"
203,28,0.7291,-2.73,-2.73,-6.79,-0.013448,0.3532,-1.0,0.3532,8.2406,0.3158,-0.7849,BTC,GRID,12,YES_FAVORITE,"[0.70,0.80)",OK,"[-0.091138, 0.054738]"
145,28,0.8483,2.145,2.145,-0.755,0.014793,0.1963,-1.0,0.1963,4.1593,0.1765,0.5827,BTC,GRID,12,YES_FAVORITE,"[0.80,0.90)",OK,"[-0.036651, 0.068776]"
20,15,1.0,1.6688,1.6688,1.2688,0.08344,0.0834,0.0,,0.0,0.087,0.3329,BTC,GRID,12,YES_FAVORITE,"[0.90,0.99]",OK,"[0.072158, 0.093785]"
7,6,0.0,-7.0,-7.0,-7.14,-1.0,0.0,-1.0,0.0,7.0,-1.0,0.7143,BTC,GRID,12,YES_OUTSIDER,"[0.05,0.10)",INSUFFICIENT_SAMPLE,
31,21,0.0968,-2.8182,-2.8182,-3.4382,-0.090909,8.3939,-1.0,8.3939,13.0,-1.0,-8.2258,BTC,GRID,12,YES_OUTSIDER,"[0.10,0.15)",OK,"[-1.0, 0.983471]"
62,25,0.1935,7.9789,7.9789,6.7389,0.128692,4.8316,-1.0,4.8316,10.0,-1.0,3.3022,BTC,GRID,12,YES_OUTSIDER,"[0.15,0.20)",OK,"[-0.29972, 0.541897]"
97,26,0.2062,-6.3648,-6.3648,-8.3048,-0.065616,3.5318,-1.0,3.5318,11.6667,-1.0,-3.0675,BTC,GRID,12,YES_OUTSIDER,"[0.20,0.25)",OK,"[-0.339867, 0.23521]"
115,26,0.2348,-16.1821,-16.1821,-18.4821,-0.140714,2.6599,-1.0,2.6599,32.4319,-1.0,-0.8984,BTC,GRID,12,YES_OUTSIDER,"[0.25,0.30)",OK,"[-0.440856, 0.163836]"
135,28,0.2963,-12.3275,-12.3275,-15.0275,-0.091315,2.0668,-1.0,2.0668,18.9792,-1.0,-0.9115,BTC,GRID,12,YES_OUTSIDER,"[0.30,0.35)",OK,"[-0.328327, 0.180356]"
162,28,0.3642,-2.9795,-2.9795,-6.2195,-0.018392,1.6953,-1.0,1.6953,16.2691,-1.0,-3.1165,BTC,GRID,12,YES_OUTSIDER,"[0.35,0.40)",OK,"[-0.177737, 0.156855]"
284,28,0.4085,-25.1657,-25.1657,-30.8457,-0.088612,1.2313,-1.0,1.2313,33.2523,-1.0,-0.298,BTC,GRID,12,YES_OUTSIDER,"[0.40,0.50)",OK,"[-0.206282, 0.02432]"
57,21,0.5088,0.0838,0.0838,-1.0562,0.00147,0.9684,-1.0,0.9684,6.0784,0.8519,59.6709,BTC,GRID,12,YES_OUTSIDER,"[0.50,0.60)",OK,"[-0.213072, 0.234141]"
4,3,0.5,-1.8947,-1.8947,-1.9747,-0.473684,0.0526,-1.0,0.0526,1.9474,-0.4737,1.0,BTC,GRID,12,YES_OUTSIDER,"[0.90,0.99]",INSUFFICIENT_SAMPLE,
26,14,1.0,0.0935,0.0935,-0.4265,0.003595,0.0036,0.0,,0.0,0.0035,0.3881,BTC,GRID,5,YES_FAVORITE,,OK,"[0.002749, 0.004731]"
70,18,0.5714,3.3303,3.3303,1.9303,0.047576,0.8333,-1.0,0.8333,8.0198,0.7095,1.4425,BTC,GRID,5,YES_FAVORITE,"[0.50,0.60)",OK,"[-0.180673, 0.268645]"
71,21,0.6479,0.1836,0.1836,-1.2364,0.002586,0.5475,-1.0,0.5475,7.3043,0.4925,18.0077,BTC,GRID,5,YES_FAVORITE,"[0.60,0.70)",OK,"[-0.154752, 0.166288]"
109,24,0.7615,1.5829,1.5829,-0.5971,0.014522,0.3323,-1.0,0.3323,4.2745,0.2987,1.3538,BTC,GRID,5,YES_FAVORITE,"[0.70,0.80)",OK,"[-0.081818, 0.106844]"
119,20,0.8571,0.7946,0.7946,-1.5854,0.006677,0.1745,-1.0,0.1745,3.6192,0.1628,1.5731,BTC,GRID,5,YES_FAVORITE,"[0.80,0.90)",OK,"[-0.083946, 0.084309]"
288,24,0.9549,0.5023,0.5023,-5.2577,0.001744,0.0491,-1.0,0.0491,5.2506,0.0417,1.106,BTC,GRID,5,YES_FAVORITE,"[0.90,0.99]",OK,"[-0.020182, 0.023843]"
19,13,0.0,-19.0,-19.0,-19.38,-1.0,0.0,-1.0,0.0,19.0,-1.0,0.2632,BTC,GRID,5,YES_OUTSIDER,,OK,"[-1.0, -1.0]"
120,25,0.0167,-70.0,-70.0,-72.4,-0.583333,24.0,-1.0,24.0,78.0,-1.0,-0.6429,BTC,GRID,5,YES_OUTSIDER,"[0.01,0.05)",OK,"[-1.0, -0.007937]"
139,25,0.0504,-35.6667,-35.6667,-38.4467,-0.256595,13.7619,-1.0,13.7619,53.0,-1.0,-2.0561,BTC,GRID,5,YES_OUTSIDER,"[0.05,0.10)",OK,"[-0.711538, 0.328829]"
92,22,0.1413,17.7869,17.7869,15.9469,0.193336,7.4451,-1.0,7.4451,16.0,-1.0,2.3851,BTC,GRID,5,YES_OUTSIDER,"[0.10,0.15)",OK,"[-0.385944, 0.863277]"
75,22,0.1733,0.4446,0.4446,-1.0554,0.005928,4.8034,-1.0,4.8034,25.4444,-1.0,58.3227,BTC,GRID,5,YES_OUTSIDER,"[0.15,0.20)",OK,"[-0.568081, 0.613029]"
54,22,0.2963,17.2949,17.2949,16.2149,0.320277,3.4559,-1.0,3.4559,13.0,-1.0,1.0888,BTC,GRID,5,YES_OUTSIDER,"[0.20,0.25)",OK,"[-0.352101, 1.089666]"
55,17,0.2,-14.5756,-14.5756,-15.6756,-0.26501,2.6749,-1.0,2.6749,19.9931,-1.0,-0.9771,BTC,GRID,5,YES_OUTSIDER,"[0.25,0.30)",OK,"[-0.591625, 0.056113]"
51,18,0.2745,-7.6266,-7.6266,-8.6466,-0.149541,2.0981,-1.0,2.0981,13.7449,-1.0,-1.5015,BTC,GRID,5,YES_OUTSIDER,"[0.30,0.35)",OK,"[-0.589675, 0.315799]"
48,21,0.4583,11.1943,11.1943,10.2343,0.233214,1.6906,-1.0,1.6906,5.0,-1.0,0.8224,BTC,GRID,5,YES_OUTSIDER,"[0.35,0.40)",OK,"[-0.066051, 0.617025]"
79,22,0.4684,4.985,4.985,3.405,0.063101,1.2699,-1.0,1.2699,12.0934,-1.0,1.5045,BTC,GRID,5,YES_OUTSIDER,"[0.40,0.50)",OK,"[-0.190189, 0.282798]"
15,10,0.4,-3.1524,-3.1524,-3.4524,-0.210162,0.9746,-1.0,0.9746,6.0392,-1.0,-1.5736,BTC,GRID,5,YES_OUTSIDER,"[0.50,0.60)",OK,"[-0.54717, 0.126685]"
1,1,0.0,-1.0,-1.0,-1.02,-1.0,0.0,-1.0,0.0,1.0,-1.0,1.0,BTC,GRID,5,YES_OUTSIDER,"[0.90,0.99]",INSUFFICIENT_SAMPLE,
4,4,1.0,0.0181,0.0181,-0.0619,0.004529,0.0045,0.0,,0.0,0.004,1.0,BTC,GRID,8,YES_FAVORITE,,INSUFFICIENT_SAMPLE,
132,26,0.6288,20.5659,20.5659,17.9259,0.155802,0.8381,-1.0,0.8381,5.4083,0.7241,0.2336,BTC,GRID,8,YES_FAVORITE,"[0.50,0.60)",OK,"[0.005075, 0.32071]"
133,22,0.6391,-1.4531,-1.4531,-4.1131,-0.010925,0.5476,-1.0,0.5476,8.5626,0.4706,-2.294,BTC,GRID,8,YES_FAVORITE,"[0.60,0.70)",OK,"[-0.140279, 0.118704]"
140,22,0.7286,-2.6263,-2.6263,-5.4263,-0.018759,0.3468,-1.0,0.3468,15.6454,0.3158,-0.8159,BTC,GRID,8,YES_FAVORITE,"[0.70,0.80)",OK,"[-0.134831, 0.093832]"
199,24,0.8543,2.1368,2.1368,-1.8432,0.010738,0.1832,-1.0,0.1832,5.4501,0.1628,0.585,BTC,GRID,8,YES_FAVORITE,"[0.80,0.90)",OK,"[-0.047456, 0.066229]"
142,23,0.9366,-0.383,-0.383,-3.223,-0.002697,0.0648,-1.0,0.0648,3.6625,0.0638,-1.4506,BTC,GRID,8,YES_FAVORITE,"[0.90,0.99]",OK,"[-0.051003, 0.033916]"
1,1,0.0,-1.0,-1.0,-1.02,-1.0,0.0,-1.0,0.0,1.0,-1.0,1.0,BTC,GRID,8,YES_OUTSIDER,,INSUFFICIENT_SAMPLE,
24,16,0.0,-24.0,-24.0,-24.48,-1.0,0.0,-1.0,0.0,24.0,-1.0,0.2083,BTC,GRID,8,YES_OUTSIDER,"[0.01,0.05)",OK,"[-1.0, -1.0]"
76,24,0.0395,-29.2143,-29.2143,-30.7343,-0.384399,14.5952,-1.0,14.5952,29.2143,-1.0,-1.4303,BTC,GRID,8,YES_OUTSIDER,"[0.05,0.10)",OK,"[-1.0, 0.42381]"
76,22,0.0658,-35.0476,-35.0476,-36.5676,-0.461153,7.1905,-1.0,7.1905,35.0476,-1.0,-1.0258,BTC,GRID,8,YES_OUTSIDER,"[0.10,0.15)",OK,"[-0.823633, -0.058566]"
89,23,0.1573,-6.8135,-6.8135,-8.5935,-0.076556,4.8705,-1.0,4.8705,19.1944,-1.0,-3.975,BTC,GRID,8,YES_OUTSIDER,"[0.15,0.20)",OK,"[-0.481529, 0.351257]"
85,22,0.1765,-17.9847,-17.9847,-19.6847,-0.211584,3.4677,-1.0,3.4677,25.7258,-1.0,-1.0591,BTC,GRID,8,YES_OUTSIDER,"[0.20,0.25)",OK,"[-0.535771, 0.091874]"
76,22,0.2105,-16.9662,-16.9662,-18.4862,-0.223239,2.6896,-1.0,2.6896,25.1379,-1.0,-0.866,BTC,GRID,8,YES_OUTSIDER,"[0.25,0.30)",OK,"[-0.550945, 0.149919]"
68,23,0.3971,15.5489,15.5489,14.1889,0.22866,2.0944,-1.0,2.0944,5.0588,-1.0,0.7434,BTC,GRID,8,YES_OUTSIDER,"[0.30,0.35)",OK,"[-0.030719, 0.493864]"
73,20,0.3014,-13.0221,-13.0221,-14.4821,-0.178385,1.7263,-1.0,1.7263,23.4834,-1.0,-0.7131,BTC,GRID,8,YES_OUTSIDER,"[0.35,0.40)",OK,"[-0.393678, 0.035682]"
140,25,0.4786,12.3413,12.3413,9.5413,0.088152,1.2738,-1.0,1.2738,10.9483,-1.0,0.6077,BTC,GRID,8,YES_OUTSIDER,"[0.40,0.50)",OK,"[-0.090988, 0.278882]"
18,13,0.2222,-10.0392,-10.0392,-10.3992,-0.557734,0.9902,-1.0,0.9902,11.0392,-1.0,-0.2949,BTC,GRID,8,YES_OUTSIDER,"[0.50,0.60)",OK,"[-0.894737, -0.142857]"
1,1,0.0,-1.0,-1.0,-1.02,-1.0,0.0,-1.0,0.0,1.0,-1.0,1.0,BTC,GRID,8,YES_OUTSIDER,"[0.90,0.99]",INSUFFICIENT_SAMPLE,
339,29,0.4867,-31.8591,-31.8591,-38.6391,-0.09398,0.8615,-1.0,0.8615,37.6162,-1.0,-0.1508,DOGE,FUNNEL,FUNNEL,NO_FAVORITE,"[0.50,0.60)",OK,"[-0.160187, -0.022308]"
87,17,0.5172,-15.5269,-15.5269,-17.2668,-0.17847,0.5883,-1.0,0.5883,15.5269,0.4493,-0.2147,DOGE,FUNNEL,FUNNEL,NO_FAVORITE,"[0.60,0.70)",OK,"[-0.364238, -0.024568]"
40,18,0.8,3.0051,3.0051,2.2051,0.075129,0.3439,-1.0,0.3439,1.6591,0.3333,0.6997,DOGE,FUNNEL,FUNNEL,NO_FAVORITE,"[0.70,0.80)",OK,"[-0.082684, 0.207974]"
30,19,0.8333,-0.6498,-0.6498,-1.2498,-0.021661,0.174,-1.0,0.174,1.7444,0.1696,-1.6907,DOGE,FUNNEL,FUNNEL,NO_FAVORITE,"[0.80,0.90)",OK,"[-0.166734, 0.125782]"
50,21,0.7,-12.8609,-12.8609,-13.8609,-0.257218,0.0611,-1.0,0.0611,13.2533,0.0309,-0.0422,DOGE,FUNNEL,FUNNEL,NO_FAVORITE,"[0.90,0.99]",OK,"[-0.396803, -0.111502]"
1,1,1.0,10.1111,10.1111,10.0911,10.111111,10.1111,0.0,,0.0,10.1111,1.0,DOGE,FUNNEL,FUNNEL,NO_OUTSIDER,"[0.05,0.10)",INSUFFICIENT_SAMPLE,
2,2,0.0,-2.0,-2.0,-2.04,-1.0,0.0,-1.0,0.0,2.0,-1.0,1.0,DOGE,FUNNEL,FUNNEL,NO_OUTSIDER,"[0.10,0.15)",INSUFFICIENT_SAMPLE,
3,2,0.0,-3.0,-3.0,-3.06,-1.0,0.0,-1.0,0.0,3.0,-1.0,1.0,DOGE,FUNNEL,FUNNEL,NO_OUTSIDER,"[0.20,0.25)",INSUFFICIENT_SAMPLE,
3,2,0.3333,0.4483,0.4483,0.3883,0.149425,2.4483,-1.0,2.4483,1.0,-1.0,1.0,DOGE,FUNNEL,FUNNEL,NO_OUTSIDER,"[0.25,0.30)",INSUFFICIENT_SAMPLE,
33,16,0.2727,-5.5267,-5.5267,-6.1867,-0.167477,2.0526,-1.0,2.0526,12.0588,-1.0,-1.9053,DOGE,FUNNEL,FUNNEL,NO_OUTSIDER,"[0.30,0.35)",OK,"[-0.618079, 0.252311]"
76,25,0.3947,4.8794,4.8794,3.3594,0.064203,1.696,-1.0,1.696,12.3684,-1.0,1.8868,DOGE,FUNNEL,FUNNEL,NO_OUTSIDER,"[0.35,0.40)",OK,"[-0.174827, 0.276014]"
471,30,0.4076,-53.9806,-53.9806,-63.4006,-0.114609,1.172,-1.0,1.172,61.5906,-1.0,-0.1389,DOGE,FUNNEL,FUNNEL,NO_OUTSIDER,"[0.40,0.50)",OK,"[-0.206338, -0.019203]"
126,29,0.5317,8.0,8.0,5.48,0.063492,1.0,-1.0,1.0,8.0,1.0,0.625,DOGE,FUNNEL,FUNNEL,NO_OUTSIDER,"[0.50,0.60)",OK,"[-0.114504, 0.229358]"
212,27,0.5047,-11.6192,-11.6192,-15.8592,-0.054807,0.8727,-1.0,0.8727,17.8896,0.6949,-0.4134,DOGE,FUNNEL,FUNNEL,YES_FAVORITE,"[0.50,0.60)",OK,"[-0.179482, 0.09373]"
59,19,0.6102,-2.368,-2.368,-3.548,-0.040135,0.5731,-1.0,0.5731,9.5629,0.4925,-1.4077,DOGE,FUNNEL,FUNNEL,YES_FAVORITE,"[0.60,0.70)",OK,"[-0.186598, 0.110605]"
22,15,0.8182,2.0373,2.0373,1.5973,0.092604,0.3354,-1.0,0.3354,1.7342,0.2987,1.003,DOGE,FUNNEL,FUNNEL,YES_FAVORITE,"[0.70,0.80)",OK,"[-0.145477, 0.284268]"
35,16,0.8571,0.3879,0.3879,-0.3121,0.011082,0.1796,-1.0,0.1796,1.8095,0.1765,3.1032,DOGE,FUNNEL,FUNNEL,YES_FAVORITE,"[0.80,0.90)",OK,"[-0.112457, 0.11426]"
34,16,0.9118,-1.5826,-1.5826,-2.2626,-0.046546,0.0457,-1.0,0.0457,2.2984,0.0309,-0.3356,DOGE,FUNNEL,FUNNEL,YES_FAVORITE,"[0.90,0.99]",OK,"[-0.142936, 0.045027]"
1,1,0.0,-1.0,-1.0,-1.02,-1.0,0.0,-1.0,0.0,1.0,-1.0,1.0,DOGE,FUNNEL,FUNNEL,YES_OUTSIDER,"[0.01,0.05)",INSUFFICIENT_SAMPLE,
1,1,0.0,-1.0,-1.0,-1.02,-1.0,0.0,-1.0,0.0,1.0,-1.0,1.0,DOGE,FUNNEL,FUNNEL,YES_OUTSIDER,"[0.10,0.15)",INSUFFICIENT_SAMPLE,
6,6,0.1667,-1.8333,-1.8333,-1.9533,-0.305556,3.1667,-1.0,3.1667,5.0,-1.0,0.4545,DOGE,FUNNEL,FUNNEL,YES_OUTSIDER,"[0.20,0.25)",INSUFFICIENT_SAMPLE,
11,10,0.4545,6.62,6.62,6.4,0.601815,2.524,-1.0,2.524,3.0,-1.0,1.9063,DOGE,FUNNEL,FUNNEL,YES_OUTSIDER,"[0.25,0.30)",OK,"[-0.361845, 1.519033]"
39,19,0.4359,13.2548,13.2548,12.4748,0.339867,2.0738,-1.0,2.0738,9.0588,-1.0,0.8477,DOGE,FUNNEL,FUNNEL,YES_OUTSIDER,"[0.30,0.35)",OK,"[-0.228261, 0.890241]"
83,24,0.4096,6.1677,6.1677,4.5077,0.07431,1.6226,-1.0,1.6226,11.4359,-1.0,1.4676,DOGE,FUNNEL,FUNNEL,YES_OUTSIDER,"[0.35,0.40)",OK,"[-0.24944, 0.383301]"
615,27,0.4407,-27.1252,-27.1252,-39.4252,-0.044106,1.1693,-1.0,1.1693,57.2346,-1.0,-0.2765,DOGE,FUNNEL,FUNNEL,YES_OUTSIDER,"[0.40,0.50)",OK,"[-0.127234, 0.038249]"
108,26,0.4352,-14.0,-14.0,-16.16,-0.12963,1.0,-1.0,1.0,17.0,-1.0,-0.3571,DOGE,FUNNEL,FUNNEL,YES_OUTSIDER,"[0.50,0.60)",OK,"[-0.316239, 0.048387]"
182,28,0.5385,-6.4924,-6.4924,-10.1324,-0.035673,0.7909,-1.0,0.7909,20.0798,0.6949,-0.7283,DOGE,GRID,12,YES_FAVORITE,"[0.50,0.60)",OK,"[-0.163599, 0.091441]"
282,28,0.6489,-1.1502,-1.1502,-6.7902,-0.004079,0.5347,-1.0,0.5347,14.5879,0.4706,-2.8979,DOGE,GRID,12,YES_FAVORITE,"[0.60,0.70)",OK,"[-0.098188, 0.077735]"
201,28,0.7313,-3.4839,-3.4839,-7.5039,-0.017333,0.3436,-1.0,0.3436,9.7059,0.2987,-0.6151,DOGE,GRID,12,YES_FAVORITE,"[0.70,0.80)",OK,"[-0.103955, 0.060328]"
168,28,0.8095,-5.354,-5.354,-8.714,-0.031869,0.1959,-1.0,0.1959,7.1526,0.1765,-0.2335,DOGE,GRID,12,YES_FAVORITE,"[0.80,0.90)",OK,"[-0.093504, 0.03634]"
65,23,0.9231,-0.5173,-0.5173,-1.8173,-0.007959,0.0747,-1.0,0.0747,2.1286,0.0753,-1.0739,DOGE,GRID,12,YES_FAVORITE,"[0.90,0.99]",OK,"[-0.087681, 0.058392]"
12,10,0.0,-12.0,-12.0,-12.24,-1.0,0.0,-1.0,0.0,12.0,-1.0,0.4167,DOGE,GRID,12,YES_OUTSIDER,"[0.05,0.10)",OK,"[-1.0, -1.0]"
39,19,0.2051,25.6953,25.6953,24.9153,0.658854,7.0869,-1.0,7.0869,13.0,-1.0,1.4465,DOGE,GRID,12,YES_OUTSIDER,"[0.10,0.15)",OK,"[-0.609601, 2.037534]"
68,25,0.1765,2.2713,2.2713,0.9113,0.033402,4.8559,-1.0,4.8559,16.7565,-1.0,11.6003,DOGE,GRID,12,YES_OUTSIDER,"[0.15,0.20)",OK,"[-0.38176, 0.478569]"
105,27,0.2286,4.5473,4.5473,2.4473,0.043308,3.5645,-1.0,3.5645,18.1347,-1.0,4.3982,DOGE,GRID,12,YES_OUTSIDER,"[0.20,0.25)",OK,"[-0.368885, 0.457953]"
119,26,0.2689,-1.6357,-1.6357,-4.0157,-0.013745,2.6676,-1.0,2.6676,22.1337,-1.0,-9.1705,DOGE,GRID,12,YES_OUTSIDER,"[0.25,0.30)",OK,"[-0.329833, 0.302212]"
105,26,0.219,-33.1741,-33.1741,-35.2741,-0.315944,2.1229,-1.0,2.1229,33.1741,-1.0,-0.3484,DOGE,GRID,12,YES_OUTSIDER,"[0.30,0.35)",OK,"[-0.606083, -0.029472]"
122,27,0.3689,-0.8141,-0.8141,-3.2541,-0.006673,1.693,-1.0,1.693,21.1334,-1.0,-11.4067,DOGE,GRID,12,YES_OUTSIDER,"[0.35,0.40)",OK,"[-0.205402, 0.230139]"
245,28,0.3959,-29.3,-29.3,-34.2,-0.119592,1.2237,-1.0,1.2237,34.1596,-1.0,-0.256,DOGE,GRID,12,YES_OUTSIDER,"[0.40,0.50)",OK,"[-0.217938, -0.024873]"
121,25,0.5041,-3.6193,-3.6193,-6.0393,-0.029912,0.9243,-1.0,0.9243,8.4979,0.8519,-1.3815,DOGE,GRID,12,YES_OUTSIDER,"[0.50,0.60)",OK,"[-0.165453, 0.094659]"
1,1,0.0,-1.0,-1.0,-1.02,-1.0,0.0,-1.0,0.0,1.0,-1.0,1.0,DOGE,GRID,12,YES_OUTSIDER,"[0.60,0.70)",INSUFFICIENT_SAMPLE,
15,5,0.6667,-4.8062,-4.8062,-5.1062,-0.320415,0.0194,-1.0,0.0194,4.8776,0.0204,-0.0212,DOGE,GRID,12,YES_OUTSIDER,"[0.90,0.99]",INSUFFICIENT_SAMPLE,
30,16,1.0,0.0431,0.0431,-0.5569,0.001436,0.0014,0.0,,0.0,0.001,0.3726,DOGE,GRID,5,YES_FAVORITE,,OK,"[0.001126, 0.001734]"
63,23,0.4921,-6.1564,-6.1564,-7.4164,-0.097721,0.8337,-1.0,0.8337,9.328,-1.0,-0.7803,DOGE,GRID,5,YES_FAVORITE,"[0.50,0.60)",OK,"[-0.331665, 0.070818]"
73,21,0.6712,2.9219,2.9219,1.4619,0.040025,0.5494,-1.0,0.5494,4.1268,0.4925,1.1221,DOGE,GRID,5,YES_FAVORITE,"[0.60,0.70)",OK,"[-0.126193, 0.203053]"
96,25,0.7083,-5.1956,-5.1956,-7.1156,-0.05412,0.3354,-1.0,0.3354,6.6245,0.2987,-0.4047,DOGE,GRID,5,YES_FAVORITE,"[0.70,0.80)",OK,"[-0.158028, 0.032717]"
130,23,0.8308,-2.3714,-2.3714,-4.9714,-0.018242,0.1817,-1.0,0.1817,5.3027,0.1628,-0.5271,DOGE,GRID,5,YES_FAVORITE,"[0.80,0.90)",OK,"[-0.10008, 0.060476]"
293,23,0.9829,5.369,5.369,-0.491,0.018324,0.036,-1.0,0.036,1.8765,0.0204,0.1035,DOGE,GRID,5,YES_FAVORITE,"[0.90,0.99]",OK,"[0.00568, 0.030498]"
117,23,0.0171,-42.0,-42.0,-44.34,-0.358974,36.5,-1.0,36.5,92.0,-1.0,-1.6667,DOGE,GRID,5,YES_OUTSIDER,"[0.01,0.05)",OK,"[-1.0, 0.521739]"
136,25,0.0441,-42.4286,-42.4286,-45.1486,-0.311975,14.5952,-1.0,14.5952,50.2143,-1.0,-1.7929,DOGE,GRID,5,YES_OUTSIDER,"[0.05,0.10)",OK,"[-0.75426, 0.12013]"
90,23,0.0667,-36.0606,-36.0606,-37.8606,-0.400673,7.9899,-1.0,7.9899,42.1515,-1.0,-1.1261,DOGE,GRID,5,YES_OUTSIDER,"[0.10,0.15)",OK,"[-0.797393, 0.036772]"
63,24,0.127,-17.3903,-17.3903,-18.6503,-0.276036,4.7012,-1.0,4.7012,27.2237,-1.0,-1.4273,DOGE,GRID,5,YES_OUTSIDER,"[0.15,0.20)",OK,"[-0.651009, 0.144602]"
50,23,0.16,-13.6989,-13.6989,-14.6989,-0.273979,3.5376,-1.0,3.5376,22.6522,-1.0,-1.346,DOGE,GRID,5,YES_OUTSIDER,"[0.20,0.25)",OK,"[-0.796296, 0.192358]"
49,17,0.1429,-23.1246,-23.1246,-24.1046,-0.471931,2.6965,-1.0,2.6965,24.8283,-1.0,-0.6045,DOGE,GRID,5,YES_OUTSIDER,"[0.25,0.30)",OK,"[-0.835404, -0.089839]"
36,17,0.2778,-4.5049,-4.5049,-5.2249,-0.125137,2.1495,-1.0,2.1495,12.1303,-1.0,-2.4958,DOGE,GRID,5,YES_OUTSIDER,"[0.30,0.35)",OK,"[-0.646821, 0.482718]"
52,20,0.4038,4.7843,4.7843,3.7443,0.092006,1.704,-1.0,1.704,9.4359,-1.0,1.9409,DOGE,GRID,5,YES_OUTSIDER,"[0.35,0.40)",OK,"[-0.159462, 0.399903]"
80,21,0.4625,4.537,4.537,2.937,0.056712,1.2848,-1.0,1.2848,12.6003,-1.0,1.6396,DOGE,GRID,5,YES_OUTSIDER,"[0.40,0.50)",OK,"[-0.20069, 0.260728]"
25,16,0.48,-1.8668,-1.8668,-2.3668,-0.074671,0.9278,-1.0,0.9278,6.4181,-1.0,-2.6364,DOGE,GRID,5,YES_OUTSIDER,"[0.50,0.60)",OK,"[-0.412705, 0.231915]"
1,1,0.0,-1.0,-1.0,-1.02,-1.0,0.0,-1.0,0.0,1.0,-1.0,1.0,DOGE,GRID,5,YES_OUTSIDER,"[0.60,0.70)",INSUFFICIENT_SAMPLE,
3,2,0.3333,-1.9899,-1.9899,-2.0499,-0.6633,0.0101,-1.0,0.0101,2.0,-1.0,1.0,DOGE,GRID,5,YES_OUTSIDER,"[0.90,0.99]",INSUFFICIENT_SAMPLE,
105,22,0.4667,-15.5897,-15.5897,-17.6897,-0.148473,0.8247,-1.0,0.8247,16.7277,-1.0,-0.3081,DOGE,GRID,8,YES_FAVORITE,"[0.50,0.60)",OK,"[-0.313407, 3e-05]"
123,23,0.5772,-13.8878,-13.8878,-16.3478,-0.112909,0.5368,-1.0,0.5368,21.1252,0.4493,-0.24,DOGE,GRID,8,YES_FAVORITE,"[0.60,0.70)",OK,"[-0.258906, 0.035114]"
145,23,0.7379,-1.964,-1.964,-4.864,-0.013545,0.3368,-1.0,0.3368,8.6586,0.2987,-1.091,DOGE,GRID,8,YES_FAVORITE,"[0.70,0.80)",OK,"[-0.109728, 0.075735]"
171,24,0.8246,-4.0429,-4.0429,-7.4629,-0.023643,0.1841,-1.0,0.1841,5.6643,0.1628,-0.3092,DOGE,GRID,8,YES_FAVORITE,"[0.80,0.90)",OK,"[-0.088605, 0.041373]"
218,24,0.9817,6.759,6.759,2.399,0.031004,0.0503,-1.0,0.0503,1.0,0.0417,0.0822,DOGE,GRID,8,YES_FAVORITE,"[0.90,0.99]",OK,"[0.014513, 0.045932]"
26,14,0.1154,74.0,74.0,73.48,2.846154,32.3333,-1.0,32.3333,12.0,-1.0,1.2838,DOGE,GRID,8,YES_OUTSIDER,"[0.01,0.05)",OK,"[-1.0, 7.064516]"
82,22,0.0,-82.0,-82.0,-83.64,-1.0,0.0,-1.0,0.0,82.0,-1.0,0.061,DOGE,GRID,8,YES_OUTSIDER,"[0.05,0.10)",OK,"[-1.0, -1.0]"
85,22,0.1176,-1.8798,-1.8798,-3.5798,-0.022115,7.312,-1.0,7.312,25.3297,-1.0,-21.682,DOGE,GRID,8,YES_OUTSIDER,"[0.10,0.15)",OK,"[-0.485348, 0.501851]"
75,24,0.0933,-35.0211,-35.0211,-36.5211,-0.466948,4.7113,-1.0,4.7113,35.0211,-1.0,-0.6982,DOGE,GRID,8,YES_OUTSIDER,"[0.15,0.20)",OK,"[-0.792295, -0.082387]"
80,23,0.2125,-2.284,-2.284,-3.884,-0.02855,3.5715,-1.0,3.5715,22.1472,-1.0,-8.4438,DOGE,GRID,8,YES_OUTSIDER,"[0.20,0.25)",OK,"[-0.373299, 0.273198]"
72,22,0.1944,-20.516,-20.516,-21.956,-0.284945,2.6774,-1.0,2.6774,22.8105,-1.0,-0.7161,DOGE,GRID,8,YES_OUTSIDER,"[0.25,0.30)",OK,"[-0.636717, 0.138617]"
61,22,0.3115,-2.0902,-2.0902,-3.3102,-0.034265,2.1005,-1.0,2.1005,9.7421,-1.0,-5.4787,DOGE,GRID,8,YES_OUTSIDER,"[0.30,0.35)",OK,"[-0.339857, 0.274424]"
47,23,0.4468,9.9268,9.9268,8.9868,0.211209,1.7108,-1.0,1.7108,6.0,-1.0,0.9354,DOGE,GRID,8,YES_OUTSIDER,"[0.35,0.40)",OK,"[-0.11863, 0.503849]"
134,26,0.4776,8.9444,8.9444,6.2644,0.066749,1.2335,-1.0,1.2335,9.7223,-1.0,0.8181,DOGE,GRID,8,YES_OUTSIDER,"[0.40,0.50)",OK,"[-0.083657, 0.216754]"
33,18,0.3939,-7.9253,-7.9253,-8.5853,-0.240162,0.9288,-1.0,0.9288,10.4127,-1.0,-0.6259,DOGE,GRID,8,YES_OUTSIDER,"[0.50,0.60)",OK,"[-0.601977, 0.049518]"
1,1,0.0,-1.0,-1.0,-1.02,-1.0,0.0,-1.0,0.0,1.0,-1.0,1.0,DOGE,GRID,8,YES_OUTSIDER,"[0.60,0.70)",INSUFFICIENT_SAMPLE,
3,2,0.3333,-1.9899,-1.9899,-2.0499,-0.6633,0.0101,-1.0,0.0101,2.0,-1.0,1.0,DOGE,GRID,8,YES_OUTSIDER,"[0.90,0.99]",INSUFFICIENT_SAMPLE,
2,2,1.0,0.002,0.002,-0.038,0.001001,0.001,0.0,,0.0,0.001,1.0,ETH,FUNNEL,FUNNEL,NO_FAVORITE,,INSUFFICIENT_SAMPLE,
111,27,0.4865,-6.993,-6.993,-9.213,-0.063,0.9261,-1.0,0.9261,14.1056,-1.0,-0.687,ETH,FUNNEL,FUNNEL,NO_FAVORITE,"[0.50,0.60)",OK,"[-0.219204, 0.08069]"
21,6,0.6667,0.4349,0.4349,0.0149,0.020707,0.5311,-1.0,0.5311,2.4615,0.4706,6.9372,ETH,FUNNEL,FUNNEL,NO_FAVORITE,"[0.60,0.70)",INSUFFICIENT_SAMPLE,
11,6,0.9091,2.5647,2.5647,2.3447,0.233157,0.3565,-1.0,0.3565,1.0,0.3514,0.7662,ETH,FUNNEL,FUNNEL,NO_FAVORITE,"[0.70,0.80)",INSUFFICIENT_SAMPLE,
22,14,0.7727,-1.8927,-1.8927,-2.3327,-0.086032,0.1828,-1.0,0.1828,2.8235,0.1561,-0.6203,ETH,FUNNEL,FUNNEL,NO_FAVORITE,"[0.80,0.90)",OK,"[-0.288958, 0.178058]"
21,10,0.8095,-2.8468,-2.8468,-3.2668,-0.135564,0.0678,-1.0,0.0678,3.1446,0.0526,-0.1696,ETH,FUNNEL,FUNNEL,NO_FAVORITE,"[0.90,0.99]",OK,"[-0.253706, 0.010256]"
1,1,0.0,-1.0,-1.0,-1.02,-1.0,0.0,-1.0,0.0,1.0,-1.0,1.0,ETH,FUNNEL,FUNNEL,NO_OUTSIDER,"[0.15,0.20)",INSUFFICIENT_SAMPLE,
4,3,0.0,-4.0,-4.0,-4.08,-1.0,0.0,-1.0,0.0,4.0,-1.0,1.0,ETH,FUNNEL,FUNNEL,NO_OUTSIDER,"[0.20,0.25)",INSUFFICIENT_SAMPLE,
3,3,0.3333,1.0,1.0,0.94,0.333333,3.0,-1.0,3.0,2.0,-1.0,1.0,ETH,FUNNEL,FUNNEL,NO_OUTSIDER,"[0.25,0.30)",INSUFFICIENT_SAMPLE,
22,13,0.3636,2.0697,2.0697,1.6297,0.094079,2.0087,-1.0,2.0087,7.0588,-1.0,4.9505,ETH,FUNNEL,FUNNEL,NO_OUTSIDER,"[0.30,0.35)",OK,"[-0.816176, 0.863206]"
71,22,0.4366,11.7429,11.7429,10.3229,0.165393,1.6691,-1.0,1.6691,6.094,-1.0,0.784,ETH,FUNNEL,FUNNEL,NO_OUTSIDER,"[0.35,0.40)",OK,"[-0.05705, 0.357628]"
734,29,0.436,-33.4549,-33.4549,-48.1349,-0.045579,1.1892,-1.0,1.1892,41.1118,-1.0,-0.2242,ETH,FUNNEL,FUNNEL,NO_OUTSIDER,"[0.40,0.50)",OK,"[-0.111069, 0.028567]"
209,27,0.5311,13.0,13.0,8.82,0.062201,1.0,-1.0,1.0,9.0,1.0,0.3846,ETH,FUNNEL,FUNNEL,NO_OUTSIDER,"[0.50,0.60)",OK,"[-0.055351, 0.193717]"
1,1,1.0,0.001,0.001,-0.019,0.001001,0.001,0.0,,0.0,0.001,1.0,ETH,FUNNEL,FUNNEL,YES_FAVORITE,,INSUFFICIENT_SAMPLE,
61,19,0.5246,0.7257,0.7257,-0.4943,0.011897,0.9289,-1.0,0.9289,7.4996,0.8182,6.6193,ETH,FUNNEL,FUNNEL,YES_FAVORITE,"[0.50,0.60)",OK,"[-0.254312, 0.24653]"
28,4,0.7143,3.0733,3.0733,2.5133,0.10976,0.5537,-1.0,0.5537,2.0801,0.5038,1.0402,ETH,FUNNEL,FUNNEL,YES_FAVORITE,"[0.60,0.70)",INSUFFICIENT_SAMPLE,
13,4,1.0,4.3719,4.3719,4.1119,0.336299,0.3363,0.0,,0.0,0.3333,0.4408,ETH,FUNNEL,FUNNEL,YES_FAVORITE,"[0.70,0.80)",INSUFFICIENT_SAMPLE,
13,7,1.0,2.5098,2.5098,2.2498,0.193058,0.1931,0.0,,0.0,0.2048,0.4613,ETH,FUNNEL,FUNNEL,YES_FAVORITE,"[0.80,0.90)",INSUFFICIENT_SAMPLE,
8,6,0.875,-0.6468,-0.6468,-0.8068,-0.08085,0.0505,-1.0,0.0505,1.0,0.0418,-0.5148,ETH,FUNNEL,FUNNEL,YES_FAVORITE,"[0.90,0.99]",INSUFFICIENT_SAMPLE,
2,2,0.0,-2.0,-2.0,-2.04,-1.0,0.0,-1.0,0.0,2.0,-1.0,1.0,ETH,FUNNEL,FUNNEL,YES_OUTSIDER,"[0.15,0.20)",INSUFFICIENT_SAMPLE,
5,5,0.0,-5.0,-5.0,-5.1,-1.0,0.0,-1.0,0.0,5.0,-1.0,1.0,ETH,FUNNEL,FUNNEL,YES_OUTSIDER,"[0.20,0.25)",INSUFFICIENT_SAMPLE,
5,4,0.2,-1.0,-1.0,-1.1,-0.2,3.0,-1.0,3.0,4.0,-1.0,1.0,ETH,FUNNEL,FUNNEL,YES_OUTSIDER,"[0.25,0.30)",INSUFFICIENT_SAMPLE,
27,13,0.2593,-5.5696,-5.5696,-6.1096,-0.20628,2.0615,-1.0,2.0615,9.9697,-1.0,-1.8939,ETH,FUNNEL,FUNNEL,YES_OUTSIDER,"[0.30,0.35)",OK,"[-0.61678, 0.198889]"
78,25,0.3462,-5.3475,-5.3475,-6.9075,-0.068558,1.6908,-1.0,1.6908,14.2862,-1.0,-1.7365,ETH,FUNNEL,FUNNEL,YES_OUTSIDER,"[0.35,0.40)",OK,"[-0.286354, 0.150957]"
707,29,0.4738,23.5756,23.5756,9.4356,0.033346,1.1808,-1.0,1.1808,29.8064,-1.0,0.3181,ETH,FUNNEL,FUNNEL,YES_OUTSIDER,"[0.40,0.50)",OK,"[-0.060284, 0.124759]"
144,26,0.5,0.0,0.0,-2.88,0.0,1.0,-1.0,1.0,15.0,0.0,,ETH,FUNNEL,FUNNEL,YES_OUTSIDER,"[0.50,0.60)",OK,"[-0.166667, 0.183099]"
267,28,0.603,28.1767,28.1767,22.8367,0.105531,0.8334,-1.0,0.8334,11.1043,0.7241,0.1705,ETH,GRID,12,YES_FAVORITE,"[0.50,0.60)",OK,"[-0.013078, 0.233213]"
238,28,0.6849,14.7067,14.7067,9.9467,0.061793,0.5503,-1.0,0.5503,9.0393,0.4925,0.2267,ETH,GRID,12,YES_FAVORITE,"[0.60,0.70)",OK,"[-0.040129, 0.162194]"
231,28,0.7706,9.3109,9.3109,4.6909,0.040307,0.3501,-1.0,0.3501,6.8886,0.3333,0.2301,ETH,GRID,12,YES_FAVORITE,"[0.70,0.80)",OK,"[-0.035834, 0.117338]"
108,28,0.8611,2.1373,2.1373,-0.0227,0.019789,0.1843,-1.0,0.1843,4.4488,0.1765,0.5849,ETH,GRID,12,YES_FAVORITE,"[0.80,0.90)",OK,"[-0.061389, 0.086799]"
41,21,0.9756,2.0927,2.0927,1.2727,0.051041,0.0773,-1.0,0.0773,1.0,0.087,0.2655,ETH,GRID,12,YES_FAVORITE,"[0.90,0.99]",OK,"[-0.007716, 0.083697]"
3,3,0.0,-3.0,-3.0,-3.06,-1.0,0.0,-1.0,0.0,3.0,-1.0,1.0,ETH,GRID,12,YES_OUTSIDER,"[0.01,0.05)",INSUFFICIENT_SAMPLE,
21,15,0.0952,5.7857,5.7857,5.3657,0.27551,12.3929,-1.0,12.3929,14.0,-1.0,3.7654,ETH,GRID,12,YES_OUTSIDER,"[0.05,0.10)",OK,"[-1.0, 2.649068]"
43,20,0.093,-11.29,-11.29,-12.15,-0.262559,6.9275,-1.0,6.9275,16.0,-1.0,-2.3658,ETH,GRID,12,YES_OUTSIDER,"[0.10,0.15)",OK,"[-1.0, 0.524562]"
64,24,0.1562,-5.5424,-5.5424,-6.8224,-0.0866,4.8458,-1.0,4.8458,19.6667,-1.0,-4.6861,ETH,GRID,12,YES_OUTSIDER,"[0.15,0.20)",OK,"[-0.587887, 0.554971]"
74,23,0.2027,-5.9132,-5.9132,-7.3932,-0.079908,3.5391,-1.0,3.5391,18.0,-1.0,-3.3017,ETH,GRID,12,YES_OUTSIDER,"[0.20,0.25)",OK,"[-0.490732, 0.433747]"
98,27,0.2143,-20.3121,-20.3121,-22.2721,-0.207266,2.6994,-1.0,2.6994,30.4338,-1.0,-0.7309,ETH,GRID,12,YES_OUTSIDER,"[0.25,0.30)",OK,"[-0.487626, 0.131719]"
136,27,0.2868,-15.7333,-15.7333,-18.4533,-0.115686,2.0838,-1.0,2.0838,17.754,-1.0,-0.7347,ETH,GRID,12,YES_OUTSIDER,"[0.30,0.35)",OK,"[-0.310598, 0.095297]"
141,28,0.3262,-16.8825,-16.8825,-19.7025,-0.119734,1.6982,-1.0,1.6982,21.9238,-1.0,-0.55,ETH,GRID,12,YES_OUTSIDER,"[0.35,0.40)",OK,"[-0.360988, 0.104655]"
276,28,0.4384,-6.115,-6.115,-11.635,-0.022156,1.2305,-1.0,1.2305,31.7667,-1.0,-1.2265,ETH,GRID,12,YES_OUTSIDER,"[0.40,0.50)",OK,"[-0.147491, 0.1009]"
68,17,0.4853,-3.5217,-3.5217,-4.8817,-0.05179,0.9539,-1.0,0.9539,10.3122,-1.0,-1.4198,ETH,GRID,12,YES_OUTSIDER,"[0.50,0.60)",OK,"[-0.287993, 0.162309]"
6,4,0.5,-2.8743,-2.8743,-2.9943,-0.479055,0.0419,-1.0,0.0419,2.8743,-0.4898,0.6521,ETH,GRID,12,YES_OUTSIDER,"[0.90,0.99]",INSUFFICIENT_SAMPLE,
37,20,1.0,0.0842,0.0842,-0.6558,0.002277,0.0023,0.0,,0.0,0.002,0.2504,ETH,GRID,5,YES_FAVORITE,,OK,"[0.001877, 0.002723]"
73,21,0.589,5.0295,5.0295,3.5695,0.068898,0.8146,-1.0,0.8146,7.1569,0.7241,0.9476,ETH,GRID,5,YES_FAVORITE,"[0.50,0.60)",OK,"[-0.108133, 0.282529]"
74,21,0.7568,12.8769,12.8769,11.3969,0.174012,0.5514,-1.0,0.5514,3.2324,0.5152,0.2567,ETH,GRID,5,YES_FAVORITE,"[0.60,0.70)",OK,"[0.026349, 0.317589]"
81,24,0.7778,3.9903,3.9903,2.3703,0.049263,0.3491,-1.0,0.3491,3.6301,0.3333,0.537,ETH,GRID,5,YES_FAVORITE,"[0.70,0.80)",OK,"[-0.078372, 0.155703]"
119,25,0.8739,3.6817,3.6817,1.3017,0.030938,0.1796,-1.0,0.1796,4.1228,0.1628,0.3395,ETH,GRID,5,YES_FAVORITE,"[0.80,0.90)",OK,"[-0.022472, 0.093271]"
265,23,0.9509,-2.0493,-2.0493,-7.3493,-0.007733,0.0435,-1.0,0.0435,4.7252,0.0309,-0.2711,ETH,GRID,5,YES_FAVORITE,"[0.90,0.99]",OK,"[-0.043504, 0.021756]"
9,9,0.0,-9.0,-9.0,-9.18,-1.0,0.0,-1.0,0.0,9.0,-1.0,0.5556,ETH,GRID,5,YES_OUTSIDER,,INSUFFICIENT_SAMPLE,
152,25,0.0066,-102.0,-102.0,-105.04,-0.671053,49.0,-1.0,49.0,130.0,-1.0,-0.4412,ETH,GRID,5,YES_OUTSIDER,"[0.01,0.05)",OK,"[-1.0, -0.019608]"
127,26,0.063,-8.9841,-8.9841,-11.5241,-0.070741,13.752,-1.0,13.752,45.3889,-1.0,-8.5601,ETH,GRID,5,YES_OUTSIDER,"[0.05,0.10)",OK,"[-0.595424, 0.415175]"
76,24,0.1184,-1.4812,-1.4812,-3.0012,-0.019489,7.2799,-1.0,7.2799,15.0,-1.0,-26.9031,ETH,GRID,5,YES_OUTSIDER,"[0.10,0.15)",OK,"[-0.460243, 0.442685]"
73,22,0.0959,-31.2843,-31.2843,-32.7443,-0.428552,4.9594,-1.0,4.9594,31.3333,-1.0,-0.8184,ETH,GRID,5,YES_OUTSIDER,"[0.15,0.20)",OK,"[-0.791667, 0.032945]"
51,21,0.2941,19.9439,19.9439,18.9239,0.391057,3.7296,-1.0,3.7296,6.0,-1.0,1.0028,ETH,GRID,5,YES_OUTSIDER,"[0.20,0.25)",OK,"[-0.174992, 0.962825]"
52,20,0.1731,-18.299,-18.299,-19.339,-0.351903,2.7446,-1.0,2.7446,18.299,-1.0,-0.7945,ETH,GRID,5,YES_OUTSIDER,"[0.25,0.30)",OK,"[-0.706142, 0.035909]"
40,16,0.425,12.559,12.559,11.759,0.313975,2.0917,-1.0,2.0917,5.9697,-1.0,0.9118,ETH,GRID,5,YES_OUTSIDER,"[0.30,0.35)",OK,"[-0.063923, 0.706107]"
30,16,0.3667,0.07,0.07,-0.53,0.002332,1.7336,-1.0,1.7336,10.9597,-1.0,130.4712,ETH,GRID,5,YES_OUTSIDER,"[0.35,0.40)",OK,"[-0.553605, 0.636022]"
69,22,0.4638,2.9542,2.9542,1.5742,0.042814,1.2486,-1.0,1.2486,6.0,-1.0,2.4975,ETH,GRID,5,YES_OUTSIDER,"[0.40,0.50)",OK,"[-0.180488, 0.202605]"
15,8,0.6,2.6922,2.6922,2.3922,0.179481,0.9658,-1.0,0.9658,3.0392,0.9231,1.8426,ETH,GRID,5,YES_OUTSIDER,"[0.50,0.60)",INSUFFICIENT_SAMPLE,
1,1,0.0,-1.0,-1.0,-1.02,-1.0,0.0,-1.0,0.0,1.0,-1.0,1.0,ETH,GRID,5,YES_OUTSIDER,"[0.90,0.99]",INSUFFICIENT_SAMPLE,
1,1,1.0,0.001,0.001,-0.019,0.001001,0.001,0.0,,0.0,0.001,1.0,ETH,GRID,8,YES_FAVORITE,,INSUFFICIENT_SAMPLE,
127,24,0.5118,-8.3771,-8.3771,-10.9171,-0.065961,0.825,-1.0,0.825,19.0356,0.6949,-0.5735,ETH,GRID,8,YES_FAVORITE,"[0.50,0.60)",OK,"[-0.197228, 0.076414]"
123,23,0.6098,-6.6017,-6.6017,-9.0617,-0.053672,0.552,-1.0,0.552,8.3359,0.4706,-0.5049,ETH,GRID,8,YES_FAVORITE,"[0.60,0.70)",OK,"[-0.167242, 0.059255]"
138,24,0.8043,10.7462,10.7462,7.9862,0.077871,0.3401,-1.0,0.3401,4.0352,0.3158,0.1994,ETH,GRID,8,YES_FAVORITE,"[0.70,0.80)",OK,"[0.008961, 0.139801]"
158,23,0.8354,-1.4384,-1.4384,-4.5984,-0.009104,0.1861,-1.0,0.1861,5.4819,0.1628,-0.869,ETH,GRID,8,YES_FAVORITE,"[0.80,0.90)",OK,"[-0.076614, 0.056042]"
170,24,0.9529,1.0408,1.0408,-2.3592,0.006122,0.0558,-1.0,0.0558,2.6146,0.0526,0.5338,ETH,GRID,8,YES_FAVORITE,"[0.90,0.99]",OK,"[-0.025563, 0.034057]"
50,20,0.0,-50.0,-50.0,-51.0,-1.0,0.0,-1.0,0.0,50.0,-1.0,0.1,ETH,GRID,8,YES_OUTSIDER,"[0.01,0.05)",OK,"[-1.0, -1.0]"
68,23,0.0147,-51.3333,-51.3333,-52.6933,-0.754902,15.6667,-1.0,15.6667,65.0,-1.0,-0.2273,ETH,GRID,8,YES_OUTSIDER,"[0.05,0.10)",OK,"[-1.0, -0.180328]"
60,22,0.0833,-21.3553,-21.3553,-22.5553,-0.355922,6.7289,-1.0,6.7289,28.3333,-1.0,-1.5755,ETH,GRID,8,YES_OUTSIDER,"[0.10,0.15)",OK,"[-0.833333, 0.181049]"
88,23,0.125,-23.7938,-23.7938,-25.5538,-0.270384,4.8369,-1.0,4.8369,25.7104,-1.0,-1.1228,ETH,GRID,8,YES_OUTSIDER,"[0.15,0.20)",OK,"[-0.72962, 0.24484]"
74,22,0.1892,-10.9132,-10.9132,-12.3932,-0.147476,3.5062,-1.0,3.5062,23.971,-1.0,-1.7672,ETH,GRID,8,YES_OUTSIDER,"[0.20,0.25)",OK,"[-0.522131, 0.307435]"
74,23,0.3243,15.735,15.735,14.255,0.212635,2.739,-1.0,2.739,16.7249,-1.0,0.9337,ETH,GRID,8,YES_OUTSIDER,"[0.25,0.30)",OK,"[-0.157965, 0.616339]"
60,20,0.2833,-6.0818,-6.0818,-7.2818,-0.101364,2.1717,-1.0,2.1717,15.1664,-1.0,-1.9183,ETH,GRID,8,YES_OUTSIDER,"[0.30,0.35)",OK,"[-0.516976, 0.383972]"
62,22,0.2742,-16.5567,-16.5567,-17.7967,-0.267043,1.6731,-1.0,1.6731,24.1163,-1.0,-0.5513,ETH,GRID,8,YES_OUTSIDER,"[0.35,0.40)",OK,"[-0.563186, 0.012059]"
123,24,0.4553,2.7471,2.7471,0.2871,0.022334,1.2455,-1.0,1.2455,13.71,-1.0,2.7302,ETH,GRID,8,YES_OUTSIDER,"[0.40,0.50)",OK,"[-0.128281, 0.176279]"
26,15,0.5385,1.9231,1.9231,1.4031,0.073965,0.9945,-1.0,0.9945,3.0,0.9615,2.6,ETH,GRID,8,YES_OUTSIDER,"[0.50,0.60)",OK,"[-0.333333, 0.381657]"
1,1,0.0,-1.0,-1.0,-1.02,-1.0,0.0,-1.0,0.0,1.0,-1.0,1.0,ETH,GRID,8,YES_OUTSIDER,"[0.90,0.99]",INSUFFICIENT_SAMPLE,
1,1,1.0,0.001,0.001,-0.019,0.001001,0.001,0.0,,0.0,0.001,1.0,SOL,FUNNEL,FUNNEL,NO_FAVORITE,,INSUFFICIENT_SAMPLE,
231,29,0.4935,-13.7999,-13.7999,-18.4199,-0.05974,0.9053,-1.0,0.9053,22.0777,-1.0,-0.3481,SOL,FUNNEL,FUNNEL,NO_FAVORITE,"[0.50,0.60)",OK,"[-0.144632, 0.020917]"
31,15,0.5484,-4.9868,-4.9868,-5.6068,-0.160865,0.5302,-1.0,0.5302,7.6608,0.4493,-0.6475,SOL,FUNNEL,FUNNEL,NO_FAVORITE,"[0.60,0.70)",OK,"[-0.388458, 0.178895]"
39,19,0.6923,-2.6877,-2.6877,-3.4677,-0.068916,0.3449,-1.0,0.3449,6.9302,0.3158,-0.7528,SOL,FUNNEL,FUNNEL,NO_FAVORITE,"[0.70,0.80)",OK,"[-0.261522, 0.144019]"
39,22,0.7436,-5.1282,-5.1282,-5.9082,-0.131492,0.168,-1.0,0.168,6.5365,0.1494,-0.2172,SOL,FUNNEL,FUNNEL,NO_FAVORITE,"[0.80,0.90)",OK,"[-0.295908, 0.066744]"
35,22,0.7714,-6.284,-6.284,-6.984,-0.179544,0.0636,-1.0,0.0636,6.6474,0.0526,-0.0884,SOL,FUNNEL,FUNNEL,NO_FAVORITE,"[0.90,0.99]",OK,"[-0.331407, -0.024622]"
1,1,0.0,-1.0,-1.0,-1.02,-1.0,0.0,-1.0,0.0,1.0,-1.0,1.0,SOL,FUNNEL,FUNNEL,NO_OUTSIDER,"[0.01,0.05)",INSUFFICIENT_SAMPLE,
1,1,0.0,-1.0,-1.0,-1.02,-1.0,0.0,-1.0,0.0,1.0,-1.0,1.0,SOL,FUNNEL,FUNNEL,NO_OUTSIDER,"[0.05,0.10)",INSUFFICIENT_SAMPLE,
3,2,0.6667,8.1455,8.1455,8.0855,2.71517,4.5728,-1.0,4.5728,1.0,4.2632,1.0,SOL,FUNNEL,FUNNEL,NO_OUTSIDER,"[0.15,0.20)",INSUFFICIENT_SAMPLE,
5,2,0.2,-0.4545,-0.4545,-0.5545,-0.090909,3.5455,-1.0,3.5455,3.0,-1.0,1.0,SOL,FUNNEL,FUNNEL,NO_OUTSIDER,"[0.20,0.25)",INSUFFICIENT_SAMPLE,
5,5,0.4,2.152,2.152,2.052,0.430396,2.576,-1.0,2.576,3.0,-1.0,1.0,SOL,FUNNEL,FUNNEL,NO_OUTSIDER,"[0.25,0.30)",INSUFFICIENT_SAMPLE,
35,20,0.2571,-7.4014,-7.4014,-8.1014,-0.211469,2.0665,-1.0,2.0665,11.5684,-1.0,-1.4517,SOL,FUNNEL,FUNNEL,NO_OUTSIDER,"[0.30,0.35)",OK,"[-0.56406, 0.192827]"
124,26,0.3629,-3.6688,-3.6688,-6.1488,-0.029587,1.674,-1.0,1.674,16.6558,-1.0,-2.531,SOL,FUNNEL,FUNNEL,NO_OUTSIDER,"[0.35,0.40)",OK,"[-0.238059, 0.15618]"
610,30,0.4508,-14.0945,-14.0945,-26.2945,-0.023106,1.1669,-1.0,1.1669,46.9229,-1.0,-0.5321,SOL,FUNNEL,FUNNEL,NO_OUTSIDER,"[0.40,0.50)",OK,"[-0.111516, 0.068193]"
175,28,0.5314,11.0,11.0,7.5,0.062857,1.0,-1.0,1.0,15.0,1.0,0.4545,SOL,FUNNEL,FUNNEL,NO_OUTSIDER,"[0.50,0.60)",OK,"[-0.078652, 0.220779]"
131,27,0.5038,-5.3353,-5.3353,-7.9553,-0.040727,0.904,-1.0,0.904,11.7546,0.6949,-0.9004,SOL,FUNNEL,FUNNEL,YES_FAVORITE,"[0.50,0.60)",OK,"[-0.212035, 0.09797]"
27,15,0.7407,4.4,4.4,3.86,0.162962,0.57,-1.0,0.57,2.0,0.5152,0.7576,SOL,FUNNEL,FUNNEL,YES_FAVORITE,"[0.60,0.70)",OK,"[-0.070627, 0.387601]"
24,17,0.875,4.4257,4.4257,3.9457,0.184403,0.3536,-1.0,0.3536,2.3257,0.316,0.4842,SOL,FUNNEL,FUNNEL,YES_FAVORITE,"[0.70,0.80)",OK,"[-0.054218, 0.369879]"
28,18,0.9286,2.5776,2.5776,2.0176,0.092057,0.1761,-1.0,0.1761,1.0,0.1628,0.4553,SOL,FUNNEL,FUNNEL,YES_FAVORITE,"[0.80,0.90)",OK,"[-0.008398, 0.179167]"
25,14,0.8,-3.7681,-3.7681,-4.2681,-0.150726,0.0616,-1.0,0.0616,4.0059,0.0638,-0.1314,SOL,FUNNEL,FUNNEL,YES_FAVORITE,"[0.90,0.99]",OK,"[-0.319849, -0.013779]"
3,2,0.0,-3.0,-3.0,-3.06,-1.0,0.0,-1.0,0.0,3.0,-1.0,1.0,SOL,FUNNEL,FUNNEL,YES_OUTSIDER,"[0.01,0.05)",INSUFFICIENT_SAMPLE,
1,1,0.0,-1.0,-1.0,-1.02,-1.0,0.0,-1.0,0.0,1.0,-1.0,1.0,SOL,FUNNEL,FUNNEL,YES_OUTSIDER,"[0.05,0.10)",INSUFFICIENT_SAMPLE,
1,1,0.0,-1.0,-1.0,-1.02,-1.0,0.0,-1.0,0.0,1.0,-1.0,1.0,SOL,FUNNEL,FUNNEL,YES_OUTSIDER,"[0.10,0.15)",INSUFFICIENT_SAMPLE,
6,2,0.0,-6.0,-6.0,-6.12,-1.0,0.0,-1.0,0.0,6.0,-1.0,0.8333,SOL,FUNNEL,FUNNEL,YES_OUTSIDER,"[0.20,0.25)",INSUFFICIENT_SAMPLE,
5,5,0.4,1.8966,1.8966,1.7966,0.37931,2.4483,-1.0,2.4483,2.0,-1.0,1.0,SOL,FUNNEL,FUNNEL,YES_OUTSIDER,"[0.25,0.30)",INSUFFICIENT_SAMPLE,
45,20,0.2667,-7.2176,-7.2176,-8.1176,-0.160391,2.1485,-1.0,2.1485,15.4207,-1.0,-1.6015,SOL,FUNNEL,FUNNEL,YES_OUTSIDER,"[0.30,0.35)",OK,"[-0.565145, 0.324074]"
110,27,0.4182,13.5526,13.5526,11.3526,0.123205,1.6859,-1.0,1.6859,8.3363,-1.0,0.6852,SOL,FUNNEL,FUNNEL,YES_OUTSIDER,"[0.35,0.40)",OK,"[-0.103773, 0.38537]"
595,29,0.4454,-17.7773,-17.7773,-29.6773,-0.029878,1.1782,-1.0,1.1782,32.0332,-1.0,-0.4219,SOL,FUNNEL,FUNNEL,YES_OUTSIDER,"[0.40,0.50)",OK,"[-0.108039, 0.053129]"
155,28,0.4903,-3.0,-3.0,-6.1,-0.019355,1.0,-1.0,1.0,16.0,-1.0,-1.6667,SOL,FUNNEL,FUNNEL,YES_OUTSIDER,"[0.50,0.60)",OK,"[-0.186667, 0.152941]"
224,28,0.5804,12.0377,12.0377,7.5577,0.05374,0.8157,-1.0,0.8157,11.6887,0.7241,0.3991,SOL,GRID,12,YES_FAVORITE,"[0.50,0.60)",OK,"[-0.064159, 0.157585]"
243,28,0.6091,-12.8566,-12.8566,-17.7166,-0.052908,0.555,-1.0,0.555,19.3113,0.4925,-0.2593,SOL,GRID,12,YES_FAVORITE,"[0.60,0.70)",OK,"[-0.155391, 0.04549]"
223,28,0.7668,6.5126,6.5126,2.0526,0.029204,0.3422,-1.0,0.3422,5.4816,0.3158,0.329,SOL,GRID,12,YES_FAVORITE,"[0.70,0.80)",OK,"[-0.04231, 0.094998]"
140,28,0.8643,4.266,4.266,1.466,0.030472,0.1923,-1.0,0.1923,3.5678,0.1765,0.293,SOL,GRID,12,YES_FAVORITE,"[0.80,0.90)",OK,"[-0.051951, 0.103092]"
49,18,0.9184,-0.4922,-0.4922,-1.4722,-0.010045,0.078,-1.0,0.078,1.9959,0.0753,-1.1287,SOL,GRID,12,YES_FAVORITE,"[0.90,0.99]",OK,"[-0.095296, 0.057997]"
1,1,0.0,-1.0,-1.0,-1.02,-1.0,0.0,-1.0,0.0,1.0,-1.0,1.0,SOL,GRID,12,YES_OUTSIDER,"[0.01,0.05)",INSUFFICIENT_SAMPLE,
14,12,0.0,-14.0,-14.0,-14.28,-1.0,0.0,-1.0,0.0,14.0,-1.0,0.3571,SOL,GRID,12,YES_OUTSIDER,"[0.05,0.10)",OK,"[-1.0, -1.0]"
36,21,0.0556,-21.1648,-21.1648,-21.8848,-0.587912,6.4176,-1.0,6.4176,21.3077,-1.0,-0.4647,SOL,GRID,12,YES_OUTSIDER,"[0.10,0.15)",OK,"[-1.0, 0.098901]"
72,23,0.1806,2.7012,2.7012,1.2612,0.037516,4.7462,-1.0,4.7462,11.7368,-1.0,9.4459,SOL,GRID,12,YES_OUTSIDER,"[0.15,0.20)",OK,"[-0.33511, 0.411593]"
92,27,0.2065,-7.3576,-7.3576,-9.1976,-0.079974,3.4549,-1.0,3.4549,22.5829,-1.0,-2.5918,SOL,GRID,12,YES_OUTSIDER,"[0.20,0.25)",OK,"[-0.411788, 0.280174]"
111,26,0.2613,-4.228,-4.228,-6.448,-0.03809,2.6818,-1.0,2.6818,34.8609,-1.0,-3.5114,SOL,GRID,12,YES_OUTSIDER,"[0.25,0.30)",OK,"[-0.376016, 0.259411]"
122,27,0.3033,-7.1472,-7.1472,-9.5872,-0.058584,2.1041,-1.0,2.1041,16.9936,-1.0,-1.6173,SOL,GRID,12,YES_OUTSIDER,"[0.30,0.35)",OK,"[-0.266531, 0.159817]"
126,27,0.3492,-6.6694,-6.6694,-9.1894,-0.052932,1.7121,-1.0,1.7121,16.1019,-1.0,-1.3923,SOL,GRID,12,YES_OUTSIDER,"[0.35,0.40)",OK,"[-0.288069, 0.16588]"
274,28,0.3796,-39.5512,-39.5512,-45.0312,-0.144347,1.2543,-1.0,1.2543,40.7251,-1.0,-0.1896,SOL,GRID,12,YES_OUTSIDER,"[0.40,0.50)",OK,"[-0.26061, -0.026675]"
99,24,0.5253,1.2749,1.2749,-0.7051,0.012878,0.9284,-1.0,0.9284,8.0392,0.8519,3.9218,SOL,GRID,12,YES_OUTSIDER,"[0.50,0.60)",OK,"[-0.153449, 0.161454]"
15,4,0.5333,-6.7092,-6.7092,-7.0092,-0.447279,0.0364,-1.0,0.0364,6.8342,0.0204,-0.0311,SOL,GRID,12,YES_OUTSIDER,"[0.90,0.99]",INSUFFICIENT_SAMPLE,
37,18,1.0,0.0742,0.0742,-0.6658,0.002007,0.002,0.0,,0.0,0.001,0.3658,SOL,GRID,5,YES_FAVORITE,,OK,"[0.001575, 0.002583]"
82,22,0.5244,-3.8601,-3.8601,-5.5001,-0.047074,0.8172,-1.0,0.8172,5.0227,0.6949,-1.2445,SOL,GRID,5,YES_FAVORITE,"[0.50,0.60)",OK,"[-0.204057, 0.077018]"
55,23,0.6909,3.0782,3.0782,1.9782,0.055967,0.5284,-1.0,0.5284,4.0,0.4925,1.0474,SOL,GRID,5,YES_FAVORITE,"[0.60,0.70)",OK,"[-0.14594, 0.254128]"
93,25,0.7849,5.6095,5.6095,3.7495,0.060317,0.3508,-1.0,0.3508,6.1931,0.3158,0.382,SOL,GRID,5,YES_FAVORITE,"[0.70,0.80)",OK,"[-0.06377, 0.171696]"
100,22,0.84,-1.0652,-1.0652,-3.0652,-0.010652,0.1778,-1.0,0.1778,4.4014,0.1628,-1.1735,SOL,GRID,5,YES_FAVORITE,"[0.80,0.90)",OK,"[-0.091788, 0.064201]"
311,25,0.9518,-3.9906,-3.9906,-10.2106,-0.012832,0.0372,-1.0,0.0372,6.1442,0.0204,-0.1392,SOL,GRID,5,YES_FAVORITE,"[0.90,0.99]",OK,"[-0.042648, 0.014388]"
5,5,0.0,-5.0,-5.0,-5.1,-1.0,0.0,-1.0,0.0,5.0,-1.0,1.0,SOL,GRID,5,YES_OUTSIDER,,INSUFFICIENT_SAMPLE,
158,25,0.0316,50.3333,50.3333,47.1733,0.318565,40.6667,-1.0,40.6667,71.0,-1.0,4.0397,SOL,GRID,5,YES_OUTSIDER,"[0.01,0.05)",OK,"[-0.618321, 1.247191]"
122,25,0.0246,-70.8889,-70.8889,-73.3289,-0.581056,16.037,-1.0,16.037,71.0,-1.0,-0.6505,SOL,GRID,5,YES_OUTSIDER,"[0.05,0.10)",OK,"[-1.0, -0.107143]"
80,22,0.0875,-20.6565,-20.6565,-22.2565,-0.258206,7.4776,-1.0,7.4776,25.7993,-1.0,-1.9392,SOL,GRID,5,YES_OUTSIDER,"[0.10,0.15)",OK,"[-0.720107, 0.167478]"
67,23,0.1343,-15.5423,-15.5423,-16.8823,-0.231975,4.7175,-1.0,4.7175,27.1944,-1.0,-1.5969,SOL,GRID,5,YES_OUTSIDER,"[0.15,0.20)",OK,"[-0.680715, 0.312246]"
57,21,0.1754,-12.3656,-12.3656,-13.5056,-0.216941,3.4634,-1.0,3.4634,18.0777,-1.0,-1.4911,SOL,GRID,5,YES_OUTSIDER,"[0.20,0.25)",OK,"[-0.626537, 0.215895]"
56,21,0.2857,3.6894,3.6894,2.5694,0.065882,2.7306,-1.0,2.7306,10.2766,-1.0,4.024,SOL,GRID,5,YES_OUTSIDER,"[0.25,0.30)",OK,"[-0.374781, 0.54422]"
38,20,0.2895,-3.6897,-3.6897,-4.4497,-0.097097,2.1191,-1.0,2.1191,13.1976,-1.0,-2.9889,SOL,GRID,5,YES_OUTSIDER,"[0.30,0.35)",OK,"[-0.655255, 0.428819]"
42,20,0.4762,11.987,11.987,11.147,0.285405,1.6994,-1.0,1.6994,5.0,-1.0,0.768,SOL,GRID,5,YES_OUTSIDER,"[0.35,0.40)",OK,"[-0.205021, 0.735931]"
80,22,0.4875,6.9308,6.9308,5.3308,0.086636,1.229,-1.0,1.229,10.0,-1.0,1.0557,SOL,GRID,5,YES_OUTSIDER,"[0.40,0.50)",OK,"[-0.227576, 0.360603]"
25,12,0.48,-1.347,-1.347,-1.847,-0.05388,0.9711,-1.0,0.9711,6.1176,-1.0,-3.712,SOL,GRID,5,YES_OUTSIDER,"[0.50,0.60)",OK,"[-0.439493, 0.309319]"
1,1,0.0,-1.0,-1.0,-1.02,-1.0,0.0,-1.0,0.0,1.0,-1.0,1.0,SOL,GRID,5,YES_OUTSIDER,"[0.60,0.70)",INSUFFICIENT_SAMPLE,
2,1,0.5,-0.9796,-0.9796,-1.0196,-0.489796,0.0204,-1.0,0.0204,1.0,-0.4898,1.0,SOL,GRID,5,YES_OUTSIDER,"[0.90,0.99]",INSUFFICIENT_SAMPLE,
4,3,1.0,0.011,0.011,-0.069,0.002762,0.0028,0.0,,0.0,0.002,1.0,SOL,GRID,8,YES_FAVORITE,,INSUFFICIENT_SAMPLE,
95,24,0.5368,-1.2814,-1.2814,-3.1814,-0.013488,0.8376,-1.0,0.8376,9.7448,0.6949,-3.749,SOL,GRID,8,YES_FAVORITE,"[0.50,0.60)",OK,"[-0.211272, 0.153172]"
115,22,0.5652,-15.5146,-15.5146,-17.8146,-0.134909,0.5305,-1.0,0.5305,16.0217,0.4493,-0.2062,SOL,GRID,8,YES_FAVORITE,"[0.60,0.70)",OK,"[-0.30278, 0.031232]"
142,23,0.7887,9.0426,9.0426,6.2026,0.06368,0.3486,-1.0,0.3486,3.5915,0.3333,0.237,SOL,GRID,8,YES_FAVORITE,"[0.70,0.80)",OK,"[0.009717, 0.135707]"
169,22,0.8402,-1.7061,-1.7061,-5.0861,-0.010095,0.1781,-1.0,0.1781,6.5532,0.1628,-0.7327,SOL,GRID,8,YES_FAVORITE,"[0.80,0.90)",OK,"[-0.050893, 0.028212]"
209,23,0.9426,-0.9489,-0.9489,-5.1289,-0.00454,0.0561,-1.0,0.0561,4.7625,0.0526,-0.5854,SOL,GRID,8,YES_FAVORITE,"[0.90,0.99]",OK,"[-0.041121, 0.025613]"
34,16,0.0588,41.0,41.0,40.32,1.205882,36.5,-1.0,36.5,21.0,-1.0,1.7073,SOL,GRID,8,YES_OUTSIDER,"[0.01,0.05)",OK,"[-1.0, 5.034483]"
80,24,0.0875,18.1746,18.1746,16.5746,0.227183,13.0249,-1.0,13.0249,27.0,-1.0,3.9039,SOL,GRID,8,YES_OUTSIDER,"[0.05,0.10)",OK,"[-0.560145, 1.114972]"
96,23,0.0417,-59.9744,-59.9744,-61.8944,-0.624733,8.0064,-1.0,8.0064,62.0,-1.0,-0.5173,SOL,GRID,8,YES_OUTSIDER,"[0.10,0.15)",OK,"[-0.91357, -0.311741]"
81,22,0.0988,-32.3691,-32.3691,-33.9891,-0.399619,5.0789,-1.0,5.0789,37.6323,-1.0,-0.8511,SOL,GRID,8,YES_OUTSIDER,"[0.15,0.20)",OK,"[-0.728013, -0.059847]"
72,22,0.1667,-18.3015,-18.3015,-19.7415,-0.254188,3.4749,-1.0,3.4749,23.9307,-1.0,-1.0159,SOL,GRID,8,YES_OUTSIDER,"[0.20,0.25)",OK,"[-0.606611, 0.191239]"
80,23,0.2875,3.2381,3.2381,1.6381,0.040476,2.619,-1.0,2.619,11.8571,-1.0,4.4934,SOL,GRID,8,YES_OUTSIDER,"[0.25,0.30)",OK,"[-0.248843, 0.362839]"
74,22,0.3378,4.3488,4.3488,2.8688,0.058768,2.134,-1.0,2.134,16.6081,-1.0,2.658,SOL,GRID,8,YES_OUTSIDER,"[0.30,0.35)",OK,"[-0.248428, 0.37621]"
72,25,0.3472,-4.2147,-4.2147,-5.6547,-0.058537,1.7114,-1.0,1.7114,15.7313,-1.0,-2.1844,SOL,GRID,8,YES_OUTSIDER,"[0.35,0.40)",OK,"[-0.312115, 0.247144]"
111,25,0.3964,-11.2062,-11.2062,-13.4262,-0.100956,1.268,-1.0,1.268,19.1843,-1.0,-0.6693,SOL,GRID,8,YES_OUTSIDER,"[0.40,0.50)",OK,"[-0.280203, 0.093608]"
25,13,0.32,-9.1554,-9.1554,-9.6554,-0.366214,0.9806,-1.0,0.9806,10.0392,-1.0,-0.5461,SOL,GRID,8,YES_OUTSIDER,"[0.50,0.60)",OK,"[-0.7, -0.069759]"
2,1,0.5,-0.9796,-0.9796,-1.0196,-0.489796,0.0204,-1.0,0.0204,1.0,-0.4898,1.0,SOL,GRID,8,YES_OUTSIDER,"[0.90,0.99]",INSUFFICIENT_SAMPLE,
3,3,1.0,0.007,0.007,-0.053,0.00234,0.0023,0.0,,0.0,0.002,1.0,XRP,FUNNEL,FUNNEL,NO_FAVORITE,,INSUFFICIENT_SAMPLE,
277,29,0.4838,-22.9135,-22.9135,-28.4535,-0.08272,0.8962,-1.0,0.8962,29.3624,-1.0,-0.2097,XRP,FUNNEL,FUNNEL,NO_FAVORITE,"[0.50,0.60)",OK,"[-0.192826, 0.038527]"
49,21,0.7551,8.8393,8.8393,7.8593,0.180394,0.5632,-1.0,0.5632,2.5075,0.4925,0.3771,XRP,FUNNEL,FUNNEL,NO_FAVORITE,"[0.60,0.70)",OK,"[0.016127, 0.355982]"
37,19,0.7297,-0.7773,-0.7773,-1.5173,-0.021008,0.3416,-1.0,0.3416,3.6782,0.2821,-2.6532,XRP,FUNNEL,FUNNEL,NO_FAVORITE,"[0.70,0.80)",OK,"[-0.201679, 0.163178]"
57,23,0.807,-2.7124,-2.7124,-3.8524,-0.047586,0.1802,-1.0,0.1802,4.7432,0.1628,-0.4495,XRP,FUNNEL,FUNNEL,NO_FAVORITE,"[0.80,0.90)",OK,"[-0.173399, 0.070793]"
39,19,0.8462,-3.7935,-3.7935,-4.5735,-0.097269,0.0669,-1.0,0.0669,4.2048,0.0638,-0.1464,XRP,FUNNEL,FUNNEL,NO_FAVORITE,"[0.90,0.99]",OK,"[-0.281465, 0.061984]"
2,2,0.0,-2.0,-2.0,-2.04,-1.0,0.0,-1.0,0.0,2.0,-1.0,1.0,XRP,FUNNEL,FUNNEL,NO_OUTSIDER,"[0.10,0.15)",INSUFFICIENT_SAMPLE,
2,2,0.5,3.5556,3.5556,3.5156,1.777778,4.5556,-1.0,4.5556,1.0,1.7778,1.0,XRP,FUNNEL,FUNNEL,NO_OUTSIDER,"[0.15,0.20)",INSUFFICIENT_SAMPLE,
3,3,0.0,-3.0,-3.0,-3.06,-1.0,0.0,-1.0,0.0,3.0,-1.0,1.0,XRP,FUNNEL,FUNNEL,NO_OUTSIDER,"[0.20,0.25)",INSUFFICIENT_SAMPLE,
16,11,0.1875,-5.1341,-5.1341,-5.4541,-0.320884,2.622,-1.0,2.622,6.9803,-1.0,-1.1425,XRP,FUNNEL,FUNNEL,NO_OUTSIDER,"[0.25,0.30)",OK,"[-1.0, 0.137293]"
41,23,0.3902,6.9729,6.9729,6.1529,0.170071,1.9983,-1.0,1.9983,8.9035,-1.0,1.4975,XRP,FUNNEL,FUNNEL,NO_OUTSIDER,"[0.30,0.35)",OK,"[-0.31484, 0.661699]"
93,27,0.2688,-25.8597,-25.8597,-27.7197,-0.278061,1.6856,-1.0,1.6856,30.719,-1.0,-0.3529,XRP,FUNNEL,FUNNEL,NO_OUTSIDER,"[0.35,0.40)",OK,"[-0.470558, -0.094502]"
785,29,0.428,-53.9578,-53.9578,-69.6578,-0.068736,1.1757,-1.0,1.1757,67.299,-1.0,-0.139,XRP,FUNNEL,FUNNEL,NO_OUTSIDER,"[0.40,0.50)",OK,"[-0.153104, 0.010673]"
239,30,0.477,-11.0,-11.0,-15.78,-0.046025,1.0,-1.0,1.0,13.0,-1.0,-0.4545,XRP,FUNNEL,FUNNEL,NO_OUTSIDER,"[0.50,0.60)",OK,"[-0.130045, 0.03937]"
2,1,1.0,0.002,0.002,-0.038,0.001001,0.001,0.0,,0.0,0.001,1.0,XRP,FUNNEL,FUNNEL,YES_FAVORITE,,INSUFFICIENT_SAMPLE,
96,23,0.4167,-20.2017,-20.2017,-22.1217,-0.210435,0.895,-1.0,0.895,21.7537,-1.0,-0.2378,XRP,FUNNEL,FUNNEL,YES_FAVORITE,"[0.50,0.60)",OK,"[-0.349225, -0.050973]"
15,11,0.6667,0.7341,0.7341,0.4341,0.04894,0.5734,-1.0,0.5734,2.7742,0.5625,4.1396,XRP,FUNNEL,FUNNEL,YES_FAVORITE,"[0.60,0.70)",OK,"[-0.257393, 0.558877]"
15,11,0.6,-2.91,-2.91,-3.21,-0.193997,0.3433,-1.0,0.3433,4.6248,0.2821,-0.6566,XRP,FUNNEL,FUNNEL,YES_FAVORITE,"[0.70,0.80)",OK,"[-0.5165, 0.330566]"
13,9,0.8462,0.0117,0.0117,-0.2483,0.000901,0.1829,-1.0,0.1829,1.0,0.1765,93.8685,XRP,FUNNEL,FUNNEL,YES_FAVORITE,"[0.80,0.90)",INSUFFICIENT_SAMPLE,
11,7,0.9091,-0.3372,-0.3372,-0.5572,-0.030658,0.0663,-1.0,0.0663,1.0,0.0417,-1.5041,XRP,FUNNEL,FUNNEL,YES_FAVORITE,"[0.90,0.99]",INSUFFICIENT_SAMPLE,
1,1,0.0,-1.0,-1.0,-1.02,-1.0,0.0,-1.0,0.0,1.0,-1.0,1.0,XRP,FUNNEL,FUNNEL,YES_OUTSIDER,"[0.05,0.10)",INSUFFICIENT_SAMPLE,
1,1,0.0,-1.0,-1.0,-1.02,-1.0,0.0,-1.0,0.0,1.0,-1.0,1.0,XRP,FUNNEL,FUNNEL,YES_OUTSIDER,"[0.15,0.20)",INSUFFICIENT_SAMPLE,
3,2,0.3333,1.3478,1.3478,1.2878,0.449275,3.3478,-1.0,3.3478,2.0,-1.0,1.0,XRP,FUNNEL,FUNNEL,YES_OUTSIDER,"[0.20,0.25)",INSUFFICIENT_SAMPLE,
13,7,0.2308,-2.4089,-2.4089,-2.6689,-0.185297,2.5304,-1.0,2.5304,5.0,-1.0,-2.3211,XRP,FUNNEL,FUNNEL,YES_OUTSIDER,"[0.25,0.30)",INSUFFICIENT_SAMPLE,
19,11,0.5263,12.1102,12.1102,11.7302,0.637377,2.111,-1.0,2.111,2.0,1.9412,0.9123,XRP,FUNNEL,FUNNEL,YES_OUTSIDER,"[0.30,0.35)",OK,"[0.105169, 1.075839]"
60,21,0.2833,-14.8692,-14.8692,-16.0692,-0.24782,1.6548,-1.0,1.6548,23.1623,-1.0,-0.593,XRP,FUNNEL,FUNNEL,YES_OUTSIDER,"[0.35,0.40)",OK,"[-0.582453, 0.047542]"
527,30,0.4156,-47.6654,-47.6654,-58.2054,-0.090447,1.1887,-1.0,1.1887,52.7611,-1.0,-0.1573,XRP,FUNNEL,FUNNEL,YES_OUTSIDER,"[0.40,0.50)",OK,"[-0.179043, 0.002481]"
103,29,0.4757,-5.0,-5.0,-7.06,-0.048544,1.0,-1.0,1.0,11.0,-1.0,-1.0,XRP,FUNNEL,FUNNEL,YES_OUTSIDER,"[0.50,0.60)",OK,"[-0.243243, 0.147826]"
218,28,0.5642,5.7659,5.7659,1.4059,0.026449,0.8192,-1.0,0.8192,11.9885,0.7241,0.8332,XRP,GRID,12,YES_FAVORITE,"[0.50,0.60)",OK,"[-0.067219, 0.112264]"
233,28,0.6309,-6.062,-6.062,-10.722,-0.026017,0.5438,-1.0,0.5438,12.9982,0.4925,-0.5499,XRP,GRID,12,YES_FAVORITE,"[0.60,0.70)",OK,"[-0.102867, 0.043793]"
222,28,0.7387,-0.7113,-0.7113,-5.1513,-0.003204,0.3493,-1.0,0.3493,8.4962,0.3158,-3.0125,XRP,GRID,12,YES_FAVORITE,"[0.70,0.80)",OK,"[-0.066976, 0.058134]"
171,28,0.8655,4.8971,4.8971,1.4771,0.028638,0.1885,-1.0,0.1885,3.9144,0.1765,0.2553,XRP,GRID,12,YES_FAVORITE,"[0.80,0.90)",OK,"[-0.016374, 0.07456]"
46,17,0.8913,-1.9576,-1.9576,-2.8776,-0.042556,0.0742,-1.0,0.0742,2.2665,0.0695,-0.2838,XRP,GRID,12,YES_FAVORITE,"[0.90,0.99]",OK,"[-0.139841, 0.04039]"
1,1,0.0,-1.0,-1.0,-1.02,-1.0,0.0,-1.0,0.0,1.0,-1.0,1.0,XRP,GRID,12,YES_OUTSIDER,"[0.01,0.05)",INSUFFICIENT_SAMPLE,
17,14,0.0,-17.0,-17.0,-17.34,-1.0,0.0,-1.0,0.0,17.0,-1.0,0.2941,XRP,GRID,12,YES_OUTSIDER,"[0.05,0.10)",OK,"[-1.0, -1.0]"
35,19,0.0571,-18.3333,-18.3333,-19.0333,-0.52381,7.3333,-1.0,7.3333,23.6667,-1.0,-0.6364,XRP,GRID,12,YES_OUTSIDER,"[0.10,0.15)",OK,"[-1.0, 0.068376]"
85,28,0.1294,-20.8836,-20.8836,-22.5836,-0.24569,4.8288,-1.0,4.8288,32.2792,-1.0,-1.2593,XRP,GRID,12,YES_OUTSIDER,"[0.15,0.20)",OK,"[-0.595035, 0.170236]"
86,24,0.2674,20.0305,20.0305,18.3105,0.232913,3.61,-1.0,3.61,13.0,-1.0,0.9985,XRP,GRID,12,YES_OUTSIDER,"[0.20,0.25)",OK,"[-0.203152, 0.699671]"
110,25,0.3545,33.8141,33.8141,31.6141,0.307401,2.6875,-1.0,2.6875,8.848,-1.0,0.4436,XRP,GRID,12,YES_OUTSIDER,"[0.25,0.30)",OK,"[-0.011405, 0.647216]"
131,28,0.2061,-46.0184,-46.0184,-48.6384,-0.351286,2.1475,-1.0,2.1475,48.2443,-1.0,-0.2535,XRP,GRID,12,YES_OUTSIDER,"[0.30,0.35)",OK,"[-0.57343, -0.09863]"
118,27,0.3729,1.4088,1.4088,-0.9512,0.011939,1.7138,-1.0,1.7138,15.8519,-1.0,6.5914,XRP,GRID,12,YES_OUTSIDER,"[0.35,0.40)",OK,"[-0.235568, 0.2831]"
285,28,0.4491,3.7241,3.7241,-1.9759,0.013067,1.2557,-1.0,1.2557,25.1,-1.0,2.0139,XRP,GRID,12,YES_OUTSIDER,"[0.40,0.50)",OK,"[-0.111072, 0.154987]"
87,25,0.3563,-27.4355,-27.4355,-29.1755,-0.31535,0.9214,-1.0,0.9214,29.5074,-1.0,-0.1822,XRP,GRID,12,YES_OUTSIDER,"[0.50,0.60)",OK,"[-0.484127, -0.152231]"
11,4,0.6364,-3.8571,-3.8571,-4.0771,-0.350649,0.0204,-1.0,0.0204,3.9388,0.0204,-0.0265,XRP,GRID,12,YES_OUTSIDER,"[0.90,0.99]",INSUFFICIENT_SAMPLE,
29,17,1.0,0.0582,0.0582,-0.5218,0.002007,0.002,0.0,,0.0,0.001,0.4148,XRP,GRID,5,YES_FAVORITE,,OK,"[0.001419, 0.00271]"
63,21,0.619,7.6852,7.6852,6.4252,0.121988,0.8124,-1.0,0.8124,4.5809,0.7241,0.6251,XRP,GRID,5,YES_FAVORITE,"[0.50,0.60)",OK,"[-0.037801, 0.353045]"
88,23,0.6932,6.4541,6.4541,4.6941,0.073342,0.5484,-1.0,0.5484,5.091,0.4925,0.5038,XRP,GRID,5,YES_FAVORITE,"[0.60,0.70)",OK,"[-0.087035, 0.22277]"
97,23,0.701,-6.8058,-6.8058,-8.7458,-0.070163,0.3264,-1.0,0.3264,8.2211,0.2987,-0.3089,XRP,GRID,5,YES_FAVORITE,"[0.70,0.80)",OK,"[-0.175037, 0.030075]"
123,25,0.813,-5.5235,-5.5235,-7.9835,-0.044906,0.1748,-1.0,0.1748,6.4153,0.1628,-0.2263,XRP,GRID,5,YES_FAVORITE,"[0.80,0.90)",OK,"[-0.120631, 0.02584]"
301,24,0.9435,-6.358,-6.358,-12.378,-0.021123,0.0375,-1.0,0.0375,10.0603,0.0204,-0.0874,XRP,GRID,5,YES_FAVORITE,"[0.90,0.99]",OK,"[-0.050359, 0.005839]"
16,10,0.0,-16.0,-16.0,-16.32,-1.0,0.0,-1.0,0.0,16.0,-1.0,0.3125,XRP,GRID,5,YES_OUTSIDER,,OK,"[-1.0, -1.0]"
163,25,0.0123,-88.0,-88.0,-91.26,-0.539877,36.5,-1.0,36.5,88.0,-1.0,-0.7955,XRP,GRID,5,YES_OUTSIDER,"[0.01,0.05)",OK,"[-1.0, 0.215278]"
116,24,0.0603,-16.9921,-16.9921,-19.3121,-0.146483,13.144,-1.0,13.144,45.0,-1.0,-4.2247,XRP,GRID,5,YES_OUTSIDER,"[0.05,0.10)",OK,"[-0.764595, 0.710587]"
81,22,0.037,-54.9744,-54.9744,-56.5944,-0.678696,7.6752,-1.0,7.6752,59.6667,-1.0,-0.3825,XRP,GRID,5,YES_OUTSIDER,"[0.10,0.15)",OK,"[-1.0, -0.316239]"
57,20,0.0526,-40.2237,-40.2237,-41.3637,-0.705679,4.5921,-1.0,4.5921,46.7368,-1.0,-0.2928,XRP,GRID,5,YES_OUTSIDER,"[0.15,0.20)",OK,"[-1.0, -0.361455]"
41,17,0.1463,-13.8355,-13.8355,-14.6555,-0.337451,3.5274,-1.0,3.5274,19.3593,-1.0,-1.3008,XRP,GRID,5,YES_OUTSIDER,"[0.20,0.25)",OK,"[-0.786325, 0.16219]"
43,20,0.2791,-0.0962,-0.0962,-0.9562,-0.002237,2.5753,-1.0,2.5753,10.9409,-1.0,-139.2719,XRP,GRID,5,YES_OUTSIDER,"[0.25,0.30)",OK,"[-0.359037, 0.449659]"
44,19,0.2045,-16.2304,-16.2304,-17.1104,-0.368873,2.0855,-1.0,2.0855,16.2304,-1.0,-0.6671,XRP,GRID,5,YES_OUTSIDER,"[0.30,0.35)",OK,"[-0.658572, -0.082114]"
38,20,0.3684,-0.4193,-0.4193,-1.1793,-0.011033,1.6843,-1.0,1.6843,6.3684,-1.0,-21.0323,XRP,GRID,5,YES_OUTSIDER,"[0.35,0.40)",OK,"[-0.357587, 0.40736]"
81,21,0.4321,-3.0612,-3.0612,-4.6812,-0.037792,1.2268,-1.0,1.2268,11.9161,-1.0,-2.4102,XRP,GRID,5,YES_OUTSIDER,"[0.40,0.50)",OK,"[-0.242784, 0.164158]"
23,12,0.5652,2.4599,2.4599,1.9999,0.106954,0.9585,-1.0,0.9585,3.0,0.9231,2.0166,XRP,GRID,5,YES_OUTSIDER,"[0.50,0.60)",OK,"[-0.196749, 0.521605]"
2,1,0.0,-2.0,-2.0,-2.04,-1.0,0.0,-1.0,0.0,2.0,-1.0,1.0,XRP,GRID,5,YES_OUTSIDER,"[0.90,0.99]",INSUFFICIENT_SAMPLE,
4,4,1.0,0.009,0.009,-0.071,0.002258,0.0023,0.0,,0.0,0.0015,1.0,XRP,GRID,8,YES_FAVORITE,,INSUFFICIENT_SAMPLE,
103,23,0.5243,-4.9695,-4.9695,-7.0295,-0.048247,0.8154,-1.0,0.8154,13.0854,0.6949,-0.9667,XRP,GRID,8,YES_FAVORITE,"[0.50,0.60)",OK,"[-0.24122, 0.138889]"
125,22,0.616,-6.392,-6.392,-8.892,-0.051136,0.5404,-1.0,0.5404,13.8808,0.4706,-0.5215,XRP,GRID,8,YES_FAVORITE,"[0.60,0.70)",OK,"[-0.155363, 0.051261]"
155,23,0.6516,-20.2149,-20.2149,-23.3149,-0.130419,0.3345,-1.0,0.3345,22.0614,0.2821,-0.106,XRP,GRID,8,YES_FAVORITE,"[0.70,0.80)",OK,"[-0.226944, -0.02748]"
181,23,0.8343,-2.5929,-2.5929,-6.2129,-0.014325,0.1815,-1.0,0.1815,5.0414,0.1628,-0.4821,XRP,GRID,8,YES_FAVORITE,"[0.80,0.90)",OK,"[-0.07774, 0.051342]"
191,24,0.9529,1.2641,1.2641,-2.5559,0.006619,0.0564,-1.0,0.0564,3.1683,0.0526,0.4395,XRP,GRID,8,YES_FAVORITE,"[0.90,0.99]",OK,"[-0.024466, 0.035708]"
1,1,0.0,-1.0,-1.0,-1.02,-1.0,0.0,-1.0,0.0,1.0,-1.0,1.0,XRP,GRID,8,YES_OUTSIDER,,INSUFFICIENT_SAMPLE,
38,20,0.0263,-4.6667,-4.6667,-5.4267,-0.122807,32.3333,-1.0,32.3333,21.0,-1.0,-6.0714,XRP,GRID,8,YES_OUTSIDER,"[0.01,0.05)",OK,"[-1.0, 1.962963]"
77,21,0.013,-64.5,-64.5,-66.04,-0.837662,11.5,-1.0,11.5,73.0,-1.0,-0.1163,XRP,GRID,8,YES_OUTSIDER,"[0.05,0.10)",OK,"[-1.0, -0.493243]"
93,21,0.086,-24.7749,-24.7749,-26.6349,-0.266397,7.5281,-1.0,7.5281,38.7662,-1.0,-1.639,XRP,GRID,8,YES_OUTSIDER,"[0.10,0.15)",OK,"[-0.706439, 0.253949]"
88,22,0.1023,-35.3413,-35.3413,-37.1013,-0.401606,4.851,-1.0,4.851,41.3691,-1.0,-0.7363,XRP,GRID,8,YES_OUTSIDER,"[0.15,0.20)",OK,"[-0.729123, -0.004386]"
76,24,0.0921,-43.6543,-43.6543,-45.1743,-0.574399,3.6208,-1.0,3.6208,46.4762,-1.0,-0.4314,XRP,GRID,8,YES_OUTSIDER,"[0.20,0.25)",OK,"[-0.889771, -0.173076]"
57,23,0.1754,-20.1163,-20.1163,-21.2563,-0.352918,2.6884,-1.0,2.6884,24.5646,-1.0,-0.7156,XRP,GRID,8,YES_OUTSIDER,"[0.25,0.30)",OK,"[-0.725099, 0.099215]"
59,19,0.339,2.8443,2.8443,1.6643,0.048208,2.0922,-1.0,2.0922,10.5484,-1.0,3.9884,XRP,GRID,8,YES_OUTSIDER,"[0.30,0.35)",OK,"[-0.244972, 0.361737]"
66,21,0.3788,1.1833,1.1833,-0.1367,0.017928,1.6873,-1.0,1.6873,13.5788,-1.0,7.8476,XRP,GRID,8,YES_OUTSIDER,"[0.35,0.40)",OK,"[-0.248738, 0.288181]"
123,25,0.4797,11.0982,11.0982,8.6382,0.090229,1.2729,-1.0,1.2729,10.7273,-1.0,0.6758,XRP,GRID,8,YES_OUTSIDER,"[0.40,0.50)",OK,"[-0.131459, 0.304412]"
21,13,0.5714,2.5761,2.5761,2.1561,0.122671,0.9647,-1.0,0.9647,3.0392,0.9231,1.9409,XRP,GRID,8,YES_OUTSIDER,"[0.50,0.60)",OK,"[-0.305563, 0.515761]"
1,1,1.0,0.6393,0.6393,0.6193,0.639344,0.6393,0.0,,0.0,0.6393,1.0,XRP,GRID,8,YES_OUTSIDER,"[0.60,0.70)",INSUFFICIENT_SAMPLE,
2,1,0.0,-2.0,-2.0,-2.04,-1.0,0.0,-1.0,0.0,2.0,-1.0,1.0,XRP,GRID,8,YES_OUTSIDER,"[0.90,0.99]",INSUFFICIENT_SAMPLE,
