model_registry_id,model_version,oof_artifact_id,artifact_status,invalid_reason,artifact_schema_version,stored_row_count,decoded_row_count,quote_row_count,artifact_sha256,replay_allowed,retrain_required,close_time_status,close_time_join_key,close_time_missing_count,close_time_ambiguous_count
820,48,80,VALID_FOR_REPLAY,,2,79937,79937,4814,96bf71b2c502b08e928cf7832bfdf525632442c0539a69856b416bb37ef3cb6f,True,False,RECOVERED,market_id,0,0
821,49,81,VALID_FOR_REPLAY,,2,79937,79937,4814,5970844d5957b8396a96994927d86fd610a7d502c580e229755c5a6fd705f058,True,False,RECOVERED,market_id,0,0
822,50,82,VALID_FOR_REPLAY,,2,79937,79937,4814,4860490309ed3eb736da30ecafdd4c90ee79eb62303e6e9769e6db317386d7bf,True,False,RECOVERED,market_id,0,0
823,14,83,VALID_FOR_REPLAY,,2,39724,39724,4719,0009da428defd1206a45258f279e615e74da6b5b05d46bd0fed6aae6731551f7,True,False,RECOVERED,market_id,0,0
824,15,84,VALID_FOR_REPLAY,,2,39724,39724,4719,ac6d22a682ff12d7e84b97575fa7ed2cde21624442e9bcb78cba591729171099,True,False,RECOVERED,market_id,0,0
825,16,85,VALID_FOR_REPLAY,,2,39724,39724,4719,7fbac135c5fa06b7fdc517330a1c1eac578009c49e03caddde99e95c576cbead,True,False,RECOVERED,market_id,0,0
826,10,86,VALID_FOR_REPLAY,,2,22536,22536,4599,507995aeb074ec0cc2824449484a213a50af6f9618bc95297a68d539f5c6e48b,True,False,RECOVERED,market_id,0,0
827,11,87,VALID_FOR_REPLAY,,2,22536,22536,4599,b4f596a654218ccb7d5da7c6cb1da73043ecd857e3921b2a24a652088c8e4075,True,False,RECOVERED,market_id,0,0
828,12,88,VALID_FOR_REPLAY,,2,22536,22536,4599,b97901690377ff99ef0c04adc66aef47ccc8d74c3d25448327b539022c769a57,True,False,RECOVERED,market_id,0,0
829,9,89,VALID_FOR_REPLAY,,2,17941,17941,4092,9de3933a86f5450382e350c59ad18ec5258edc6a8caacf621ddeb16cdc8c258d,True,False,RECOVERED,market_id,0,0
830,10,90,VALID_FOR_REPLAY,,2,17941,17941,4092,d0d45a73fc5bc8e7a84457b8cc3954883a4ae04f937afd0bf2d055c9bab0e0dc,True,False,RECOVERED,market_id,0,0
831,11,91,VALID_FOR_REPLAY,,2,17941,17941,4092,096b82603b92a7d321e130d85a5d17f73f0e80e978d640f02ce084cae6acd572,True,False,RECOVERED,market_id,0,0
832,48,92,VALID_FOR_REPLAY,,2,80041,80041,4835,68320ad38370f419c3e4811d329c5d850122a30a59318eaa1e3c440c51066d75,True,False,RECOVERED,market_id,0,0
833,49,93,VALID_FOR_REPLAY,,2,80041,80041,4835,7429f78997de95cb98ae5ac1016e7e7f7efa79b5c90cfd2fe5c579d69ad2b4f9,True,False,RECOVERED,market_id,0,0
834,50,94,VALID_FOR_REPLAY,,2,80041,80041,4835,3d08ce13e9c024010af32f05c960da2243085245e2265ea3efeec76ab9b1e11b,True,False,RECOVERED,market_id,0,0
835,16,95,VALID_FOR_REPLAY,,2,39815,39815,4753,2621d434755770e7ba0b7a0e58b96b0c38805f8e5a33a19dd255fa09966feb0a,True,False,RECOVERED,market_id,0,0
836,17,96,VALID_FOR_REPLAY,,2,39815,39815,4753,d4ce784b07f805a991333d8e993192cc84db206ebebefc6b1714355c91964d84,True,False,RECOVERED,market_id,0,0
837,18,97,VALID_FOR_REPLAY,,2,39815,39815,4753,d10e72759c5eba0b6c046063c2e5e87767b2373c61b991e2bc4b8c072d21a33a,True,False,RECOVERED,market_id,0,0
838,14,98,VALID_FOR_REPLAY,,2,22510,22510,4604,b86c485741a28dbf8e49ec1852432ea3607f5accbf43f1492cd41a4dbf414b59,True,False,RECOVERED,market_id,0,0
839,15,99,VALID_FOR_REPLAY,,2,22510,22510,4604,af0356cbfc39fb89516d5f493c8bcd8e1277c338089b735529e4facf31666859,True,False,RECOVERED,market_id,0,0
840,16,100,VALID_FOR_REPLAY,,2,22510,22510,4604,f577b9c5d4c93a3cc0f3c20165cdd61712c0671834f1be06c132f224d12ebccf,True,False,RECOVERED,market_id,0,0
841,5,101,VALID_FOR_REPLAY,,2,17970,17970,4127,6b256cf36bbeb1906cc2aaf4503229a66c2a9214903a96b6538130792de64828,True,False,RECOVERED,market_id,0,0
842,6,102,VALID_FOR_REPLAY,,2,17970,17970,4127,46b01c98c2971786f155a44f3a00c86d6e03a5540bb58733df2a690f5b07e8dd,True,False,RECOVERED,market_id,0,0
843,7,103,VALID_FOR_REPLAY,,2,17970,17970,4127,ee6316a5badaa42f0ec73c64e618daaafa0131d7b47a603e3101b66bdfb14fcc,True,False,RECOVERED,market_id,0,0
844,36,104,VALID_FOR_REPLAY,,2,77481,77481,4767,3857c5ffe0bdf8ae09af04cc83eee85d064b0f0d6fc939716fab6a53da0d145f,True,False,RECOVERED,market_id,0,0
845,37,105,VALID_FOR_REPLAY,,2,77481,77481,4767,221c67e17fae6fb77dd0fd89f9138f06f88b303ddc07bc30987425e89b3e5036,True,False,RECOVERED,market_id,0,0
846,38,106,VALID_FOR_REPLAY,,2,77481,77481,4767,b51fa3235188788f2d7932ea608e28d2725fba76894bcf9fd3d0fee0e61a89f4,True,False,RECOVERED,market_id,0,0
847,15,107,VALID_FOR_REPLAY,,2,38998,38998,4681,7a54e180d6bcf3de961e673354b4d110e8e7e1ccf6bebe9d8a3ec881bb80e19c,True,False,RECOVERED,market_id,0,0
848,16,108,VALID_FOR_REPLAY,,2,38998,38998,4681,dc9bb12b4b3a5e3090208670c0c8b9d751c9948ca7bb0068073098142e686148,True,False,RECOVERED,market_id,0,0
849,17,109,VALID_FOR_REPLAY,,2,38998,38998,4681,a9d0ce1d2d83a034d705f02beb6f30f8d18e8d574825b3e6bd4b5295437da856,True,False,RECOVERED,market_id,0,0
850,14,110,VALID_FOR_REPLAY,,2,21889,21889,4554,e669384907a210e76290e93926f79c50aab321f6a366a521c926c1503f4c9551,True,False,RECOVERED,market_id,0,0
851,15,111,VALID_FOR_REPLAY,,2,21889,21889,4554,79eb88e4b8d82745405020681566b22ebcfbfc8ebcc62ef56e491825eb7f35b3,True,False,RECOVERED,market_id,0,0
852,16,112,VALID_FOR_REPLAY,,2,21889,21889,4554,2d7673fb129ad93eee468736280d40ebb05303e04a25711c9f59e53e1bd5d68e,True,False,RECOVERED,market_id,0,0
853,4,113,VALID_FOR_REPLAY,,2,16840,16840,4034,1c2a7a190d7b9e4207dec19356636d16691b72c299713f661c9f5c7c986cea08,True,False,RECOVERED,market_id,0,0
854,5,114,VALID_FOR_REPLAY,,2,16840,16840,4034,49080726d75d430aedf4a13855dbf506926e150127d003863a75cc715eae87e7,True,False,RECOVERED,market_id,0,0
855,6,115,VALID_FOR_REPLAY,,2,16840,16840,4034,af2a95d7468f66e13fccd6d51246ae9fce5cb2a921114710354a4ea3c551a6ca,True,False,RECOVERED,market_id,0,0
856,37,116,VALID_FOR_REPLAY,,2,78057,78057,4790,eb64ec8190c25eeae4ec629139858af4a48cf193a8309a5fc1978ae64a3a521c,True,False,RECOVERED,market_id,0,0
857,38,117,VALID_FOR_REPLAY,,2,78057,78057,4790,4c690707ddd3299c52024dd091c1dc6967ac3af262f9d7a6a1733681ce3f4ce3,True,False,RECOVERED,market_id,0,0
858,39,118,VALID_FOR_REPLAY,,2,78057,78057,4790,f7a5619e46e56a821002f78854d05680ac8d8d4b4aa9abf97cbc76767c3e2135,True,False,RECOVERED,market_id,0,0
859,17,119,VALID_FOR_REPLAY,,2,39808,39808,4710,0b30d6bbc25353605ecc3a01ec3f407a66c69e0395237ccf4d10a22c732209c3,True,False,RECOVERED,market_id,0,0
860,18,120,VALID_FOR_REPLAY,,2,39808,39808,4710,7617f523c41bf4c13283298a34b0e7b5716bdd2ae8ab8ba7461e240b576a160f,True,False,RECOVERED,market_id,0,0
861,19,121,VALID_FOR_REPLAY,,2,39808,39808,4710,ab64c76b9e4d1aa08e2e96c240bb81183954e50f941ef18cbca655f1c21c0d6d,True,False,RECOVERED,market_id,0,0
862,17,122,VALID_FOR_REPLAY,,2,21893,21893,4543,57a625e2e87809b16ad6c69a3864706c39e069b9eea0fcad44e4061513b842f3,True,False,RECOVERED,market_id,0,0
863,18,123,VALID_FOR_REPLAY,,2,21893,21893,4543,d980593fe711330a2c02332a940acdf1922757a3ce31c8a32d238308aa18f223,True,False,RECOVERED,market_id,0,0
864,19,124,VALID_FOR_REPLAY,,2,21893,21893,4543,48b7a77adcc741375051292c3ed4be16ae070879ffdc43ee7191ee5f4899861e,True,False,RECOVERED,market_id,0,0
865,4,125,VALID_FOR_REPLAY,,2,16624,16624,4033,7781cbacc29f48581c71e245ba0b21026e95dbb27bbde4b4a04176cfc1355e8c,True,False,RECOVERED,market_id,0,0
866,5,126,VALID_FOR_REPLAY,,2,16624,16624,4033,181844cbe8de995f3ea3728b335fb2e7f7cf1ed78a77f43e958a738e83f5dfe4,True,False,RECOVERED,market_id,0,0
867,6,127,VALID_FOR_REPLAY,,2,16624,16624,4033,7b77d6373ccf266567b781870b639a76fa070d724b898798d2dfd1c11b19313e,True,False,RECOVERED,market_id,0,0
868,36,128,VALID_FOR_REPLAY,,2,77387,77387,4813,9051d16efcd3efd065d9285e40c39a5ec5883eb0c2009eecd4c1931601d807d9,True,False,RECOVERED,market_id,0,0
869,37,129,VALID_FOR_REPLAY,,2,77387,77387,4813,028419fc46eb66112020c765b978e8296f35749c6f31144bff82fe2cf8ee7d97,True,False,RECOVERED,market_id,0,0
870,38,130,VALID_FOR_REPLAY,,2,77387,77387,4813,00313e56e574a00ae77fb1c4368d4c370d7b6216dc2f6f799f81733a56ad95e0,True,False,RECOVERED,market_id,0,0
871,16,131,VALID_FOR_REPLAY,,2,39225,39225,4735,ac9370744f9394f7ce17bd603c6342e5306f8ccaa4a7e179ee581fa9821f1416,True,False,RECOVERED,market_id,0,0
872,17,132,VALID_FOR_REPLAY,,2,39225,39225,4735,864cff8ab06f2eea68c22d711ab0972e84276b1dc4b9d09ebe22b96626aefd5c,True,False,RECOVERED,market_id,0,0
873,18,133,VALID_FOR_REPLAY,,2,39225,39225,4735,0df938b730a11fa7607faa5b1695b2ca338b1cd6d987f549ef4142349d3109b9,True,False,RECOVERED,market_id,0,0
874,16,134,VALID_FOR_REPLAY,,2,22100,22100,4583,99f4f38ee674ea350fc88c4549dac40dbd1def99206340ee89b79a9d813fe926,True,False,RECOVERED,market_id,0,0
875,17,135,VALID_FOR_REPLAY,,2,22100,22100,4583,7ef1e1b5a51cb48d5240b02edaf01c3edac2939cd428ab0fe95ec65d8182818b,True,False,RECOVERED,market_id,0,0
876,18,136,VALID_FOR_REPLAY,,2,22100,22100,4583,a64893b2fa6ea76054e9f38f2f0e323c0185eb34b9ea0d8242f1c6543afda769,True,False,RECOVERED,market_id,0,0
877,8,137,VALID_FOR_REPLAY,,2,16307,16307,4036,ce3f7910ebf0b0920f18491305e5e9dc305f70fc5783be16108d61f6f29a89a1,True,False,RECOVERED,market_id,0,0
878,9,138,VALID_FOR_REPLAY,,2,16307,16307,4036,35243b83f0f5936f2f6166990c3b71451280ce4b53d399e235771a058ff1dfe4,True,False,RECOVERED,market_id,0,0
879,10,139,VALID_FOR_REPLAY,,2,16307,16307,4036,bed69508521c36cf1d3858b99b6819ce41b518aefb5de2dcb208f02382b97f20,True,False,RECOVERED,market_id,0,0
