model_registry_id,artifact_id,evaluation_protocol_version,asset,phase,target_coverage,up_lower_threshold,up_upper_threshold,down_lower_threshold,down_upper_threshold,threshold_method,sample_count,trade_count,actual_coverage,future_data_used,status,reason
820,80,polymarket_logreg_eval_v1,BTC,ALL,0.2,,,,,quantile_from_past_only (pending score arrays),,,,false,UNAVAILABLE_WITHOUT_OOF_SCORE_ARRAYS,Local reports contain OOF metadata only; read-only score-array export is required before quantile thresholds can be computed.
820,80,polymarket_logreg_eval_v1,BTC,ALL,0.4,,,,,quantile_from_past_only (pending score arrays),,,,false,UNAVAILABLE_WITHOUT_OOF_SCORE_ARRAYS,Local reports contain OOF metadata only; read-only score-array export is required before quantile thresholds can be computed.
820,80,polymarket_logreg_eval_v1,BTC,ALL,0.6,,,,,quantile_from_past_only (pending score arrays),,,,false,UNAVAILABLE_WITHOUT_OOF_SCORE_ARRAYS,Local reports contain OOF metadata only; read-only score-array export is required before quantile thresholds can be computed.
820,80,polymarket_logreg_eval_v1,BTC,ALL,0.8,,,,,quantile_from_past_only (pending score arrays),,,,false,UNAVAILABLE_WITHOUT_OOF_SCORE_ARRAYS,Local reports contain OOF metadata only; read-only score-array export is required before quantile thresholds can be computed.
821,81,polymarket_logreg_eval_v1,BTC,ALL,0.2,,,,,quantile_from_past_only (pending score arrays),,,,false,UNAVAILABLE_WITHOUT_OOF_SCORE_ARRAYS,Local reports contain OOF metadata only; read-only score-array export is required before quantile thresholds can be computed.
821,81,polymarket_logreg_eval_v1,BTC,ALL,0.4,,,,,quantile_from_past_only (pending score arrays),,,,false,UNAVAILABLE_WITHOUT_OOF_SCORE_ARRAYS,Local reports contain OOF metadata only; read-only score-array export is required before quantile thresholds can be computed.
821,81,polymarket_logreg_eval_v1,BTC,ALL,0.6,,,,,quantile_from_past_only (pending score arrays),,,,false,UNAVAILABLE_WITHOUT_OOF_SCORE_ARRAYS,Local reports contain OOF metadata only; read-only score-array export is required before quantile thresholds can be computed.
821,81,polymarket_logreg_eval_v1,BTC,ALL,0.8,,,,,quantile_from_past_only (pending score arrays),,,,false,UNAVAILABLE_WITHOUT_OOF_SCORE_ARRAYS,Local reports contain OOF metadata only; read-only score-array export is required before quantile thresholds can be computed.
822,82,polymarket_logreg_eval_v1,BTC,ALL,0.2,,,,,quantile_from_past_only (pending score arrays),,,,false,UNAVAILABLE_WITHOUT_OOF_SCORE_ARRAYS,Local reports contain OOF metadata only; read-only score-array export is required before quantile thresholds can be computed.
822,82,polymarket_logreg_eval_v1,BTC,ALL,0.4,,,,,quantile_from_past_only (pending score arrays),,,,false,UNAVAILABLE_WITHOUT_OOF_SCORE_ARRAYS,Local reports contain OOF metadata only; read-only score-array export is required before quantile thresholds can be computed.
822,82,polymarket_logreg_eval_v1,BTC,ALL,0.6,,,,,quantile_from_past_only (pending score arrays),,,,false,UNAVAILABLE_WITHOUT_OOF_SCORE_ARRAYS,Local reports contain OOF metadata only; read-only score-array export is required before quantile thresholds can be computed.
822,82,polymarket_logreg_eval_v1,BTC,ALL,0.8,,,,,quantile_from_past_only (pending score arrays),,,,false,UNAVAILABLE_WITHOUT_OOF_SCORE_ARRAYS,Local reports contain OOF metadata only; read-only score-array export is required before quantile thresholds can be computed.
823,83,polymarket_logreg_eval_v1,BTC,decided,0.2,,,,,quantile_from_past_only (pending score arrays),,,,false,UNAVAILABLE_WITHOUT_OOF_SCORE_ARRAYS,Local reports contain OOF metadata only; read-only score-array export is required before quantile thresholds can be computed.
823,83,polymarket_logreg_eval_v1,BTC,decided,0.4,,,,,quantile_from_past_only (pending score arrays),,,,false,UNAVAILABLE_WITHOUT_OOF_SCORE_ARRAYS,Local reports contain OOF metadata only; read-only score-array export is required before quantile thresholds can be computed.
823,83,polymarket_logreg_eval_v1,BTC,decided,0.6,,,,,quantile_from_past_only (pending score arrays),,,,false,UNAVAILABLE_WITHOUT_OOF_SCORE_ARRAYS,Local reports contain OOF metadata only; read-only score-array export is required before quantile thresholds can be computed.
823,83,polymarket_logreg_eval_v1,BTC,decided,0.8,,,,,quantile_from_past_only (pending score arrays),,,,false,UNAVAILABLE_WITHOUT_OOF_SCORE_ARRAYS,Local reports contain OOF metadata only; read-only score-array export is required before quantile thresholds can be computed.
824,84,polymarket_logreg_eval_v1,BTC,decided,0.2,,,,,quantile_from_past_only (pending score arrays),,,,false,UNAVAILABLE_WITHOUT_OOF_SCORE_ARRAYS,Local reports contain OOF metadata only; read-only score-array export is required before quantile thresholds can be computed.
824,84,polymarket_logreg_eval_v1,BTC,decided,0.4,,,,,quantile_from_past_only (pending score arrays),,,,false,UNAVAILABLE_WITHOUT_OOF_SCORE_ARRAYS,Local reports contain OOF metadata only; read-only score-array export is required before quantile thresholds can be computed.
824,84,polymarket_logreg_eval_v1,BTC,decided,0.6,,,,,quantile_from_past_only (pending score arrays),,,,false,UNAVAILABLE_WITHOUT_OOF_SCORE_ARRAYS,Local reports contain OOF metadata only; read-only score-array export is required before quantile thresholds can be computed.
824,84,polymarket_logreg_eval_v1,BTC,decided,0.8,,,,,quantile_from_past_only (pending score arrays),,,,false,UNAVAILABLE_WITHOUT_OOF_SCORE_ARRAYS,Local reports contain OOF metadata only; read-only score-array export is required before quantile thresholds can be computed.
825,85,polymarket_logreg_eval_v1,BTC,decided,0.2,,,,,quantile_from_past_only (pending score arrays),,,,false,UNAVAILABLE_WITHOUT_OOF_SCORE_ARRAYS,Local reports contain OOF metadata only; read-only score-array export is required before quantile thresholds can be computed.
825,85,polymarket_logreg_eval_v1,BTC,decided,0.4,,,,,quantile_from_past_only (pending score arrays),,,,false,UNAVAILABLE_WITHOUT_OOF_SCORE_ARRAYS,Local reports contain OOF metadata only; read-only score-array export is required before quantile thresholds can be computed.
825,85,polymarket_logreg_eval_v1,BTC,decided,0.6,,,,,quantile_from_past_only (pending score arrays),,,,false,UNAVAILABLE_WITHOUT_OOF_SCORE_ARRAYS,Local reports contain OOF metadata only; read-only score-array export is required before quantile thresholds can be computed.
825,85,polymarket_logreg_eval_v1,BTC,decided,0.8,,,,,quantile_from_past_only (pending score arrays),,,,false,UNAVAILABLE_WITHOUT_OOF_SCORE_ARRAYS,Local reports contain OOF metadata only; read-only score-array export is required before quantile thresholds can be computed.
826,86,polymarket_logreg_eval_v1,BTC,leaning,0.2,,,,,quantile_from_past_only (pending score arrays),,,,false,UNAVAILABLE_WITHOUT_OOF_SCORE_ARRAYS,Local reports contain OOF metadata only; read-only score-array export is required before quantile thresholds can be computed.
826,86,polymarket_logreg_eval_v1,BTC,leaning,0.4,,,,,quantile_from_past_only (pending score arrays),,,,false,UNAVAILABLE_WITHOUT_OOF_SCORE_ARRAYS,Local reports contain OOF metadata only; read-only score-array export is required before quantile thresholds can be computed.
826,86,polymarket_logreg_eval_v1,BTC,leaning,0.6,,,,,quantile_from_past_only (pending score arrays),,,,false,UNAVAILABLE_WITHOUT_OOF_SCORE_ARRAYS,Local reports contain OOF metadata only; read-only score-array export is required before quantile thresholds can be computed.
826,86,polymarket_logreg_eval_v1,BTC,leaning,0.8,,,,,quantile_from_past_only (pending score arrays),,,,false,UNAVAILABLE_WITHOUT_OOF_SCORE_ARRAYS,Local reports contain OOF metadata only; read-only score-array export is required before quantile thresholds can be computed.
827,87,polymarket_logreg_eval_v1,BTC,leaning,0.2,,,,,quantile_from_past_only (pending score arrays),,,,false,UNAVAILABLE_WITHOUT_OOF_SCORE_ARRAYS,Local reports contain OOF metadata only; read-only score-array export is required before quantile thresholds can be computed.
827,87,polymarket_logreg_eval_v1,BTC,leaning,0.4,,,,,quantile_from_past_only (pending score arrays),,,,false,UNAVAILABLE_WITHOUT_OOF_SCORE_ARRAYS,Local reports contain OOF metadata only; read-only score-array export is required before quantile thresholds can be computed.
827,87,polymarket_logreg_eval_v1,BTC,leaning,0.6,,,,,quantile_from_past_only (pending score arrays),,,,false,UNAVAILABLE_WITHOUT_OOF_SCORE_ARRAYS,Local reports contain OOF metadata only; read-only score-array export is required before quantile thresholds can be computed.
827,87,polymarket_logreg_eval_v1,BTC,leaning,0.8,,,,,quantile_from_past_only (pending score arrays),,,,false,UNAVAILABLE_WITHOUT_OOF_SCORE_ARRAYS,Local reports contain OOF metadata only; read-only score-array export is required before quantile thresholds can be computed.
828,88,polymarket_logreg_eval_v1,BTC,leaning,0.2,,,,,quantile_from_past_only (pending score arrays),,,,false,UNAVAILABLE_WITHOUT_OOF_SCORE_ARRAYS,Local reports contain OOF metadata only; read-only score-array export is required before quantile thresholds can be computed.
828,88,polymarket_logreg_eval_v1,BTC,leaning,0.4,,,,,quantile_from_past_only (pending score arrays),,,,false,UNAVAILABLE_WITHOUT_OOF_SCORE_ARRAYS,Local reports contain OOF metadata only; read-only score-array export is required before quantile thresholds can be computed.
828,88,polymarket_logreg_eval_v1,BTC,leaning,0.6,,,,,quantile_from_past_only (pending score arrays),,,,false,UNAVAILABLE_WITHOUT_OOF_SCORE_ARRAYS,Local reports contain OOF metadata only; read-only score-array export is required before quantile thresholds can be computed.
828,88,polymarket_logreg_eval_v1,BTC,leaning,0.8,,,,,quantile_from_past_only (pending score arrays),,,,false,UNAVAILABLE_WITHOUT_OOF_SCORE_ARRAYS,Local reports contain OOF metadata only; read-only score-array export is required before quantile thresholds can be computed.
829,89,polymarket_logreg_eval_v1,BTC,contested,0.2,,,,,quantile_from_past_only (pending score arrays),,,,false,UNAVAILABLE_WITHOUT_OOF_SCORE_ARRAYS,Local reports contain OOF metadata only; read-only score-array export is required before quantile thresholds can be computed.
829,89,polymarket_logreg_eval_v1,BTC,contested,0.4,,,,,quantile_from_past_only (pending score arrays),,,,false,UNAVAILABLE_WITHOUT_OOF_SCORE_ARRAYS,Local reports contain OOF metadata only; read-only score-array export is required before quantile thresholds can be computed.
829,89,polymarket_logreg_eval_v1,BTC,contested,0.6,,,,,quantile_from_past_only (pending score arrays),,,,false,UNAVAILABLE_WITHOUT_OOF_SCORE_ARRAYS,Local reports contain OOF metadata only; read-only score-array export is required before quantile thresholds can be computed.
829,89,polymarket_logreg_eval_v1,BTC,contested,0.8,,,,,quantile_from_past_only (pending score arrays),,,,false,UNAVAILABLE_WITHOUT_OOF_SCORE_ARRAYS,Local reports contain OOF metadata only; read-only score-array export is required before quantile thresholds can be computed.
830,90,polymarket_logreg_eval_v1,BTC,contested,0.2,,,,,quantile_from_past_only (pending score arrays),,,,false,UNAVAILABLE_WITHOUT_OOF_SCORE_ARRAYS,Local reports contain OOF metadata only; read-only score-array export is required before quantile thresholds can be computed.
830,90,polymarket_logreg_eval_v1,BTC,contested,0.4,,,,,quantile_from_past_only (pending score arrays),,,,false,UNAVAILABLE_WITHOUT_OOF_SCORE_ARRAYS,Local reports contain OOF metadata only; read-only score-array export is required before quantile thresholds can be computed.
830,90,polymarket_logreg_eval_v1,BTC,contested,0.6,,,,,quantile_from_past_only (pending score arrays),,,,false,UNAVAILABLE_WITHOUT_OOF_SCORE_ARRAYS,Local reports contain OOF metadata only; read-only score-array export is required before quantile thresholds can be computed.
830,90,polymarket_logreg_eval_v1,BTC,contested,0.8,,,,,quantile_from_past_only (pending score arrays),,,,false,UNAVAILABLE_WITHOUT_OOF_SCORE_ARRAYS,Local reports contain OOF metadata only; read-only score-array export is required before quantile thresholds can be computed.
831,91,polymarket_logreg_eval_v1,BTC,contested,0.2,,,,,quantile_from_past_only (pending score arrays),,,,false,UNAVAILABLE_WITHOUT_OOF_SCORE_ARRAYS,Local reports contain OOF metadata only; read-only score-array export is required before quantile thresholds can be computed.
831,91,polymarket_logreg_eval_v1,BTC,contested,0.4,,,,,quantile_from_past_only (pending score arrays),,,,false,UNAVAILABLE_WITHOUT_OOF_SCORE_ARRAYS,Local reports contain OOF metadata only; read-only score-array export is required before quantile thresholds can be computed.
831,91,polymarket_logreg_eval_v1,BTC,contested,0.6,,,,,quantile_from_past_only (pending score arrays),,,,false,UNAVAILABLE_WITHOUT_OOF_SCORE_ARRAYS,Local reports contain OOF metadata only; read-only score-array export is required before quantile thresholds can be computed.
831,91,polymarket_logreg_eval_v1,BTC,contested,0.8,,,,,quantile_from_past_only (pending score arrays),,,,false,UNAVAILABLE_WITHOUT_OOF_SCORE_ARRAYS,Local reports contain OOF metadata only; read-only score-array export is required before quantile thresholds can be computed.
832,92,polymarket_logreg_eval_v1,ETH,ALL,0.2,,,,,quantile_from_past_only (pending score arrays),,,,false,UNAVAILABLE_WITHOUT_OOF_SCORE_ARRAYS,Local reports contain OOF metadata only; read-only score-array export is required before quantile thresholds can be computed.
832,92,polymarket_logreg_eval_v1,ETH,ALL,0.4,,,,,quantile_from_past_only (pending score arrays),,,,false,UNAVAILABLE_WITHOUT_OOF_SCORE_ARRAYS,Local reports contain OOF metadata only; read-only score-array export is required before quantile thresholds can be computed.
832,92,polymarket_logreg_eval_v1,ETH,ALL,0.6,,,,,quantile_from_past_only (pending score arrays),,,,false,UNAVAILABLE_WITHOUT_OOF_SCORE_ARRAYS,Local reports contain OOF metadata only; read-only score-array export is required before quantile thresholds can be computed.
832,92,polymarket_logreg_eval_v1,ETH,ALL,0.8,,,,,quantile_from_past_only (pending score arrays),,,,false,UNAVAILABLE_WITHOUT_OOF_SCORE_ARRAYS,Local reports contain OOF metadata only; read-only score-array export is required before quantile thresholds can be computed.
833,93,polymarket_logreg_eval_v1,ETH,ALL,0.2,,,,,quantile_from_past_only (pending score arrays),,,,false,UNAVAILABLE_WITHOUT_OOF_SCORE_ARRAYS,Local reports contain OOF metadata only; read-only score-array export is required before quantile thresholds can be computed.
833,93,polymarket_logreg_eval_v1,ETH,ALL,0.4,,,,,quantile_from_past_only (pending score arrays),,,,false,UNAVAILABLE_WITHOUT_OOF_SCORE_ARRAYS,Local reports contain OOF metadata only; read-only score-array export is required before quantile thresholds can be computed.
833,93,polymarket_logreg_eval_v1,ETH,ALL,0.6,,,,,quantile_from_past_only (pending score arrays),,,,false,UNAVAILABLE_WITHOUT_OOF_SCORE_ARRAYS,Local reports contain OOF metadata only; read-only score-array export is required before quantile thresholds can be computed.
833,93,polymarket_logreg_eval_v1,ETH,ALL,0.8,,,,,quantile_from_past_only (pending score arrays),,,,false,UNAVAILABLE_WITHOUT_OOF_SCORE_ARRAYS,Local reports contain OOF metadata only; read-only score-array export is required before quantile thresholds can be computed.
834,94,polymarket_logreg_eval_v1,ETH,ALL,0.2,,,,,quantile_from_past_only (pending score arrays),,,,false,UNAVAILABLE_WITHOUT_OOF_SCORE_ARRAYS,Local reports contain OOF metadata only; read-only score-array export is required before quantile thresholds can be computed.
834,94,polymarket_logreg_eval_v1,ETH,ALL,0.4,,,,,quantile_from_past_only (pending score arrays),,,,false,UNAVAILABLE_WITHOUT_OOF_SCORE_ARRAYS,Local reports contain OOF metadata only; read-only score-array export is required before quantile thresholds can be computed.
834,94,polymarket_logreg_eval_v1,ETH,ALL,0.6,,,,,quantile_from_past_only (pending score arrays),,,,false,UNAVAILABLE_WITHOUT_OOF_SCORE_ARRAYS,Local reports contain OOF metadata only; read-only score-array export is required before quantile thresholds can be computed.
834,94,polymarket_logreg_eval_v1,ETH,ALL,0.8,,,,,quantile_from_past_only (pending score arrays),,,,false,UNAVAILABLE_WITHOUT_OOF_SCORE_ARRAYS,Local reports contain OOF metadata only; read-only score-array export is required before quantile thresholds can be computed.
835,95,polymarket_logreg_eval_v1,ETH,decided,0.2,,,,,quantile_from_past_only (pending score arrays),,,,false,UNAVAILABLE_WITHOUT_OOF_SCORE_ARRAYS,Local reports contain OOF metadata only; read-only score-array export is required before quantile thresholds can be computed.
835,95,polymarket_logreg_eval_v1,ETH,decided,0.4,,,,,quantile_from_past_only (pending score arrays),,,,false,UNAVAILABLE_WITHOUT_OOF_SCORE_ARRAYS,Local reports contain OOF metadata only; read-only score-array export is required before quantile thresholds can be computed.
835,95,polymarket_logreg_eval_v1,ETH,decided,0.6,,,,,quantile_from_past_only (pending score arrays),,,,false,UNAVAILABLE_WITHOUT_OOF_SCORE_ARRAYS,Local reports contain OOF metadata only; read-only score-array export is required before quantile thresholds can be computed.
835,95,polymarket_logreg_eval_v1,ETH,decided,0.8,,,,,quantile_from_past_only (pending score arrays),,,,false,UNAVAILABLE_WITHOUT_OOF_SCORE_ARRAYS,Local reports contain OOF metadata only; read-only score-array export is required before quantile thresholds can be computed.
836,96,polymarket_logreg_eval_v1,ETH,decided,0.2,,,,,quantile_from_past_only (pending score arrays),,,,false,UNAVAILABLE_WITHOUT_OOF_SCORE_ARRAYS,Local reports contain OOF metadata only; read-only score-array export is required before quantile thresholds can be computed.
836,96,polymarket_logreg_eval_v1,ETH,decided,0.4,,,,,quantile_from_past_only (pending score arrays),,,,false,UNAVAILABLE_WITHOUT_OOF_SCORE_ARRAYS,Local reports contain OOF metadata only; read-only score-array export is required before quantile thresholds can be computed.
836,96,polymarket_logreg_eval_v1,ETH,decided,0.6,,,,,quantile_from_past_only (pending score arrays),,,,false,UNAVAILABLE_WITHOUT_OOF_SCORE_ARRAYS,Local reports contain OOF metadata only; read-only score-array export is required before quantile thresholds can be computed.
836,96,polymarket_logreg_eval_v1,ETH,decided,0.8,,,,,quantile_from_past_only (pending score arrays),,,,false,UNAVAILABLE_WITHOUT_OOF_SCORE_ARRAYS,Local reports contain OOF metadata only; read-only score-array export is required before quantile thresholds can be computed.
837,97,polymarket_logreg_eval_v1,ETH,decided,0.2,,,,,quantile_from_past_only (pending score arrays),,,,false,UNAVAILABLE_WITHOUT_OOF_SCORE_ARRAYS,Local reports contain OOF metadata only; read-only score-array export is required before quantile thresholds can be computed.
837,97,polymarket_logreg_eval_v1,ETH,decided,0.4,,,,,quantile_from_past_only (pending score arrays),,,,false,UNAVAILABLE_WITHOUT_OOF_SCORE_ARRAYS,Local reports contain OOF metadata only; read-only score-array export is required before quantile thresholds can be computed.
837,97,polymarket_logreg_eval_v1,ETH,decided,0.6,,,,,quantile_from_past_only (pending score arrays),,,,false,UNAVAILABLE_WITHOUT_OOF_SCORE_ARRAYS,Local reports contain OOF metadata only; read-only score-array export is required before quantile thresholds can be computed.
837,97,polymarket_logreg_eval_v1,ETH,decided,0.8,,,,,quantile_from_past_only (pending score arrays),,,,false,UNAVAILABLE_WITHOUT_OOF_SCORE_ARRAYS,Local reports contain OOF metadata only; read-only score-array export is required before quantile thresholds can be computed.
838,98,polymarket_logreg_eval_v1,ETH,leaning,0.2,,,,,quantile_from_past_only (pending score arrays),,,,false,UNAVAILABLE_WITHOUT_OOF_SCORE_ARRAYS,Local reports contain OOF metadata only; read-only score-array export is required before quantile thresholds can be computed.
838,98,polymarket_logreg_eval_v1,ETH,leaning,0.4,,,,,quantile_from_past_only (pending score arrays),,,,false,UNAVAILABLE_WITHOUT_OOF_SCORE_ARRAYS,Local reports contain OOF metadata only; read-only score-array export is required before quantile thresholds can be computed.
838,98,polymarket_logreg_eval_v1,ETH,leaning,0.6,,,,,quantile_from_past_only (pending score arrays),,,,false,UNAVAILABLE_WITHOUT_OOF_SCORE_ARRAYS,Local reports contain OOF metadata only; read-only score-array export is required before quantile thresholds can be computed.
838,98,polymarket_logreg_eval_v1,ETH,leaning,0.8,,,,,quantile_from_past_only (pending score arrays),,,,false,UNAVAILABLE_WITHOUT_OOF_SCORE_ARRAYS,Local reports contain OOF metadata only; read-only score-array export is required before quantile thresholds can be computed.
839,99,polymarket_logreg_eval_v1,ETH,leaning,0.2,,,,,quantile_from_past_only (pending score arrays),,,,false,UNAVAILABLE_WITHOUT_OOF_SCORE_ARRAYS,Local reports contain OOF metadata only; read-only score-array export is required before quantile thresholds can be computed.
839,99,polymarket_logreg_eval_v1,ETH,leaning,0.4,,,,,quantile_from_past_only (pending score arrays),,,,false,UNAVAILABLE_WITHOUT_OOF_SCORE_ARRAYS,Local reports contain OOF metadata only; read-only score-array export is required before quantile thresholds can be computed.
839,99,polymarket_logreg_eval_v1,ETH,leaning,0.6,,,,,quantile_from_past_only (pending score arrays),,,,false,UNAVAILABLE_WITHOUT_OOF_SCORE_ARRAYS,Local reports contain OOF metadata only; read-only score-array export is required before quantile thresholds can be computed.
839,99,polymarket_logreg_eval_v1,ETH,leaning,0.8,,,,,quantile_from_past_only (pending score arrays),,,,false,UNAVAILABLE_WITHOUT_OOF_SCORE_ARRAYS,Local reports contain OOF metadata only; read-only score-array export is required before quantile thresholds can be computed.
840,100,polymarket_logreg_eval_v1,ETH,leaning,0.2,,,,,quantile_from_past_only (pending score arrays),,,,false,UNAVAILABLE_WITHOUT_OOF_SCORE_ARRAYS,Local reports contain OOF metadata only; read-only score-array export is required before quantile thresholds can be computed.
840,100,polymarket_logreg_eval_v1,ETH,leaning,0.4,,,,,quantile_from_past_only (pending score arrays),,,,false,UNAVAILABLE_WITHOUT_OOF_SCORE_ARRAYS,Local reports contain OOF metadata only; read-only score-array export is required before quantile thresholds can be computed.
840,100,polymarket_logreg_eval_v1,ETH,leaning,0.6,,,,,quantile_from_past_only (pending score arrays),,,,false,UNAVAILABLE_WITHOUT_OOF_SCORE_ARRAYS,Local reports contain OOF metadata only; read-only score-array export is required before quantile thresholds can be computed.
840,100,polymarket_logreg_eval_v1,ETH,leaning,0.8,,,,,quantile_from_past_only (pending score arrays),,,,false,UNAVAILABLE_WITHOUT_OOF_SCORE_ARRAYS,Local reports contain OOF metadata only; read-only score-array export is required before quantile thresholds can be computed.
841,101,polymarket_logreg_eval_v1,ETH,contested,0.2,,,,,quantile_from_past_only (pending score arrays),,,,false,UNAVAILABLE_WITHOUT_OOF_SCORE_ARRAYS,Local reports contain OOF metadata only; read-only score-array export is required before quantile thresholds can be computed.
841,101,polymarket_logreg_eval_v1,ETH,contested,0.4,,,,,quantile_from_past_only (pending score arrays),,,,false,UNAVAILABLE_WITHOUT_OOF_SCORE_ARRAYS,Local reports contain OOF metadata only; read-only score-array export is required before quantile thresholds can be computed.
841,101,polymarket_logreg_eval_v1,ETH,contested,0.6,,,,,quantile_from_past_only (pending score arrays),,,,false,UNAVAILABLE_WITHOUT_OOF_SCORE_ARRAYS,Local reports contain OOF metadata only; read-only score-array export is required before quantile thresholds can be computed.
841,101,polymarket_logreg_eval_v1,ETH,contested,0.8,,,,,quantile_from_past_only (pending score arrays),,,,false,UNAVAILABLE_WITHOUT_OOF_SCORE_ARRAYS,Local reports contain OOF metadata only; read-only score-array export is required before quantile thresholds can be computed.
842,102,polymarket_logreg_eval_v1,ETH,contested,0.2,,,,,quantile_from_past_only (pending score arrays),,,,false,UNAVAILABLE_WITHOUT_OOF_SCORE_ARRAYS,Local reports contain OOF metadata only; read-only score-array export is required before quantile thresholds can be computed.
842,102,polymarket_logreg_eval_v1,ETH,contested,0.4,,,,,quantile_from_past_only (pending score arrays),,,,false,UNAVAILABLE_WITHOUT_OOF_SCORE_ARRAYS,Local reports contain OOF metadata only; read-only score-array export is required before quantile thresholds can be computed.
842,102,polymarket_logreg_eval_v1,ETH,contested,0.6,,,,,quantile_from_past_only (pending score arrays),,,,false,UNAVAILABLE_WITHOUT_OOF_SCORE_ARRAYS,Local reports contain OOF metadata only; read-only score-array export is required before quantile thresholds can be computed.
842,102,polymarket_logreg_eval_v1,ETH,contested,0.8,,,,,quantile_from_past_only (pending score arrays),,,,false,UNAVAILABLE_WITHOUT_OOF_SCORE_ARRAYS,Local reports contain OOF metadata only; read-only score-array export is required before quantile thresholds can be computed.
843,103,polymarket_logreg_eval_v1,ETH,contested,0.2,,,,,quantile_from_past_only (pending score arrays),,,,false,UNAVAILABLE_WITHOUT_OOF_SCORE_ARRAYS,Local reports contain OOF metadata only; read-only score-array export is required before quantile thresholds can be computed.
843,103,polymarket_logreg_eval_v1,ETH,contested,0.4,,,,,quantile_from_past_only (pending score arrays),,,,false,UNAVAILABLE_WITHOUT_OOF_SCORE_ARRAYS,Local reports contain OOF metadata only; read-only score-array export is required before quantile thresholds can be computed.
843,103,polymarket_logreg_eval_v1,ETH,contested,0.6,,,,,quantile_from_past_only (pending score arrays),,,,false,UNAVAILABLE_WITHOUT_OOF_SCORE_ARRAYS,Local reports contain OOF metadata only; read-only score-array export is required before quantile thresholds can be computed.
843,103,polymarket_logreg_eval_v1,ETH,contested,0.8,,,,,quantile_from_past_only (pending score arrays),,,,false,UNAVAILABLE_WITHOUT_OOF_SCORE_ARRAYS,Local reports contain OOF metadata only; read-only score-array export is required before quantile thresholds can be computed.
844,104,polymarket_logreg_eval_v1,SOL,ALL,0.2,,,,,quantile_from_past_only (pending score arrays),,,,false,UNAVAILABLE_WITHOUT_OOF_SCORE_ARRAYS,Local reports contain OOF metadata only; read-only score-array export is required before quantile thresholds can be computed.
844,104,polymarket_logreg_eval_v1,SOL,ALL,0.4,,,,,quantile_from_past_only (pending score arrays),,,,false,UNAVAILABLE_WITHOUT_OOF_SCORE_ARRAYS,Local reports contain OOF metadata only; read-only score-array export is required before quantile thresholds can be computed.
844,104,polymarket_logreg_eval_v1,SOL,ALL,0.6,,,,,quantile_from_past_only (pending score arrays),,,,false,UNAVAILABLE_WITHOUT_OOF_SCORE_ARRAYS,Local reports contain OOF metadata only; read-only score-array export is required before quantile thresholds can be computed.
844,104,polymarket_logreg_eval_v1,SOL,ALL,0.8,,,,,quantile_from_past_only (pending score arrays),,,,false,UNAVAILABLE_WITHOUT_OOF_SCORE_ARRAYS,Local reports contain OOF metadata only; read-only score-array export is required before quantile thresholds can be computed.
845,105,polymarket_logreg_eval_v1,SOL,ALL,0.2,,,,,quantile_from_past_only (pending score arrays),,,,false,UNAVAILABLE_WITHOUT_OOF_SCORE_ARRAYS,Local reports contain OOF metadata only; read-only score-array export is required before quantile thresholds can be computed.
845,105,polymarket_logreg_eval_v1,SOL,ALL,0.4,,,,,quantile_from_past_only (pending score arrays),,,,false,UNAVAILABLE_WITHOUT_OOF_SCORE_ARRAYS,Local reports contain OOF metadata only; read-only score-array export is required before quantile thresholds can be computed.
845,105,polymarket_logreg_eval_v1,SOL,ALL,0.6,,,,,quantile_from_past_only (pending score arrays),,,,false,UNAVAILABLE_WITHOUT_OOF_SCORE_ARRAYS,Local reports contain OOF metadata only; read-only score-array export is required before quantile thresholds can be computed.
845,105,polymarket_logreg_eval_v1,SOL,ALL,0.8,,,,,quantile_from_past_only (pending score arrays),,,,false,UNAVAILABLE_WITHOUT_OOF_SCORE_ARRAYS,Local reports contain OOF metadata only; read-only score-array export is required before quantile thresholds can be computed.
846,106,polymarket_logreg_eval_v1,SOL,ALL,0.2,,,,,quantile_from_past_only (pending score arrays),,,,false,UNAVAILABLE_WITHOUT_OOF_SCORE_ARRAYS,Local reports contain OOF metadata only; read-only score-array export is required before quantile thresholds can be computed.
846,106,polymarket_logreg_eval_v1,SOL,ALL,0.4,,,,,quantile_from_past_only (pending score arrays),,,,false,UNAVAILABLE_WITHOUT_OOF_SCORE_ARRAYS,Local reports contain OOF metadata only; read-only score-array export is required before quantile thresholds can be computed.
846,106,polymarket_logreg_eval_v1,SOL,ALL,0.6,,,,,quantile_from_past_only (pending score arrays),,,,false,UNAVAILABLE_WITHOUT_OOF_SCORE_ARRAYS,Local reports contain OOF metadata only; read-only score-array export is required before quantile thresholds can be computed.
846,106,polymarket_logreg_eval_v1,SOL,ALL,0.8,,,,,quantile_from_past_only (pending score arrays),,,,false,UNAVAILABLE_WITHOUT_OOF_SCORE_ARRAYS,Local reports contain OOF metadata only; read-only score-array export is required before quantile thresholds can be computed.
847,107,polymarket_logreg_eval_v1,SOL,decided,0.2,,,,,quantile_from_past_only (pending score arrays),,,,false,UNAVAILABLE_WITHOUT_OOF_SCORE_ARRAYS,Local reports contain OOF metadata only; read-only score-array export is required before quantile thresholds can be computed.
847,107,polymarket_logreg_eval_v1,SOL,decided,0.4,,,,,quantile_from_past_only (pending score arrays),,,,false,UNAVAILABLE_WITHOUT_OOF_SCORE_ARRAYS,Local reports contain OOF metadata only; read-only score-array export is required before quantile thresholds can be computed.
847,107,polymarket_logreg_eval_v1,SOL,decided,0.6,,,,,quantile_from_past_only (pending score arrays),,,,false,UNAVAILABLE_WITHOUT_OOF_SCORE_ARRAYS,Local reports contain OOF metadata only; read-only score-array export is required before quantile thresholds can be computed.
847,107,polymarket_logreg_eval_v1,SOL,decided,0.8,,,,,quantile_from_past_only (pending score arrays),,,,false,UNAVAILABLE_WITHOUT_OOF_SCORE_ARRAYS,Local reports contain OOF metadata only; read-only score-array export is required before quantile thresholds can be computed.
848,108,polymarket_logreg_eval_v1,SOL,decided,0.2,,,,,quantile_from_past_only (pending score arrays),,,,false,UNAVAILABLE_WITHOUT_OOF_SCORE_ARRAYS,Local reports contain OOF metadata only; read-only score-array export is required before quantile thresholds can be computed.
848,108,polymarket_logreg_eval_v1,SOL,decided,0.4,,,,,quantile_from_past_only (pending score arrays),,,,false,UNAVAILABLE_WITHOUT_OOF_SCORE_ARRAYS,Local reports contain OOF metadata only; read-only score-array export is required before quantile thresholds can be computed.
848,108,polymarket_logreg_eval_v1,SOL,decided,0.6,,,,,quantile_from_past_only (pending score arrays),,,,false,UNAVAILABLE_WITHOUT_OOF_SCORE_ARRAYS,Local reports contain OOF metadata only; read-only score-array export is required before quantile thresholds can be computed.
848,108,polymarket_logreg_eval_v1,SOL,decided,0.8,,,,,quantile_from_past_only (pending score arrays),,,,false,UNAVAILABLE_WITHOUT_OOF_SCORE_ARRAYS,Local reports contain OOF metadata only; read-only score-array export is required before quantile thresholds can be computed.
849,109,polymarket_logreg_eval_v1,SOL,decided,0.2,,,,,quantile_from_past_only (pending score arrays),,,,false,UNAVAILABLE_WITHOUT_OOF_SCORE_ARRAYS,Local reports contain OOF metadata only; read-only score-array export is required before quantile thresholds can be computed.
849,109,polymarket_logreg_eval_v1,SOL,decided,0.4,,,,,quantile_from_past_only (pending score arrays),,,,false,UNAVAILABLE_WITHOUT_OOF_SCORE_ARRAYS,Local reports contain OOF metadata only; read-only score-array export is required before quantile thresholds can be computed.
849,109,polymarket_logreg_eval_v1,SOL,decided,0.6,,,,,quantile_from_past_only (pending score arrays),,,,false,UNAVAILABLE_WITHOUT_OOF_SCORE_ARRAYS,Local reports contain OOF metadata only; read-only score-array export is required before quantile thresholds can be computed.
849,109,polymarket_logreg_eval_v1,SOL,decided,0.8,,,,,quantile_from_past_only (pending score arrays),,,,false,UNAVAILABLE_WITHOUT_OOF_SCORE_ARRAYS,Local reports contain OOF metadata only; read-only score-array export is required before quantile thresholds can be computed.
850,110,polymarket_logreg_eval_v1,SOL,leaning,0.2,,,,,quantile_from_past_only (pending score arrays),,,,false,UNAVAILABLE_WITHOUT_OOF_SCORE_ARRAYS,Local reports contain OOF metadata only; read-only score-array export is required before quantile thresholds can be computed.
850,110,polymarket_logreg_eval_v1,SOL,leaning,0.4,,,,,quantile_from_past_only (pending score arrays),,,,false,UNAVAILABLE_WITHOUT_OOF_SCORE_ARRAYS,Local reports contain OOF metadata only; read-only score-array export is required before quantile thresholds can be computed.
850,110,polymarket_logreg_eval_v1,SOL,leaning,0.6,,,,,quantile_from_past_only (pending score arrays),,,,false,UNAVAILABLE_WITHOUT_OOF_SCORE_ARRAYS,Local reports contain OOF metadata only; read-only score-array export is required before quantile thresholds can be computed.
850,110,polymarket_logreg_eval_v1,SOL,leaning,0.8,,,,,quantile_from_past_only (pending score arrays),,,,false,UNAVAILABLE_WITHOUT_OOF_SCORE_ARRAYS,Local reports contain OOF metadata only; read-only score-array export is required before quantile thresholds can be computed.
851,111,polymarket_logreg_eval_v1,SOL,leaning,0.2,,,,,quantile_from_past_only (pending score arrays),,,,false,UNAVAILABLE_WITHOUT_OOF_SCORE_ARRAYS,Local reports contain OOF metadata only; read-only score-array export is required before quantile thresholds can be computed.
851,111,polymarket_logreg_eval_v1,SOL,leaning,0.4,,,,,quantile_from_past_only (pending score arrays),,,,false,UNAVAILABLE_WITHOUT_OOF_SCORE_ARRAYS,Local reports contain OOF metadata only; read-only score-array export is required before quantile thresholds can be computed.
851,111,polymarket_logreg_eval_v1,SOL,leaning,0.6,,,,,quantile_from_past_only (pending score arrays),,,,false,UNAVAILABLE_WITHOUT_OOF_SCORE_ARRAYS,Local reports contain OOF metadata only; read-only score-array export is required before quantile thresholds can be computed.
851,111,polymarket_logreg_eval_v1,SOL,leaning,0.8,,,,,quantile_from_past_only (pending score arrays),,,,false,UNAVAILABLE_WITHOUT_OOF_SCORE_ARRAYS,Local reports contain OOF metadata only; read-only score-array export is required before quantile thresholds can be computed.
852,112,polymarket_logreg_eval_v1,SOL,leaning,0.2,,,,,quantile_from_past_only (pending score arrays),,,,false,UNAVAILABLE_WITHOUT_OOF_SCORE_ARRAYS,Local reports contain OOF metadata only; read-only score-array export is required before quantile thresholds can be computed.
852,112,polymarket_logreg_eval_v1,SOL,leaning,0.4,,,,,quantile_from_past_only (pending score arrays),,,,false,UNAVAILABLE_WITHOUT_OOF_SCORE_ARRAYS,Local reports contain OOF metadata only; read-only score-array export is required before quantile thresholds can be computed.
852,112,polymarket_logreg_eval_v1,SOL,leaning,0.6,,,,,quantile_from_past_only (pending score arrays),,,,false,UNAVAILABLE_WITHOUT_OOF_SCORE_ARRAYS,Local reports contain OOF metadata only; read-only score-array export is required before quantile thresholds can be computed.
852,112,polymarket_logreg_eval_v1,SOL,leaning,0.8,,,,,quantile_from_past_only (pending score arrays),,,,false,UNAVAILABLE_WITHOUT_OOF_SCORE_ARRAYS,Local reports contain OOF metadata only; read-only score-array export is required before quantile thresholds can be computed.
853,113,polymarket_logreg_eval_v1,SOL,contested,0.2,,,,,quantile_from_past_only (pending score arrays),,,,false,UNAVAILABLE_WITHOUT_OOF_SCORE_ARRAYS,Local reports contain OOF metadata only; read-only score-array export is required before quantile thresholds can be computed.
853,113,polymarket_logreg_eval_v1,SOL,contested,0.4,,,,,quantile_from_past_only (pending score arrays),,,,false,UNAVAILABLE_WITHOUT_OOF_SCORE_ARRAYS,Local reports contain OOF metadata only; read-only score-array export is required before quantile thresholds can be computed.
853,113,polymarket_logreg_eval_v1,SOL,contested,0.6,,,,,quantile_from_past_only (pending score arrays),,,,false,UNAVAILABLE_WITHOUT_OOF_SCORE_ARRAYS,Local reports contain OOF metadata only; read-only score-array export is required before quantile thresholds can be computed.
853,113,polymarket_logreg_eval_v1,SOL,contested,0.8,,,,,quantile_from_past_only (pending score arrays),,,,false,UNAVAILABLE_WITHOUT_OOF_SCORE_ARRAYS,Local reports contain OOF metadata only; read-only score-array export is required before quantile thresholds can be computed.
854,114,polymarket_logreg_eval_v1,SOL,contested,0.2,,,,,quantile_from_past_only (pending score arrays),,,,false,UNAVAILABLE_WITHOUT_OOF_SCORE_ARRAYS,Local reports contain OOF metadata only; read-only score-array export is required before quantile thresholds can be computed.
854,114,polymarket_logreg_eval_v1,SOL,contested,0.4,,,,,quantile_from_past_only (pending score arrays),,,,false,UNAVAILABLE_WITHOUT_OOF_SCORE_ARRAYS,Local reports contain OOF metadata only; read-only score-array export is required before quantile thresholds can be computed.
854,114,polymarket_logreg_eval_v1,SOL,contested,0.6,,,,,quantile_from_past_only (pending score arrays),,,,false,UNAVAILABLE_WITHOUT_OOF_SCORE_ARRAYS,Local reports contain OOF metadata only; read-only score-array export is required before quantile thresholds can be computed.
854,114,polymarket_logreg_eval_v1,SOL,contested,0.8,,,,,quantile_from_past_only (pending score arrays),,,,false,UNAVAILABLE_WITHOUT_OOF_SCORE_ARRAYS,Local reports contain OOF metadata only; read-only score-array export is required before quantile thresholds can be computed.
855,115,polymarket_logreg_eval_v1,SOL,contested,0.2,,,,,quantile_from_past_only (pending score arrays),,,,false,UNAVAILABLE_WITHOUT_OOF_SCORE_ARRAYS,Local reports contain OOF metadata only; read-only score-array export is required before quantile thresholds can be computed.
855,115,polymarket_logreg_eval_v1,SOL,contested,0.4,,,,,quantile_from_past_only (pending score arrays),,,,false,UNAVAILABLE_WITHOUT_OOF_SCORE_ARRAYS,Local reports contain OOF metadata only; read-only score-array export is required before quantile thresholds can be computed.
855,115,polymarket_logreg_eval_v1,SOL,contested,0.6,,,,,quantile_from_past_only (pending score arrays),,,,false,UNAVAILABLE_WITHOUT_OOF_SCORE_ARRAYS,Local reports contain OOF metadata only; read-only score-array export is required before quantile thresholds can be computed.
855,115,polymarket_logreg_eval_v1,SOL,contested,0.8,,,,,quantile_from_past_only (pending score arrays),,,,false,UNAVAILABLE_WITHOUT_OOF_SCORE_ARRAYS,Local reports contain OOF metadata only; read-only score-array export is required before quantile thresholds can be computed.
856,116,polymarket_logreg_eval_v1,XRP,ALL,0.2,,,,,quantile_from_past_only (pending score arrays),,,,false,UNAVAILABLE_WITHOUT_OOF_SCORE_ARRAYS,Local reports contain OOF metadata only; read-only score-array export is required before quantile thresholds can be computed.
856,116,polymarket_logreg_eval_v1,XRP,ALL,0.4,,,,,quantile_from_past_only (pending score arrays),,,,false,UNAVAILABLE_WITHOUT_OOF_SCORE_ARRAYS,Local reports contain OOF metadata only; read-only score-array export is required before quantile thresholds can be computed.
856,116,polymarket_logreg_eval_v1,XRP,ALL,0.6,,,,,quantile_from_past_only (pending score arrays),,,,false,UNAVAILABLE_WITHOUT_OOF_SCORE_ARRAYS,Local reports contain OOF metadata only; read-only score-array export is required before quantile thresholds can be computed.
856,116,polymarket_logreg_eval_v1,XRP,ALL,0.8,,,,,quantile_from_past_only (pending score arrays),,,,false,UNAVAILABLE_WITHOUT_OOF_SCORE_ARRAYS,Local reports contain OOF metadata only; read-only score-array export is required before quantile thresholds can be computed.
857,117,polymarket_logreg_eval_v1,XRP,ALL,0.2,,,,,quantile_from_past_only (pending score arrays),,,,false,UNAVAILABLE_WITHOUT_OOF_SCORE_ARRAYS,Local reports contain OOF metadata only; read-only score-array export is required before quantile thresholds can be computed.
857,117,polymarket_logreg_eval_v1,XRP,ALL,0.4,,,,,quantile_from_past_only (pending score arrays),,,,false,UNAVAILABLE_WITHOUT_OOF_SCORE_ARRAYS,Local reports contain OOF metadata only; read-only score-array export is required before quantile thresholds can be computed.
857,117,polymarket_logreg_eval_v1,XRP,ALL,0.6,,,,,quantile_from_past_only (pending score arrays),,,,false,UNAVAILABLE_WITHOUT_OOF_SCORE_ARRAYS,Local reports contain OOF metadata only; read-only score-array export is required before quantile thresholds can be computed.
857,117,polymarket_logreg_eval_v1,XRP,ALL,0.8,,,,,quantile_from_past_only (pending score arrays),,,,false,UNAVAILABLE_WITHOUT_OOF_SCORE_ARRAYS,Local reports contain OOF metadata only; read-only score-array export is required before quantile thresholds can be computed.
858,118,polymarket_logreg_eval_v1,XRP,ALL,0.2,,,,,quantile_from_past_only (pending score arrays),,,,false,UNAVAILABLE_WITHOUT_OOF_SCORE_ARRAYS,Local reports contain OOF metadata only; read-only score-array export is required before quantile thresholds can be computed.
858,118,polymarket_logreg_eval_v1,XRP,ALL,0.4,,,,,quantile_from_past_only (pending score arrays),,,,false,UNAVAILABLE_WITHOUT_OOF_SCORE_ARRAYS,Local reports contain OOF metadata only; read-only score-array export is required before quantile thresholds can be computed.
858,118,polymarket_logreg_eval_v1,XRP,ALL,0.6,,,,,quantile_from_past_only (pending score arrays),,,,false,UNAVAILABLE_WITHOUT_OOF_SCORE_ARRAYS,Local reports contain OOF metadata only; read-only score-array export is required before quantile thresholds can be computed.
858,118,polymarket_logreg_eval_v1,XRP,ALL,0.8,,,,,quantile_from_past_only (pending score arrays),,,,false,UNAVAILABLE_WITHOUT_OOF_SCORE_ARRAYS,Local reports contain OOF metadata only; read-only score-array export is required before quantile thresholds can be computed.
859,119,polymarket_logreg_eval_v1,XRP,decided,0.2,,,,,quantile_from_past_only (pending score arrays),,,,false,UNAVAILABLE_WITHOUT_OOF_SCORE_ARRAYS,Local reports contain OOF metadata only; read-only score-array export is required before quantile thresholds can be computed.
859,119,polymarket_logreg_eval_v1,XRP,decided,0.4,,,,,quantile_from_past_only (pending score arrays),,,,false,UNAVAILABLE_WITHOUT_OOF_SCORE_ARRAYS,Local reports contain OOF metadata only; read-only score-array export is required before quantile thresholds can be computed.
859,119,polymarket_logreg_eval_v1,XRP,decided,0.6,,,,,quantile_from_past_only (pending score arrays),,,,false,UNAVAILABLE_WITHOUT_OOF_SCORE_ARRAYS,Local reports contain OOF metadata only; read-only score-array export is required before quantile thresholds can be computed.
859,119,polymarket_logreg_eval_v1,XRP,decided,0.8,,,,,quantile_from_past_only (pending score arrays),,,,false,UNAVAILABLE_WITHOUT_OOF_SCORE_ARRAYS,Local reports contain OOF metadata only; read-only score-array export is required before quantile thresholds can be computed.
860,120,polymarket_logreg_eval_v1,XRP,decided,0.2,,,,,quantile_from_past_only (pending score arrays),,,,false,UNAVAILABLE_WITHOUT_OOF_SCORE_ARRAYS,Local reports contain OOF metadata only; read-only score-array export is required before quantile thresholds can be computed.
860,120,polymarket_logreg_eval_v1,XRP,decided,0.4,,,,,quantile_from_past_only (pending score arrays),,,,false,UNAVAILABLE_WITHOUT_OOF_SCORE_ARRAYS,Local reports contain OOF metadata only; read-only score-array export is required before quantile thresholds can be computed.
860,120,polymarket_logreg_eval_v1,XRP,decided,0.6,,,,,quantile_from_past_only (pending score arrays),,,,false,UNAVAILABLE_WITHOUT_OOF_SCORE_ARRAYS,Local reports contain OOF metadata only; read-only score-array export is required before quantile thresholds can be computed.
860,120,polymarket_logreg_eval_v1,XRP,decided,0.8,,,,,quantile_from_past_only (pending score arrays),,,,false,UNAVAILABLE_WITHOUT_OOF_SCORE_ARRAYS,Local reports contain OOF metadata only; read-only score-array export is required before quantile thresholds can be computed.
861,121,polymarket_logreg_eval_v1,XRP,decided,0.2,,,,,quantile_from_past_only (pending score arrays),,,,false,UNAVAILABLE_WITHOUT_OOF_SCORE_ARRAYS,Local reports contain OOF metadata only; read-only score-array export is required before quantile thresholds can be computed.
861,121,polymarket_logreg_eval_v1,XRP,decided,0.4,,,,,quantile_from_past_only (pending score arrays),,,,false,UNAVAILABLE_WITHOUT_OOF_SCORE_ARRAYS,Local reports contain OOF metadata only; read-only score-array export is required before quantile thresholds can be computed.
861,121,polymarket_logreg_eval_v1,XRP,decided,0.6,,,,,quantile_from_past_only (pending score arrays),,,,false,UNAVAILABLE_WITHOUT_OOF_SCORE_ARRAYS,Local reports contain OOF metadata only; read-only score-array export is required before quantile thresholds can be computed.
861,121,polymarket_logreg_eval_v1,XRP,decided,0.8,,,,,quantile_from_past_only (pending score arrays),,,,false,UNAVAILABLE_WITHOUT_OOF_SCORE_ARRAYS,Local reports contain OOF metadata only; read-only score-array export is required before quantile thresholds can be computed.
862,122,polymarket_logreg_eval_v1,XRP,leaning,0.2,,,,,quantile_from_past_only (pending score arrays),,,,false,UNAVAILABLE_WITHOUT_OOF_SCORE_ARRAYS,Local reports contain OOF metadata only; read-only score-array export is required before quantile thresholds can be computed.
862,122,polymarket_logreg_eval_v1,XRP,leaning,0.4,,,,,quantile_from_past_only (pending score arrays),,,,false,UNAVAILABLE_WITHOUT_OOF_SCORE_ARRAYS,Local reports contain OOF metadata only; read-only score-array export is required before quantile thresholds can be computed.
862,122,polymarket_logreg_eval_v1,XRP,leaning,0.6,,,,,quantile_from_past_only (pending score arrays),,,,false,UNAVAILABLE_WITHOUT_OOF_SCORE_ARRAYS,Local reports contain OOF metadata only; read-only score-array export is required before quantile thresholds can be computed.
862,122,polymarket_logreg_eval_v1,XRP,leaning,0.8,,,,,quantile_from_past_only (pending score arrays),,,,false,UNAVAILABLE_WITHOUT_OOF_SCORE_ARRAYS,Local reports contain OOF metadata only; read-only score-array export is required before quantile thresholds can be computed.
863,123,polymarket_logreg_eval_v1,XRP,leaning,0.2,,,,,quantile_from_past_only (pending score arrays),,,,false,UNAVAILABLE_WITHOUT_OOF_SCORE_ARRAYS,Local reports contain OOF metadata only; read-only score-array export is required before quantile thresholds can be computed.
863,123,polymarket_logreg_eval_v1,XRP,leaning,0.4,,,,,quantile_from_past_only (pending score arrays),,,,false,UNAVAILABLE_WITHOUT_OOF_SCORE_ARRAYS,Local reports contain OOF metadata only; read-only score-array export is required before quantile thresholds can be computed.
863,123,polymarket_logreg_eval_v1,XRP,leaning,0.6,,,,,quantile_from_past_only (pending score arrays),,,,false,UNAVAILABLE_WITHOUT_OOF_SCORE_ARRAYS,Local reports contain OOF metadata only; read-only score-array export is required before quantile thresholds can be computed.
863,123,polymarket_logreg_eval_v1,XRP,leaning,0.8,,,,,quantile_from_past_only (pending score arrays),,,,false,UNAVAILABLE_WITHOUT_OOF_SCORE_ARRAYS,Local reports contain OOF metadata only; read-only score-array export is required before quantile thresholds can be computed.
864,124,polymarket_logreg_eval_v1,XRP,leaning,0.2,,,,,quantile_from_past_only (pending score arrays),,,,false,UNAVAILABLE_WITHOUT_OOF_SCORE_ARRAYS,Local reports contain OOF metadata only; read-only score-array export is required before quantile thresholds can be computed.
864,124,polymarket_logreg_eval_v1,XRP,leaning,0.4,,,,,quantile_from_past_only (pending score arrays),,,,false,UNAVAILABLE_WITHOUT_OOF_SCORE_ARRAYS,Local reports contain OOF metadata only; read-only score-array export is required before quantile thresholds can be computed.
864,124,polymarket_logreg_eval_v1,XRP,leaning,0.6,,,,,quantile_from_past_only (pending score arrays),,,,false,UNAVAILABLE_WITHOUT_OOF_SCORE_ARRAYS,Local reports contain OOF metadata only; read-only score-array export is required before quantile thresholds can be computed.
864,124,polymarket_logreg_eval_v1,XRP,leaning,0.8,,,,,quantile_from_past_only (pending score arrays),,,,false,UNAVAILABLE_WITHOUT_OOF_SCORE_ARRAYS,Local reports contain OOF metadata only; read-only score-array export is required before quantile thresholds can be computed.
865,125,polymarket_logreg_eval_v1,XRP,contested,0.2,,,,,quantile_from_past_only (pending score arrays),,,,false,UNAVAILABLE_WITHOUT_OOF_SCORE_ARRAYS,Local reports contain OOF metadata only; read-only score-array export is required before quantile thresholds can be computed.
865,125,polymarket_logreg_eval_v1,XRP,contested,0.4,,,,,quantile_from_past_only (pending score arrays),,,,false,UNAVAILABLE_WITHOUT_OOF_SCORE_ARRAYS,Local reports contain OOF metadata only; read-only score-array export is required before quantile thresholds can be computed.
865,125,polymarket_logreg_eval_v1,XRP,contested,0.6,,,,,quantile_from_past_only (pending score arrays),,,,false,UNAVAILABLE_WITHOUT_OOF_SCORE_ARRAYS,Local reports contain OOF metadata only; read-only score-array export is required before quantile thresholds can be computed.
865,125,polymarket_logreg_eval_v1,XRP,contested,0.8,,,,,quantile_from_past_only (pending score arrays),,,,false,UNAVAILABLE_WITHOUT_OOF_SCORE_ARRAYS,Local reports contain OOF metadata only; read-only score-array export is required before quantile thresholds can be computed.
866,126,polymarket_logreg_eval_v1,XRP,contested,0.2,,,,,quantile_from_past_only (pending score arrays),,,,false,UNAVAILABLE_WITHOUT_OOF_SCORE_ARRAYS,Local reports contain OOF metadata only; read-only score-array export is required before quantile thresholds can be computed.
866,126,polymarket_logreg_eval_v1,XRP,contested,0.4,,,,,quantile_from_past_only (pending score arrays),,,,false,UNAVAILABLE_WITHOUT_OOF_SCORE_ARRAYS,Local reports contain OOF metadata only; read-only score-array export is required before quantile thresholds can be computed.
866,126,polymarket_logreg_eval_v1,XRP,contested,0.6,,,,,quantile_from_past_only (pending score arrays),,,,false,UNAVAILABLE_WITHOUT_OOF_SCORE_ARRAYS,Local reports contain OOF metadata only; read-only score-array export is required before quantile thresholds can be computed.
866,126,polymarket_logreg_eval_v1,XRP,contested,0.8,,,,,quantile_from_past_only (pending score arrays),,,,false,UNAVAILABLE_WITHOUT_OOF_SCORE_ARRAYS,Local reports contain OOF metadata only; read-only score-array export is required before quantile thresholds can be computed.
867,127,polymarket_logreg_eval_v1,XRP,contested,0.2,,,,,quantile_from_past_only (pending score arrays),,,,false,UNAVAILABLE_WITHOUT_OOF_SCORE_ARRAYS,Local reports contain OOF metadata only; read-only score-array export is required before quantile thresholds can be computed.
867,127,polymarket_logreg_eval_v1,XRP,contested,0.4,,,,,quantile_from_past_only (pending score arrays),,,,false,UNAVAILABLE_WITHOUT_OOF_SCORE_ARRAYS,Local reports contain OOF metadata only; read-only score-array export is required before quantile thresholds can be computed.
867,127,polymarket_logreg_eval_v1,XRP,contested,0.6,,,,,quantile_from_past_only (pending score arrays),,,,false,UNAVAILABLE_WITHOUT_OOF_SCORE_ARRAYS,Local reports contain OOF metadata only; read-only score-array export is required before quantile thresholds can be computed.
867,127,polymarket_logreg_eval_v1,XRP,contested,0.8,,,,,quantile_from_past_only (pending score arrays),,,,false,UNAVAILABLE_WITHOUT_OOF_SCORE_ARRAYS,Local reports contain OOF metadata only; read-only score-array export is required before quantile thresholds can be computed.
868,128,polymarket_logreg_eval_v1,DOGE,ALL,0.2,,,,,quantile_from_past_only (pending score arrays),,,,false,UNAVAILABLE_WITHOUT_OOF_SCORE_ARRAYS,Local reports contain OOF metadata only; read-only score-array export is required before quantile thresholds can be computed.
868,128,polymarket_logreg_eval_v1,DOGE,ALL,0.4,,,,,quantile_from_past_only (pending score arrays),,,,false,UNAVAILABLE_WITHOUT_OOF_SCORE_ARRAYS,Local reports contain OOF metadata only; read-only score-array export is required before quantile thresholds can be computed.
868,128,polymarket_logreg_eval_v1,DOGE,ALL,0.6,,,,,quantile_from_past_only (pending score arrays),,,,false,UNAVAILABLE_WITHOUT_OOF_SCORE_ARRAYS,Local reports contain OOF metadata only; read-only score-array export is required before quantile thresholds can be computed.
868,128,polymarket_logreg_eval_v1,DOGE,ALL,0.8,,,,,quantile_from_past_only (pending score arrays),,,,false,UNAVAILABLE_WITHOUT_OOF_SCORE_ARRAYS,Local reports contain OOF metadata only; read-only score-array export is required before quantile thresholds can be computed.
869,129,polymarket_logreg_eval_v1,DOGE,ALL,0.2,,,,,quantile_from_past_only (pending score arrays),,,,false,UNAVAILABLE_WITHOUT_OOF_SCORE_ARRAYS,Local reports contain OOF metadata only; read-only score-array export is required before quantile thresholds can be computed.
869,129,polymarket_logreg_eval_v1,DOGE,ALL,0.4,,,,,quantile_from_past_only (pending score arrays),,,,false,UNAVAILABLE_WITHOUT_OOF_SCORE_ARRAYS,Local reports contain OOF metadata only; read-only score-array export is required before quantile thresholds can be computed.
869,129,polymarket_logreg_eval_v1,DOGE,ALL,0.6,,,,,quantile_from_past_only (pending score arrays),,,,false,UNAVAILABLE_WITHOUT_OOF_SCORE_ARRAYS,Local reports contain OOF metadata only; read-only score-array export is required before quantile thresholds can be computed.
869,129,polymarket_logreg_eval_v1,DOGE,ALL,0.8,,,,,quantile_from_past_only (pending score arrays),,,,false,UNAVAILABLE_WITHOUT_OOF_SCORE_ARRAYS,Local reports contain OOF metadata only; read-only score-array export is required before quantile thresholds can be computed.
870,130,polymarket_logreg_eval_v1,DOGE,ALL,0.2,,,,,quantile_from_past_only (pending score arrays),,,,false,UNAVAILABLE_WITHOUT_OOF_SCORE_ARRAYS,Local reports contain OOF metadata only; read-only score-array export is required before quantile thresholds can be computed.
870,130,polymarket_logreg_eval_v1,DOGE,ALL,0.4,,,,,quantile_from_past_only (pending score arrays),,,,false,UNAVAILABLE_WITHOUT_OOF_SCORE_ARRAYS,Local reports contain OOF metadata only; read-only score-array export is required before quantile thresholds can be computed.
870,130,polymarket_logreg_eval_v1,DOGE,ALL,0.6,,,,,quantile_from_past_only (pending score arrays),,,,false,UNAVAILABLE_WITHOUT_OOF_SCORE_ARRAYS,Local reports contain OOF metadata only; read-only score-array export is required before quantile thresholds can be computed.
870,130,polymarket_logreg_eval_v1,DOGE,ALL,0.8,,,,,quantile_from_past_only (pending score arrays),,,,false,UNAVAILABLE_WITHOUT_OOF_SCORE_ARRAYS,Local reports contain OOF metadata only; read-only score-array export is required before quantile thresholds can be computed.
871,131,polymarket_logreg_eval_v1,DOGE,decided,0.2,,,,,quantile_from_past_only (pending score arrays),,,,false,UNAVAILABLE_WITHOUT_OOF_SCORE_ARRAYS,Local reports contain OOF metadata only; read-only score-array export is required before quantile thresholds can be computed.
871,131,polymarket_logreg_eval_v1,DOGE,decided,0.4,,,,,quantile_from_past_only (pending score arrays),,,,false,UNAVAILABLE_WITHOUT_OOF_SCORE_ARRAYS,Local reports contain OOF metadata only; read-only score-array export is required before quantile thresholds can be computed.
871,131,polymarket_logreg_eval_v1,DOGE,decided,0.6,,,,,quantile_from_past_only (pending score arrays),,,,false,UNAVAILABLE_WITHOUT_OOF_SCORE_ARRAYS,Local reports contain OOF metadata only; read-only score-array export is required before quantile thresholds can be computed.
871,131,polymarket_logreg_eval_v1,DOGE,decided,0.8,,,,,quantile_from_past_only (pending score arrays),,,,false,UNAVAILABLE_WITHOUT_OOF_SCORE_ARRAYS,Local reports contain OOF metadata only; read-only score-array export is required before quantile thresholds can be computed.
872,132,polymarket_logreg_eval_v1,DOGE,decided,0.2,,,,,quantile_from_past_only (pending score arrays),,,,false,UNAVAILABLE_WITHOUT_OOF_SCORE_ARRAYS,Local reports contain OOF metadata only; read-only score-array export is required before quantile thresholds can be computed.
872,132,polymarket_logreg_eval_v1,DOGE,decided,0.4,,,,,quantile_from_past_only (pending score arrays),,,,false,UNAVAILABLE_WITHOUT_OOF_SCORE_ARRAYS,Local reports contain OOF metadata only; read-only score-array export is required before quantile thresholds can be computed.
872,132,polymarket_logreg_eval_v1,DOGE,decided,0.6,,,,,quantile_from_past_only (pending score arrays),,,,false,UNAVAILABLE_WITHOUT_OOF_SCORE_ARRAYS,Local reports contain OOF metadata only; read-only score-array export is required before quantile thresholds can be computed.
872,132,polymarket_logreg_eval_v1,DOGE,decided,0.8,,,,,quantile_from_past_only (pending score arrays),,,,false,UNAVAILABLE_WITHOUT_OOF_SCORE_ARRAYS,Local reports contain OOF metadata only; read-only score-array export is required before quantile thresholds can be computed.
873,133,polymarket_logreg_eval_v1,DOGE,decided,0.2,,,,,quantile_from_past_only (pending score arrays),,,,false,UNAVAILABLE_WITHOUT_OOF_SCORE_ARRAYS,Local reports contain OOF metadata only; read-only score-array export is required before quantile thresholds can be computed.
873,133,polymarket_logreg_eval_v1,DOGE,decided,0.4,,,,,quantile_from_past_only (pending score arrays),,,,false,UNAVAILABLE_WITHOUT_OOF_SCORE_ARRAYS,Local reports contain OOF metadata only; read-only score-array export is required before quantile thresholds can be computed.
873,133,polymarket_logreg_eval_v1,DOGE,decided,0.6,,,,,quantile_from_past_only (pending score arrays),,,,false,UNAVAILABLE_WITHOUT_OOF_SCORE_ARRAYS,Local reports contain OOF metadata only; read-only score-array export is required before quantile thresholds can be computed.
873,133,polymarket_logreg_eval_v1,DOGE,decided,0.8,,,,,quantile_from_past_only (pending score arrays),,,,false,UNAVAILABLE_WITHOUT_OOF_SCORE_ARRAYS,Local reports contain OOF metadata only; read-only score-array export is required before quantile thresholds can be computed.
874,134,polymarket_logreg_eval_v1,DOGE,leaning,0.2,,,,,quantile_from_past_only (pending score arrays),,,,false,UNAVAILABLE_WITHOUT_OOF_SCORE_ARRAYS,Local reports contain OOF metadata only; read-only score-array export is required before quantile thresholds can be computed.
874,134,polymarket_logreg_eval_v1,DOGE,leaning,0.4,,,,,quantile_from_past_only (pending score arrays),,,,false,UNAVAILABLE_WITHOUT_OOF_SCORE_ARRAYS,Local reports contain OOF metadata only; read-only score-array export is required before quantile thresholds can be computed.
874,134,polymarket_logreg_eval_v1,DOGE,leaning,0.6,,,,,quantile_from_past_only (pending score arrays),,,,false,UNAVAILABLE_WITHOUT_OOF_SCORE_ARRAYS,Local reports contain OOF metadata only; read-only score-array export is required before quantile thresholds can be computed.
874,134,polymarket_logreg_eval_v1,DOGE,leaning,0.8,,,,,quantile_from_past_only (pending score arrays),,,,false,UNAVAILABLE_WITHOUT_OOF_SCORE_ARRAYS,Local reports contain OOF metadata only; read-only score-array export is required before quantile thresholds can be computed.
875,135,polymarket_logreg_eval_v1,DOGE,leaning,0.2,,,,,quantile_from_past_only (pending score arrays),,,,false,UNAVAILABLE_WITHOUT_OOF_SCORE_ARRAYS,Local reports contain OOF metadata only; read-only score-array export is required before quantile thresholds can be computed.
875,135,polymarket_logreg_eval_v1,DOGE,leaning,0.4,,,,,quantile_from_past_only (pending score arrays),,,,false,UNAVAILABLE_WITHOUT_OOF_SCORE_ARRAYS,Local reports contain OOF metadata only; read-only score-array export is required before quantile thresholds can be computed.
875,135,polymarket_logreg_eval_v1,DOGE,leaning,0.6,,,,,quantile_from_past_only (pending score arrays),,,,false,UNAVAILABLE_WITHOUT_OOF_SCORE_ARRAYS,Local reports contain OOF metadata only; read-only score-array export is required before quantile thresholds can be computed.
875,135,polymarket_logreg_eval_v1,DOGE,leaning,0.8,,,,,quantile_from_past_only (pending score arrays),,,,false,UNAVAILABLE_WITHOUT_OOF_SCORE_ARRAYS,Local reports contain OOF metadata only; read-only score-array export is required before quantile thresholds can be computed.
876,136,polymarket_logreg_eval_v1,DOGE,leaning,0.2,,,,,quantile_from_past_only (pending score arrays),,,,false,UNAVAILABLE_WITHOUT_OOF_SCORE_ARRAYS,Local reports contain OOF metadata only; read-only score-array export is required before quantile thresholds can be computed.
876,136,polymarket_logreg_eval_v1,DOGE,leaning,0.4,,,,,quantile_from_past_only (pending score arrays),,,,false,UNAVAILABLE_WITHOUT_OOF_SCORE_ARRAYS,Local reports contain OOF metadata only; read-only score-array export is required before quantile thresholds can be computed.
876,136,polymarket_logreg_eval_v1,DOGE,leaning,0.6,,,,,quantile_from_past_only (pending score arrays),,,,false,UNAVAILABLE_WITHOUT_OOF_SCORE_ARRAYS,Local reports contain OOF metadata only; read-only score-array export is required before quantile thresholds can be computed.
876,136,polymarket_logreg_eval_v1,DOGE,leaning,0.8,,,,,quantile_from_past_only (pending score arrays),,,,false,UNAVAILABLE_WITHOUT_OOF_SCORE_ARRAYS,Local reports contain OOF metadata only; read-only score-array export is required before quantile thresholds can be computed.
877,137,polymarket_logreg_eval_v1,DOGE,contested,0.2,,,,,quantile_from_past_only (pending score arrays),,,,false,UNAVAILABLE_WITHOUT_OOF_SCORE_ARRAYS,Local reports contain OOF metadata only; read-only score-array export is required before quantile thresholds can be computed.
877,137,polymarket_logreg_eval_v1,DOGE,contested,0.4,,,,,quantile_from_past_only (pending score arrays),,,,false,UNAVAILABLE_WITHOUT_OOF_SCORE_ARRAYS,Local reports contain OOF metadata only; read-only score-array export is required before quantile thresholds can be computed.
877,137,polymarket_logreg_eval_v1,DOGE,contested,0.6,,,,,quantile_from_past_only (pending score arrays),,,,false,UNAVAILABLE_WITHOUT_OOF_SCORE_ARRAYS,Local reports contain OOF metadata only; read-only score-array export is required before quantile thresholds can be computed.
877,137,polymarket_logreg_eval_v1,DOGE,contested,0.8,,,,,quantile_from_past_only (pending score arrays),,,,false,UNAVAILABLE_WITHOUT_OOF_SCORE_ARRAYS,Local reports contain OOF metadata only; read-only score-array export is required before quantile thresholds can be computed.
878,138,polymarket_logreg_eval_v1,DOGE,contested,0.2,,,,,quantile_from_past_only (pending score arrays),,,,false,UNAVAILABLE_WITHOUT_OOF_SCORE_ARRAYS,Local reports contain OOF metadata only; read-only score-array export is required before quantile thresholds can be computed.
878,138,polymarket_logreg_eval_v1,DOGE,contested,0.4,,,,,quantile_from_past_only (pending score arrays),,,,false,UNAVAILABLE_WITHOUT_OOF_SCORE_ARRAYS,Local reports contain OOF metadata only; read-only score-array export is required before quantile thresholds can be computed.
878,138,polymarket_logreg_eval_v1,DOGE,contested,0.6,,,,,quantile_from_past_only (pending score arrays),,,,false,UNAVAILABLE_WITHOUT_OOF_SCORE_ARRAYS,Local reports contain OOF metadata only; read-only score-array export is required before quantile thresholds can be computed.
878,138,polymarket_logreg_eval_v1,DOGE,contested,0.8,,,,,quantile_from_past_only (pending score arrays),,,,false,UNAVAILABLE_WITHOUT_OOF_SCORE_ARRAYS,Local reports contain OOF metadata only; read-only score-array export is required before quantile thresholds can be computed.
879,139,polymarket_logreg_eval_v1,DOGE,contested,0.2,,,,,quantile_from_past_only (pending score arrays),,,,false,UNAVAILABLE_WITHOUT_OOF_SCORE_ARRAYS,Local reports contain OOF metadata only; read-only score-array export is required before quantile thresholds can be computed.
879,139,polymarket_logreg_eval_v1,DOGE,contested,0.4,,,,,quantile_from_past_only (pending score arrays),,,,false,UNAVAILABLE_WITHOUT_OOF_SCORE_ARRAYS,Local reports contain OOF metadata only; read-only score-array export is required before quantile thresholds can be computed.
879,139,polymarket_logreg_eval_v1,DOGE,contested,0.6,,,,,quantile_from_past_only (pending score arrays),,,,false,UNAVAILABLE_WITHOUT_OOF_SCORE_ARRAYS,Local reports contain OOF metadata only; read-only score-array export is required before quantile thresholds can be computed.
879,139,polymarket_logreg_eval_v1,DOGE,contested,0.8,,,,,quantile_from_past_only (pending score arrays),,,,false,UNAVAILABLE_WITHOUT_OOF_SCORE_ARRAYS,Local reports contain OOF metadata only; read-only score-array export is required before quantile thresholds can be computed.
