day,n
2026-07-22,25714
2026-07-23,80488
2026-07-24,63634
2026-07-25,46620
2026-07-26,61896
2026-07-27,59270
2026-07-28,72464
2026-07-29,37404
2026-07-30,63692
2026-07-31,72762
2026-08-01,74200
2026-08-02,74266
2026-08-03,44066
2026-08-04,34141
2026-08-05,36808
2026-08-06,42598
2026-08-07,33885
2026-08-08,33158
2026-08-09,14800
2026-08-10,20516
2026-08-11,18798
2026-08-12,19967
2026-08-13,21796
2026-08-14,20878
2026-08-15,9970
2026-08-17,7248
2026-08-18,23023
2026-08-19,21185
2026-08-20,16985
2026-08-21,14628
2026-08-22,15569
2026-08-23,15794
2026-08-24,10095
2026-08-25,16105
2026-08-26,17907
2026-08-27,14980
2026-08-28,16034
2026-08-29,15353
2026-08-30,15878
2026-08-31,18453
2026-09-01,14753
2026-09-02,17720
2026-09-03,21683
2026-09-04,13543
2026-09-06,7726
2026-09-07,18624
2026-09-08,17891
2026-09-09,11413
2026-09-10,15787
2026-09-11,15107
2026-09-12,15215
2026-09-13,5866
