measure,n,days,win_rate,pnl,expectancy,avg_win,avg_loss,payoff,max_drawdown,median,top1,top3_share,top5_share,ex_top5_pnl,entry_policy,entry_rule,asset,variant,price_bin,status,exp_ci95,p_perm,day_var,holm_adj_p
gross,1,1,1.0,0.003,0.003009,0.003,0.0,,0.0,0.003,0.003,1.0,1.0,0.0,FUNNEL,FUNNEL_OBSERVED,BTC,NO_FAVORITE,ABOVE_0.99,INSUFFICIENT_SAMPLE,,,,
gross,96,22,0.4896,-8.1646,-0.085048,0.8688,-1.0,0.8688,13.3616,-1.0,0.9608,-0.353,-0.5884,-12.9686,FUNNEL,FUNNEL_OBSERVED,BTC,NO_FAVORITE,"[0.50,0.60)",OK,"[-0.322168, 0.070908]",0.864568,2.749023,1.0
gross,23,10,0.7391,3.3577,0.145987,0.5505,-1.0,0.5505,3.875,0.5152,0.6393,0.5634,0.9284,0.2403,FUNNEL,FUNNEL_OBSERVED,BTC,NO_FAVORITE,"[0.60,0.70)",OK,"[-0.015508, 0.512163]",0.0005,0.319827,0.1555
gross,38,17,0.7368,-0.4468,-0.011759,0.3412,-1.0,0.3412,3.6726,0.3158,0.4286,-2.8773,-4.6179,-2.5103,FUNNEL,FUNNEL_OBSERVED,BTC,NO_FAVORITE,"[0.70,0.80)",OK,"[-0.205285, 0.156284]",0.566717,0.745446,1.0
gross,43,19,0.814,-1.159,-0.026954,0.1955,-1.0,0.1955,5.1398,0.1765,0.25,-0.6471,-1.0785,-2.409,FUNNEL,FUNNEL_OBSERVED,BTC,NO_FAVORITE,"[0.80,0.90)",OK,"[-0.194738, 0.117626]",0.643678,0.620014,1.0
gross,15,10,0.8667,-1.0042,-0.066945,0.0766,-1.0,0.0766,1.1274,0.0753,0.1111,-0.3319,-0.5289,-1.5353,FUNNEL,FUNNEL_OBSERVED,BTC,NO_FAVORITE,"[0.90,0.99]",OK,"[-0.178456, 0.084529]",0.809095,0.144847,1.0
gross,2,2,0.0,-2.0,-1.0,0.0,-1.0,0.0,2.0,-1.0,-1.0,1.0,1.0,0.0,FUNNEL,FUNNEL_OBSERVED,BTC,NO_OUTSIDER,"[0.10,0.15)",INSUFFICIENT_SAMPLE,,,,
gross,2,1,0.0,-2.0,-1.0,0.0,-1.0,0.0,2.0,-1.0,-1.0,1.0,1.0,0.0,FUNNEL,FUNNEL_OBSERVED,BTC,NO_OUTSIDER,"[0.15,0.20)",INSUFFICIENT_SAMPLE,,,,
gross,2,2,0.0,-2.0,-1.0,0.0,-1.0,0.0,2.0,-1.0,-1.0,1.0,1.0,0.0,FUNNEL,FUNNEL_OBSERVED,BTC,NO_OUTSIDER,"[0.20,0.25)",INSUFFICIENT_SAMPLE,,,,
gross,4,4,0.5,3.5499,0.887464,2.7749,-1.0,2.7749,2.0,0.8519,2.8462,1.2817,1.0,-0.0,FUNNEL,FUNNEL_OBSERVED,BTC,NO_OUTSIDER,"[0.25,0.30)",INSUFFICIENT_SAMPLE,,,,
gross,24,12,0.375,4.1862,0.174427,2.1318,-1.0,2.1318,7.0,-1.0,2.3333,1.6465,2.6858,-7.057,FUNNEL,FUNNEL_OBSERVED,BTC,NO_OUTSIDER,"[0.30,0.35)",OK,"[-0.345185, 1.025762]",0.292354,4.573026,1.0
gross,84,27,0.381,2.1234,0.025278,1.6914,-1.0,1.6914,10.8168,-1.0,1.8571,2.6239,4.2983,-7.0036,FUNNEL,FUNNEL_OBSERVED,BTC,NO_OUTSIDER,"[0.35,0.40)",OK,"[-0.209342, 0.25549]",0.413793,3.696847,1.0
gross,822,29,0.4513,-13.0531,-0.01588,1.1804,-1.0,1.1804,46.8524,-1.0,1.5,-0.3447,-0.5746,-20.5531,FUNNEL,FUNNEL_OBSERVED,BTC,NO_OUTSIDER,"[0.40,0.50)",OK,"[-0.093816, 0.059085]",0.645677,35.013485,1.0
gross,241,29,0.5311,15.0,0.062241,1.0,-1.0,1.0,14.0,1.0,1.0,0.2,0.3333,10.0,FUNNEL,FUNNEL_OBSERVED,BTC,NO_OUTSIDER,"[0.50,0.60)",OK,"[-0.078838, 0.197368]",0.174913,9.560048,1.0
gross,15,10,0.6,1.9034,0.126894,0.8782,-1.0,0.8782,3.3357,0.8182,0.9231,1.4549,2.4248,-2.712,FUNNEL,FUNNEL_OBSERVED,BTC,YES_FAVORITE,"[0.50,0.60)",OK,"[-0.398893, 0.668432]",0.333833,1.620207,1.0
gross,15,11,0.6667,0.4951,0.033006,0.5495,-1.0,0.5495,4.0,0.4706,0.6667,3.9845,6.2082,-2.5785,FUNNEL,FUNNEL_OBSERVED,BTC,YES_FAVORITE,"[0.60,0.70)",OK,"[-0.420543, 0.48125]",0.495752,1.220453,1.0
gross,24,12,0.75,0.1074,0.004477,0.3393,-1.0,0.3393,2.2885,0.3158,0.4286,11.5966,18.6582,-1.8973,FUNNEL,FUNNEL_OBSERVED,BTC,YES_FAVORITE,"[0.70,0.80)",OK,"[-0.104525, 0.139405]",0.475762,0.169494,1.0
gross,33,19,0.8485,-0.0087,-0.000264,0.1783,-1.0,0.1783,3.2959,0.1628,0.25,-84.4234,-134.8801,-1.1823,FUNNEL,FUNNEL_OBSERVED,BTC,YES_FAVORITE,"[0.80,0.90)",OK,"[-0.143037, 0.174946]",0.536232,0.370571,1.0
gross,14,10,0.9286,-0.3442,-0.024587,0.0504,-1.0,0.0504,1.0,0.0417,0.1111,-0.8974,-1.3348,-0.8037,FUNNEL,FUNNEL_OBSERVED,BTC,YES_FAVORITE,"[0.90,0.99]",OK,"[-0.213518, 0.065268]",0.746127,0.10537,1.0
gross,1,1,0.0,-1.0,-1.0,0.0,-1.0,0.0,1.0,-1.0,-1.0,1.0,1.0,0.0,FUNNEL,FUNNEL_OBSERVED,BTC,YES_OUTSIDER,"[0.15,0.20)",INSUFFICIENT_SAMPLE,,,,
gross,1,1,1.0,3.3478,3.347826,3.3478,0.0,,0.0,3.3478,3.3478,1.0,1.0,0.0,FUNNEL,FUNNEL_OBSERVED,BTC,YES_OUTSIDER,"[0.20,0.25)",INSUFFICIENT_SAMPLE,,,,
gross,6,6,0.1667,-2.5517,-0.425287,2.4483,-1.0,2.4483,3.0,-1.0,2.4483,-0.1757,0.6081,-1.0,FUNNEL,FUNNEL_OBSERVED,BTC,YES_OUTSIDER,"[0.25,0.30)",INSUFFICIENT_SAMPLE,,,,
gross,27,15,0.4074,7.2162,0.267268,2.1106,-1.0,2.1106,6.0,-1.0,2.3333,0.9263,1.5152,-3.7179,FUNNEL,FUNNEL_OBSERVED,BTC,YES_OUTSIDER,"[0.30,0.35)",OK,"[-0.250848, 0.841808]",0.161919,3.614162,1.0
gross,73,24,0.4521,15.7027,0.215105,1.688,-1.0,1.688,7.3684,-1.0,1.8571,0.3548,0.5812,6.5757,FUNNEL,FUNNEL_OBSERVED,BTC,YES_OUTSIDER,"[0.35,0.40)",OK,"[-0.113338, 0.545272]",0.098451,5.707223,1.0
gross,697,27,0.4519,-9.7625,-0.014006,1.1817,-1.0,1.1817,32.3875,-1.0,1.5,-0.4609,-0.7682,-17.2625,FUNNEL,FUNNEL_OBSERVED,BTC,YES_OUTSIDER,"[0.40,0.50)",OK,"[-0.098309, 0.066614]",0.641179,30.044967,1.0
gross,161,27,0.5031,1.0,0.006211,1.0,-1.0,1.0,11.0,1.0,1.0,3.0,5.0,-4.0,FUNNEL,FUNNEL_OBSERVED,BTC,YES_OUTSIDER,"[0.50,0.60)",OK,"[-0.190476, 0.173469]",0.464768,8.628258,1.0
gross,339,29,0.4867,-31.8591,-0.09398,0.8615,-1.0,0.8615,37.6162,-1.0,0.9608,-0.0905,-0.1508,-36.663,FUNNEL,FUNNEL_OBSERVED,DOGE,NO_FAVORITE,"[0.50,0.60)",OK,"[-0.160187, -0.022308]",0.991504,5.445485,1.0
gross,87,17,0.5172,-15.5269,-0.17847,0.5883,-1.0,0.5883,15.5269,0.4493,0.6667,-0.1288,-0.2147,-18.8602,FUNNEL,FUNNEL_OBSERVED,DOGE,NO_FAVORITE,"[0.60,0.70)",OK,"[-0.364238, -0.024568]",0.994503,2.665601,1.0
gross,40,18,0.8,3.0051,0.075129,0.3439,-1.0,0.3439,1.6591,0.3333,0.4286,0.4278,0.6997,0.9025,FUNNEL,FUNNEL_OBSERVED,DOGE,NO_FAVORITE,"[0.70,0.80)",OK,"[-0.082684, 0.207974]",0.153923,0.452829,1.0
gross,30,19,0.8333,-0.6498,-0.021661,0.174,-1.0,0.174,1.7444,0.1696,0.25,-1.0603,-1.6907,-1.7485,FUNNEL,FUNNEL_OBSERVED,DOGE,NO_FAVORITE,"[0.80,0.90)",OK,"[-0.166734, 0.125782]",0.602199,0.281987,1.0
gross,50,21,0.7,-12.8609,-0.257218,0.0611,-1.0,0.0611,13.2533,0.0309,0.1111,-0.0259,-0.0422,-13.4042,FUNNEL,FUNNEL_OBSERVED,DOGE,NO_FAVORITE,"[0.90,0.99]",OK,"[-0.396803, -0.111502]",0.996502,0.898044,1.0
gross,1,1,1.0,10.1111,10.111111,10.1111,0.0,,0.0,10.1111,10.1111,1.0,1.0,0.0,FUNNEL,FUNNEL_OBSERVED,DOGE,NO_OUTSIDER,"[0.05,0.10)",INSUFFICIENT_SAMPLE,,,,
gross,2,2,0.0,-2.0,-1.0,0.0,-1.0,0.0,2.0,-1.0,-1.0,1.0,1.0,0.0,FUNNEL,FUNNEL_OBSERVED,DOGE,NO_OUTSIDER,"[0.10,0.15)",INSUFFICIENT_SAMPLE,,,,
gross,3,2,0.0,-3.0,-1.0,0.0,-1.0,0.0,3.0,-1.0,-1.0,1.0,1.0,0.0,FUNNEL,FUNNEL_OBSERVED,DOGE,NO_OUTSIDER,"[0.20,0.25)",INSUFFICIENT_SAMPLE,,,,
gross,3,2,0.3333,0.4483,0.149425,2.4483,-1.0,2.4483,1.0,-1.0,2.4483,1.0,1.0,0.0,FUNNEL,FUNNEL_OBSERVED,DOGE,NO_OUTSIDER,"[0.25,0.30)",INSUFFICIENT_SAMPLE,,,,
gross,33,16,0.2727,-5.5267,-0.167477,2.0526,-1.0,2.0526,12.0588,-1.0,2.125,-1.1535,-1.9053,-16.057,FUNNEL,FUNNEL_OBSERVED,DOGE,NO_OUTSIDER,"[0.30,0.35)",OK,"[-0.618079, 0.252311]",0.78061,3.122442,1.0
gross,76,25,0.3947,4.8794,0.064203,1.696,-1.0,1.696,12.3684,-1.0,1.8571,1.1418,1.8868,-4.3269,FUNNEL,FUNNEL_OBSERVED,DOGE,NO_OUTSIDER,"[0.35,0.40)",OK,"[-0.174827, 0.276014]",0.28086,2.829242,1.0
gross,471,30,0.4076,-53.9806,-0.114609,1.172,-1.0,1.172,61.5906,-1.0,1.5,-0.0834,-0.1389,-61.4806,FUNNEL,FUNNEL_OBSERVED,DOGE,NO_OUTSIDER,"[0.40,0.50)",OK,"[-0.206338, -0.019203]",0.983508,19.095188,1.0
gross,126,29,0.5317,8.0,0.063492,1.0,-1.0,1.0,8.0,1.0,1.0,0.375,0.625,3.0,FUNNEL,FUNNEL_OBSERVED,DOGE,NO_OUTSIDER,"[0.50,0.60)",OK,"[-0.114504, 0.229358]",0.238881,4.268728,1.0
gross,212,27,0.5047,-11.6192,-0.054807,0.8727,-1.0,0.8727,17.8896,0.6949,0.9608,-0.2481,-0.4134,-16.4231,FUNNEL,FUNNEL_OBSERVED,DOGE,YES_FAVORITE,"[0.50,0.60)",OK,"[-0.179482, 0.09373]",0.789605,8.252767,1.0
gross,59,19,0.6102,-2.368,-0.040135,0.5731,-1.0,0.5731,9.5629,0.4925,0.6667,-0.8446,-1.4077,-5.7013,FUNNEL,FUNNEL_OBSERVED,DOGE,YES_FAVORITE,"[0.60,0.70)",OK,"[-0.186598, 0.110605]",0.703148,1.060169,1.0
gross,22,15,0.8182,2.0373,0.092604,0.3354,-1.0,0.3354,1.7342,0.2987,0.4286,0.6212,1.003,-0.0061,FUNNEL,FUNNEL_OBSERVED,DOGE,YES_FAVORITE,"[0.70,0.80)",OK,"[-0.145477, 0.284268]",0.209395,0.431669,1.0
gross,35,16,0.8571,0.3879,0.011082,0.1796,-1.0,0.1796,1.8095,0.1765,0.25,1.8938,3.1032,-0.8158,FUNNEL,FUNNEL_OBSERVED,DOGE,YES_FAVORITE,"[0.80,0.90)",OK,"[-0.112457, 0.11426]",0.429785,0.197414,1.0
gross,34,16,0.9118,-1.5826,-0.046546,0.0457,-1.0,0.0457,2.2984,0.0309,0.1111,-0.2106,-0.3356,-2.1137,FUNNEL,FUNNEL_OBSERVED,DOGE,YES_FAVORITE,"[0.90,0.99]",OK,"[-0.142936, 0.045027]",0.821589,0.161108,1.0
gross,1,1,0.0,-1.0,-1.0,0.0,-1.0,0.0,1.0,-1.0,-1.0,1.0,1.0,0.0,FUNNEL,FUNNEL_OBSERVED,DOGE,YES_OUTSIDER,"[0.01,0.05)",INSUFFICIENT_SAMPLE,,,,
gross,1,1,0.0,-1.0,-1.0,0.0,-1.0,0.0,1.0,-1.0,-1.0,1.0,1.0,0.0,FUNNEL,FUNNEL_OBSERVED,DOGE,YES_OUTSIDER,"[0.10,0.15)",INSUFFICIENT_SAMPLE,,,,
gross,6,6,0.1667,-1.8333,-0.305556,3.1667,-1.0,3.1667,5.0,-1.0,3.1667,-0.6364,0.4545,-1.0,FUNNEL,FUNNEL_OBSERVED,DOGE,YES_OUTSIDER,"[0.20,0.25)",INSUFFICIENT_SAMPLE,,,,
gross,11,10,0.4545,6.62,0.601815,2.524,-1.0,2.524,3.0,-1.0,2.7037,1.1667,1.9063,-6.0,FUNNEL,FUNNEL_OBSERVED,DOGE,YES_OUTSIDER,"[0.25,0.30)",OK,"[-0.361845, 1.519033]",0.118441,2.837918,1.0
gross,39,19,0.4359,13.2548,0.339867,2.0738,-1.0,2.0738,9.0588,-1.0,2.3333,0.5119,0.8477,2.0183,FUNNEL,FUNNEL_OBSERVED,DOGE,YES_OUTSIDER,"[0.30,0.35)",OK,"[-0.228261, 0.890241]",0.125437,6.743989,1.0
gross,83,24,0.4096,6.1677,0.07431,1.6226,-1.0,1.6226,11.4359,-1.0,1.8571,0.9033,1.4676,-2.8842,FUNNEL,FUNNEL_OBSERVED,DOGE,YES_OUTSIDER,"[0.35,0.40)",OK,"[-0.24944, 0.383301]",0.30085,7.806209,1.0
gross,615,27,0.4407,-27.1252,-0.044106,1.1693,-1.0,1.1693,57.2346,-1.0,1.5,-0.1659,-0.2765,-34.6252,FUNNEL,FUNNEL_OBSERVED,DOGE,YES_OUTSIDER,"[0.40,0.50)",OK,"[-0.127234, 0.038249]",0.864568,26.410711,1.0
gross,108,26,0.4352,-14.0,-0.12963,1.0,-1.0,1.0,17.0,-1.0,1.0,-0.2143,-0.3571,-19.0,FUNNEL,FUNNEL_OBSERVED,DOGE,YES_OUTSIDER,"[0.50,0.60)",OK,"[-0.316239, 0.048387]",0.911544,4.094675,1.0
gross,2,2,1.0,0.002,0.001001,0.001,0.0,,0.0,0.001,0.001,1.0,1.0,0.0,FUNNEL,FUNNEL_OBSERVED,ETH,NO_FAVORITE,ABOVE_0.99,INSUFFICIENT_SAMPLE,,,,
gross,111,27,0.4865,-6.993,-0.063,0.9261,-1.0,0.9261,14.1056,-1.0,0.9608,-0.4122,-0.687,-11.7969,FUNNEL,FUNNEL_OBSERVED,ETH,NO_FAVORITE,"[0.50,0.60)",OK,"[-0.219204, 0.08069]",0.814093,2.828708,1.0
gross,21,6,0.6667,0.4349,0.020707,0.5311,-1.0,0.5311,2.4615,0.4706,0.6667,4.2931,6.9372,-2.5818,FUNNEL,FUNNEL_OBSERVED,ETH,NO_FAVORITE,"[0.60,0.70)",INSUFFICIENT_SAMPLE,,,,
gross,11,6,0.9091,2.5647,0.233157,0.3565,-1.0,0.3565,1.0,0.3514,0.4286,0.4704,0.7662,0.5996,FUNNEL,FUNNEL_OBSERVED,ETH,NO_FAVORITE,"[0.70,0.80)",INSUFFICIENT_SAMPLE,,,,
gross,22,14,0.7727,-1.8927,-0.086032,0.1828,-1.0,0.1828,2.8235,0.1561,0.25,-0.3881,-0.6203,-3.0667,FUNNEL,FUNNEL_OBSERVED,ETH,NO_FAVORITE,"[0.80,0.90)",OK,"[-0.288958, 0.178058]",0.764618,0.607466,1.0
gross,21,10,0.8095,-2.8468,-0.135564,0.0678,-1.0,0.0678,3.1446,0.0526,0.1111,-0.1085,-0.1696,-3.3297,FUNNEL,FUNNEL_OBSERVED,ETH,NO_FAVORITE,"[0.90,0.99]",OK,"[-0.253706, 0.010256]",0.949525,0.240939,1.0
gross,1,1,0.0,-1.0,-1.0,0.0,-1.0,0.0,1.0,-1.0,-1.0,1.0,1.0,0.0,FUNNEL,FUNNEL_OBSERVED,ETH,NO_OUTSIDER,"[0.15,0.20)",INSUFFICIENT_SAMPLE,,,,
gross,4,3,0.0,-4.0,-1.0,0.0,-1.0,0.0,4.0,-1.0,-1.0,0.75,1.0,0.0,FUNNEL,FUNNEL_OBSERVED,ETH,NO_OUTSIDER,"[0.20,0.25)",INSUFFICIENT_SAMPLE,,,,
gross,3,3,0.3333,1.0,0.333333,3.0,-1.0,3.0,2.0,-1.0,3.0,1.0,1.0,0.0,FUNNEL,FUNNEL_OBSERVED,ETH,NO_OUTSIDER,"[0.25,0.30)",INSUFFICIENT_SAMPLE,,,,
gross,22,13,0.3636,2.0697,0.094079,2.0087,-1.0,2.0087,7.0588,-1.0,2.125,2.9886,4.9505,-8.1765,FUNNEL,FUNNEL_OBSERVED,ETH,NO_OUTSIDER,"[0.30,0.35)",OK,"[-0.816176, 0.863206]",0.365317,7.135944,1.0
gross,71,22,0.4366,11.7429,0.165393,1.6691,-1.0,1.6691,6.094,-1.0,1.8571,0.4745,0.784,2.5366,FUNNEL,FUNNEL_OBSERVED,ETH,NO_OUTSIDER,"[0.35,0.40)",OK,"[-0.05705, 0.357628]",0.075462,2.944969,1.0
gross,734,29,0.436,-33.4549,-0.045579,1.1892,-1.0,1.1892,41.1118,-1.0,1.5,-0.1345,-0.2242,-40.9549,FUNNEL,FUNNEL_OBSERVED,ETH,NO_OUTSIDER,"[0.40,0.50)",OK,"[-0.111069, 0.028567]",0.905047,23.515017,1.0
gross,209,27,0.5311,13.0,0.062201,1.0,-1.0,1.0,9.0,1.0,1.0,0.2308,0.3846,8.0,FUNNEL,FUNNEL_OBSERVED,ETH,NO_OUTSIDER,"[0.50,0.60)",OK,"[-0.055351, 0.193717]",0.158921,5.953361,1.0
gross,1,1,1.0,0.001,0.001001,0.001,0.0,,0.0,0.001,0.001,1.0,1.0,0.0,FUNNEL,FUNNEL_OBSERVED,ETH,YES_FAVORITE,ABOVE_0.99,INSUFFICIENT_SAMPLE,,,,
gross,61,19,0.5246,0.7257,0.011897,0.9289,-1.0,0.9289,7.4996,0.8182,0.9608,3.9716,6.6193,-4.0782,FUNNEL,FUNNEL_OBSERVED,ETH,YES_FAVORITE,"[0.50,0.60)",OK,"[-0.254312, 0.24653]",0.484758,3.046089,1.0
gross,28,4,0.7143,3.0733,0.10976,0.5537,-1.0,0.5537,2.0801,0.5038,0.6393,0.6241,1.0402,-0.1234,FUNNEL,FUNNEL_OBSERVED,ETH,YES_FAVORITE,"[0.60,0.70)",INSUFFICIENT_SAMPLE,,,,
gross,13,4,1.0,4.3719,0.336299,0.3363,0.0,,0.0,0.3333,0.4085,0.2758,0.4408,2.4449,FUNNEL,FUNNEL_OBSERVED,ETH,YES_FAVORITE,"[0.70,0.80)",INSUFFICIENT_SAMPLE,,,,
gross,13,7,1.0,2.5098,0.193058,0.1931,0.0,,0.0,0.2048,0.2346,0.2804,0.4613,1.352,FUNNEL,FUNNEL_OBSERVED,ETH,YES_FAVORITE,"[0.80,0.90)",INSUFFICIENT_SAMPLE,,,,
gross,8,6,0.875,-0.6468,-0.08085,0.0505,-1.0,0.0505,1.0,0.0418,0.0989,-0.3857,-0.5148,-0.9798,FUNNEL,FUNNEL_OBSERVED,ETH,YES_FAVORITE,"[0.90,0.99]",INSUFFICIENT_SAMPLE,,,,
gross,2,2,0.0,-2.0,-1.0,0.0,-1.0,0.0,2.0,-1.0,-1.0,1.0,1.0,0.0,FUNNEL,FUNNEL_OBSERVED,ETH,YES_OUTSIDER,"[0.15,0.20)",INSUFFICIENT_SAMPLE,,,,
gross,5,5,0.0,-5.0,-1.0,0.0,-1.0,0.0,5.0,-1.0,-1.0,0.6,1.0,0.0,FUNNEL,FUNNEL_OBSERVED,ETH,YES_OUTSIDER,"[0.20,0.25)",INSUFFICIENT_SAMPLE,,,,
gross,5,4,0.2,-1.0,-0.2,3.0,-1.0,3.0,4.0,-1.0,3.0,-1.0,1.0,0.0,FUNNEL,FUNNEL_OBSERVED,ETH,YES_OUTSIDER,"[0.25,0.30)",INSUFFICIENT_SAMPLE,,,,
gross,27,13,0.2593,-5.5696,-0.20628,2.0615,-1.0,2.0615,9.9697,-1.0,2.2258,-1.1808,-1.8939,-16.1176,FUNNEL,FUNNEL_OBSERVED,ETH,YES_OUTSIDER,"[0.30,0.35)",OK,"[-0.61678, 0.198889]",0.847076,2.297157,1.0
gross,78,25,0.3462,-5.3475,-0.068558,1.6908,-1.0,1.6908,14.2862,-1.0,1.8571,-1.0419,-1.7365,-14.6332,FUNNEL,FUNNEL_OBSERVED,ETH,YES_OUTSIDER,"[0.35,0.40)",OK,"[-0.286354, 0.150957]",0.710645,3.097147,1.0
gross,707,29,0.4738,23.5756,0.033346,1.1808,-1.0,1.1808,29.8064,-1.0,1.5,0.1909,0.3181,16.0756,FUNNEL,FUNNEL_OBSERVED,ETH,YES_OUTSIDER,"[0.40,0.50)",OK,"[-0.060284, 0.124759]",0.246877,40.208179,1.0
gross,144,26,0.5,0.0,0.0,1.0,-1.0,1.0,15.0,0.0,1.0,,,-5.0,FUNNEL,FUNNEL_OBSERVED,ETH,YES_OUTSIDER,"[0.50,0.60)",OK,"[-0.166667, 0.183099]",0.524738,6.538462,1.0
gross,1,1,1.0,0.001,0.001001,0.001,0.0,,0.0,0.001,0.001,1.0,1.0,0.0,FUNNEL,FUNNEL_OBSERVED,SOL,NO_FAVORITE,ABOVE_0.99,INSUFFICIENT_SAMPLE,,,,
gross,231,29,0.4935,-13.7999,-0.05974,0.9053,-1.0,0.9053,22.0777,-1.0,0.9608,-0.2089,-0.3481,-18.6038,FUNNEL,FUNNEL_OBSERVED,SOL,NO_FAVORITE,"[0.50,0.60)",OK,"[-0.144632, 0.020917]",0.935032,3.094573,1.0
gross,31,15,0.5484,-4.9868,-0.160865,0.5302,-1.0,0.5302,7.6608,0.4493,0.6667,-0.4011,-0.6475,-8.216,FUNNEL,FUNNEL_OBSERVED,SOL,NO_FAVORITE,"[0.60,0.70)",OK,"[-0.388458, 0.178895]",0.845577,1.533877,1.0
gross,39,19,0.6923,-2.6877,-0.068916,0.3449,-1.0,0.3449,6.9302,0.3158,0.4286,-0.4634,-0.7528,-4.711,FUNNEL,FUNNEL_OBSERVED,SOL,NO_FAVORITE,"[0.70,0.80)",OK,"[-0.261522, 0.144019]",0.743628,0.957094,1.0
gross,39,22,0.7436,-5.1282,-0.131492,0.168,-1.0,0.168,6.5365,0.1494,0.25,-0.1373,-0.2172,-6.2419,FUNNEL,FUNNEL_OBSERVED,SOL,NO_FAVORITE,"[0.80,0.90)",OK,"[-0.295908, 0.066744]",0.88006,0.775186,1.0
gross,35,22,0.7714,-6.284,-0.179544,0.0636,-1.0,0.0636,6.6474,0.0526,0.1111,-0.053,-0.0884,-6.8396,FUNNEL,FUNNEL_OBSERVED,SOL,NO_FAVORITE,"[0.90,0.99]",OK,"[-0.331407, -0.024622]",0.955522,0.500601,1.0
gross,1,1,0.0,-1.0,-1.0,0.0,-1.0,0.0,1.0,-1.0,-1.0,1.0,1.0,0.0,FUNNEL,FUNNEL_OBSERVED,SOL,NO_OUTSIDER,"[0.01,0.05)",INSUFFICIENT_SAMPLE,,,,
gross,1,1,0.0,-1.0,-1.0,0.0,-1.0,0.0,1.0,-1.0,-1.0,1.0,1.0,0.0,FUNNEL,FUNNEL_OBSERVED,SOL,NO_OUTSIDER,"[0.05,0.10)",INSUFFICIENT_SAMPLE,,,,
gross,3,2,0.6667,8.1455,2.71517,4.5728,-1.0,4.5728,1.0,4.2632,4.8824,1.0,1.0,0.0,FUNNEL,FUNNEL_OBSERVED,SOL,NO_OUTSIDER,"[0.15,0.20)",INSUFFICIENT_SAMPLE,,,,
gross,5,2,0.2,-0.4545,-0.090909,3.5455,-1.0,3.5455,3.0,-1.0,3.5455,-3.4,1.0,0.0,FUNNEL,FUNNEL_OBSERVED,SOL,NO_OUTSIDER,"[0.20,0.25)",INSUFFICIENT_SAMPLE,,,,
gross,5,5,0.4,2.152,0.430396,2.576,-1.0,2.576,3.0,-1.0,2.7037,1.9294,1.0,0.0,FUNNEL,FUNNEL_OBSERVED,SOL,NO_OUTSIDER,"[0.25,0.30)",INSUFFICIENT_SAMPLE,,,,
gross,35,20,0.2571,-7.4014,-0.211469,2.0665,-1.0,2.0665,11.5684,-1.0,2.3333,-0.9031,-1.4517,-18.1462,FUNNEL,FUNNEL_OBSERVED,SOL,NO_OUTSIDER,"[0.30,0.35)",OK,"[-0.56406, 0.192827]",0.862569,2.217475,1.0
gross,124,26,0.3629,-3.6688,-0.029587,1.674,-1.0,1.674,16.6558,-1.0,1.8571,-1.5186,-2.531,-12.9545,FUNNEL,FUNNEL_OBSERVED,SOL,NO_OUTSIDER,"[0.35,0.40)",OK,"[-0.238059, 0.15618]",0.611194,5.404613,1.0
gross,610,30,0.4508,-14.0945,-0.023106,1.1669,-1.0,1.1669,46.9229,-1.0,1.5,-0.3193,-0.5321,-21.5945,FUNNEL,FUNNEL_OBSERVED,SOL,NO_OUTSIDER,"[0.40,0.50)",OK,"[-0.111516, 0.068193]",0.685657,26.507977,1.0
gross,175,28,0.5314,11.0,0.062857,1.0,-1.0,1.0,15.0,1.0,1.0,0.2727,0.4545,6.0,FUNNEL,FUNNEL_OBSERVED,SOL,NO_OUTSIDER,"[0.50,0.60)",OK,"[-0.078652, 0.220779]",0.211394,6.024235,1.0
gross,131,27,0.5038,-5.3353,-0.040727,0.904,-1.0,0.904,11.7546,0.6949,0.9608,-0.5402,-0.9004,-10.1392,FUNNEL,FUNNEL_OBSERVED,SOL,YES_FAVORITE,"[0.50,0.60)",OK,"[-0.212035, 0.09797]",0.731634,3.634861,1.0
gross,27,15,0.7407,4.4,0.162962,0.57,-1.0,0.57,2.0,0.5152,0.6667,0.4545,0.7576,1.0666,FUNNEL,FUNNEL_OBSERVED,SOL,YES_FAVORITE,"[0.60,0.70)",OK,"[-0.070627, 0.387601]",0.068966,0.6979,1.0
gross,24,17,0.875,4.4257,0.184403,0.3536,-1.0,0.3536,2.3257,0.316,0.4286,0.2905,0.4842,2.2828,FUNNEL,FUNNEL_OBSERVED,SOL,YES_FAVORITE,"[0.70,0.80)",OK,"[-0.054218, 0.369879]",0.027986,0.408744,1.0
gross,27,18,0.963,3.5776,0.132504,0.1761,-1.0,0.1761,1.0,0.1628,0.25,0.2053,0.328,2.404,FUNNEL,FUNNEL_OBSERVED,SOL,YES_FAVORITE,"[0.80,0.90)",OK,"[0.035517, 0.187555]",0.0005,0.076136,0.1555
gross,25,14,0.8,-3.7681,-0.150726,0.0616,-1.0,0.0616,4.0059,0.0638,0.1111,-0.0852,-0.1314,-4.2632,FUNNEL,FUNNEL_OBSERVED,SOL,YES_FAVORITE,"[0.90,0.99]",OK,"[-0.319849, -0.013779]",0.974513,0.2461,1.0
gross,3,2,0.0,-3.0,-1.0,0.0,-1.0,0.0,3.0,-1.0,-1.0,1.0,1.0,0.0,FUNNEL,FUNNEL_OBSERVED,SOL,YES_OUTSIDER,"[0.01,0.05)",INSUFFICIENT_SAMPLE,,,,
gross,1,1,0.0,-1.0,-1.0,0.0,-1.0,0.0,1.0,-1.0,-1.0,1.0,1.0,0.0,FUNNEL,FUNNEL_OBSERVED,SOL,YES_OUTSIDER,"[0.05,0.10)",INSUFFICIENT_SAMPLE,,,,
gross,1,1,0.0,-1.0,-1.0,0.0,-1.0,0.0,1.0,-1.0,-1.0,1.0,1.0,0.0,FUNNEL,FUNNEL_OBSERVED,SOL,YES_OUTSIDER,"[0.10,0.15)",INSUFFICIENT_SAMPLE,,,,
gross,6,2,0.0,-6.0,-1.0,0.0,-1.0,0.0,6.0,-1.0,-1.0,0.5,0.8333,-1.0,FUNNEL,FUNNEL_OBSERVED,SOL,YES_OUTSIDER,"[0.20,0.25)",INSUFFICIENT_SAMPLE,,,,
gross,5,5,0.4,1.8966,0.37931,2.4483,-1.0,2.4483,2.0,-1.0,2.4483,2.0545,1.0,0.0,FUNNEL,FUNNEL_OBSERVED,SOL,YES_OUTSIDER,"[0.25,0.30)",INSUFFICIENT_SAMPLE,,,,
gross,45,20,0.2667,-7.2176,-0.160391,2.1485,-1.0,2.1485,15.4207,-1.0,2.3333,-0.9699,-1.6015,-18.7767,FUNNEL,FUNNEL_OBSERVED,SOL,YES_OUTSIDER,"[0.30,0.35)",OK,"[-0.565145, 0.324074]",0.751124,5.381409,1.0
gross,110,27,0.4182,13.5526,0.123205,1.6859,-1.0,1.6859,8.3363,-1.0,1.8571,0.4111,0.6852,4.2668,FUNNEL,FUNNEL_OBSERVED,SOL,YES_OUTSIDER,"[0.35,0.40)",OK,"[-0.103773, 0.38537]",0.144428,6.787875,1.0
gross,595,29,0.4454,-17.7773,-0.029878,1.1782,-1.0,1.1782,32.0332,-1.0,1.5,-0.2531,-0.4219,-25.2773,FUNNEL,FUNNEL_OBSERVED,SOL,YES_OUTSIDER,"[0.40,0.50)",OK,"[-0.108039, 0.053129]",0.772614,21.543367,1.0
gross,155,28,0.4903,-3.0,-0.019355,1.0,-1.0,1.0,16.0,-1.0,1.0,-1.0,-1.6667,-8.0,FUNNEL,FUNNEL_OBSERVED,SOL,YES_OUTSIDER,"[0.50,0.60)",OK,"[-0.186667, 0.152941]",0.586707,5.952806,1.0
gross,3,3,1.0,0.007,0.00234,0.0023,0.0,,0.0,0.002,0.004,1.0,1.0,0.0,FUNNEL,FUNNEL_OBSERVED,XRP,NO_FAVORITE,ABOVE_0.99,INSUFFICIENT_SAMPLE,,,,
gross,277,29,0.4838,-22.9135,-0.08272,0.8962,-1.0,0.8962,29.3624,-1.0,0.9608,-0.1258,-0.2097,-27.7174,FUNNEL,FUNNEL_OBSERVED,XRP,NO_FAVORITE,"[0.50,0.60)",OK,"[-0.192826, 0.038527]",0.912044,9.759671,1.0
gross,49,21,0.7551,8.8393,0.180394,0.5632,-1.0,0.5632,2.5075,0.4925,0.6667,0.2263,0.3771,5.506,FUNNEL,FUNNEL_OBSERVED,XRP,NO_FAVORITE,"[0.60,0.70)",OK,"[0.016127, 0.355982]",0.013993,0.841182,1.0
gross,37,19,0.7297,-0.7773,-0.021008,0.3416,-1.0,0.3416,3.6782,0.2821,0.4286,-1.6023,-2.6532,-2.8397,FUNNEL,FUNNEL_OBSERVED,XRP,NO_FAVORITE,"[0.70,0.80)",OK,"[-0.201679, 0.163178]",0.595202,0.682055,1.0
gross,57,23,0.807,-2.7124,-0.047586,0.1802,-1.0,0.1802,4.7432,0.1628,0.25,-0.2765,-0.4495,-3.9315,FUNNEL,FUNNEL_OBSERVED,XRP,NO_FAVORITE,"[0.80,0.90)",OK,"[-0.173399, 0.070793]",0.763618,0.572042,1.0
gross,39,19,0.8462,-3.7935,-0.097269,0.0669,-1.0,0.0669,4.2048,0.0638,0.1111,-0.0879,-0.1464,-4.349,FUNNEL,FUNNEL_OBSERVED,XRP,NO_FAVORITE,"[0.90,0.99]",OK,"[-0.281465, 0.061984]",0.84008,0.826434,1.0
gross,2,2,0.0,-2.0,-1.0,0.0,-1.0,0.0,2.0,-1.0,-1.0,1.0,1.0,0.0,FUNNEL,FUNNEL_OBSERVED,XRP,NO_OUTSIDER,"[0.10,0.15)",INSUFFICIENT_SAMPLE,,,,
gross,2,2,0.5,3.5556,1.777778,4.5556,-1.0,4.5556,1.0,1.7778,4.5556,1.0,1.0,0.0,FUNNEL,FUNNEL_OBSERVED,XRP,NO_OUTSIDER,"[0.15,0.20)",INSUFFICIENT_SAMPLE,,,,
gross,3,3,0.0,-3.0,-1.0,0.0,-1.0,0.0,3.0,-1.0,-1.0,1.0,1.0,0.0,FUNNEL,FUNNEL_OBSERVED,XRP,NO_OUTSIDER,"[0.20,0.25)",INSUFFICIENT_SAMPLE,,,,
gross,16,11,0.1875,-5.1341,-0.320884,2.622,-1.0,2.622,6.9803,-1.0,2.8462,-1.5321,-1.1425,-11.0,FUNNEL,FUNNEL_OBSERVED,XRP,NO_OUTSIDER,"[0.25,0.30)",OK,"[-1.0, 0.137293]",0.921039,1.262415,1.0
gross,41,23,0.3902,6.9729,0.170071,1.9983,-1.0,1.9983,8.9035,-1.0,2.2258,0.9151,1.4975,-3.4688,FUNNEL,FUNNEL_OBSERVED,XRP,NO_OUTSIDER,"[0.30,0.35)",OK,"[-0.31484, 0.661699]",0.252874,4.781795,1.0
gross,93,27,0.2688,-25.8597,-0.278061,1.6856,-1.0,1.6856,30.719,-1.0,1.8571,-0.2154,-0.3529,-34.9867,FUNNEL,FUNNEL_OBSERVED,XRP,NO_OUTSIDER,"[0.35,0.40)",OK,"[-0.470558, -0.094502]",0.999,2.429254,1.0
gross,785,29,0.428,-53.9578,-0.068736,1.1757,-1.0,1.1757,67.299,-1.0,1.5,-0.0834,-0.139,-61.4578,FUNNEL,FUNNEL_OBSERVED,XRP,NO_OUTSIDER,"[0.40,0.50)",OK,"[-0.153104, 0.010673]",0.947526,37.022711,1.0
gross,239,30,0.477,-11.0,-0.046025,1.0,-1.0,1.0,13.0,-1.0,1.0,-0.2727,-0.4545,-16.0,FUNNEL,FUNNEL_OBSERVED,XRP,NO_OUTSIDER,"[0.50,0.60)",OK,"[-0.130045, 0.03937]",0.864068,3.498889,1.0
gross,2,1,1.0,0.002,0.001001,0.001,0.0,,0.0,0.001,0.001,1.0,1.0,0.0,FUNNEL,FUNNEL_OBSERVED,XRP,YES_FAVORITE,ABOVE_0.99,INSUFFICIENT_SAMPLE,,,,
gross,96,23,0.4167,-20.2017,-0.210435,0.895,-1.0,0.895,21.7537,-1.0,0.9608,-0.1427,-0.2378,-25.0056,FUNNEL,FUNNEL_OBSERVED,XRP,YES_FAVORITE,"[0.50,0.60)",OK,"[-0.349225, -0.050973]",0.992504,3.035457,1.0
gross,15,11,0.6667,0.7341,0.04894,0.5734,-1.0,0.5734,2.7742,0.5625,0.6129,2.5047,4.1396,-2.3048,FUNNEL,FUNNEL_OBSERVED,XRP,YES_FAVORITE,"[0.60,0.70)",OK,"[-0.257393, 0.558877]",0.425287,0.695654,1.0
gross,15,11,0.6,-2.91,-0.193997,0.3433,-1.0,0.3433,4.6248,0.2821,0.4286,-0.4213,-0.6566,-4.8205,FUNNEL,FUNNEL_OBSERVED,XRP,YES_FAVORITE,"[0.70,0.80)",OK,"[-0.5165, 0.330566]",0.816592,1.36805,1.0
gross,13,9,0.8462,0.0117,0.000901,0.1829,-1.0,0.1829,1.0,0.1765,0.25,58.8507,93.8685,-1.0873,FUNNEL,FUNNEL_OBSERVED,XRP,YES_FAVORITE,"[0.80,0.90)",INSUFFICIENT_SAMPLE,,,,
gross,11,7,0.9091,-0.3372,-0.030658,0.0663,-1.0,0.0663,1.0,0.0417,0.1111,-0.9884,-1.5041,-0.8445,FUNNEL,FUNNEL_OBSERVED,XRP,YES_FAVORITE,"[0.90,0.99]",INSUFFICIENT_SAMPLE,,,,
gross,1,1,0.0,-1.0,-1.0,0.0,-1.0,0.0,1.0,-1.0,-1.0,1.0,1.0,0.0,FUNNEL,FUNNEL_OBSERVED,XRP,YES_OUTSIDER,"[0.05,0.10)",INSUFFICIENT_SAMPLE,,,,
gross,1,1,0.0,-1.0,-1.0,0.0,-1.0,0.0,1.0,-1.0,-1.0,1.0,1.0,0.0,FUNNEL,FUNNEL_OBSERVED,XRP,YES_OUTSIDER,"[0.15,0.20)",INSUFFICIENT_SAMPLE,,,,
gross,3,2,0.3333,1.3478,0.449275,3.3478,-1.0,3.3478,2.0,-1.0,3.3478,1.0,1.0,0.0,FUNNEL,FUNNEL_OBSERVED,XRP,YES_OUTSIDER,"[0.20,0.25)",INSUFFICIENT_SAMPLE,,,,
gross,13,7,0.2308,-2.4089,-0.185297,2.5304,-1.0,2.5304,5.0,-1.0,2.5714,-3.1513,-2.3211,-8.0,FUNNEL,FUNNEL_OBSERVED,XRP,YES_OUTSIDER,"[0.25,0.30)",INSUFFICIENT_SAMPLE,,,,
gross,19,11,0.5263,12.1102,0.637377,2.111,-1.0,2.111,2.0,1.9412,2.3333,0.5691,0.9123,1.0624,FUNNEL,FUNNEL_OBSERVED,XRP,YES_OUTSIDER,"[0.30,0.35)",OK,"[0.105169, 1.075839]",0.010495,2.57046,1.0
gross,60,21,0.2833,-14.8692,-0.24782,1.6548,-1.0,1.6548,23.1623,-1.0,1.8571,-0.364,-0.593,-23.6873,FUNNEL,FUNNEL_OBSERVED,XRP,YES_OUTSIDER,"[0.35,0.40)",OK,"[-0.582453, 0.047542]",0.945527,4.220638,1.0
gross,527,30,0.4156,-47.6654,-0.090447,1.1887,-1.0,1.1887,52.7611,-1.0,1.5,-0.0944,-0.1573,-55.1654,FUNNEL,FUNNEL_OBSERVED,XRP,YES_OUTSIDER,"[0.40,0.50)",OK,"[-0.179043, 0.002481]",0.975012,21.55324,1.0
gross,103,29,0.4757,-5.0,-0.048544,1.0,-1.0,1.0,11.0,-1.0,1.0,-0.6,-1.0,-10.0,FUNNEL,FUNNEL_OBSERVED,XRP,YES_OUTSIDER,"[0.50,0.60)",OK,"[-0.243243, 0.147826]",0.725637,3.453032,1.0
gross,333,30,0.5796,21.5866,0.064825,0.8372,-1.0,0.8372,19.0913,0.7241,0.9608,0.1335,0.2225,16.7826,GRID,T-12,BTC,YES_FAVORITE,"[0.50,0.60)",OK,"[-0.035335, 0.152883]",0.094953,9.050936,1.0
gross,294,30,0.6837,17.6328,0.059976,0.5504,-1.0,0.5504,6.3677,0.4925,0.6667,0.1134,0.189,14.2995,GRID,T-12,BTC,YES_FAVORITE,"[0.60,0.70)",OK,"[-0.018714, 0.144643]",0.064468,4.6772,1.0
gross,225,30,0.7289,-3.0448,-0.013532,0.3534,-1.0,0.3534,8.8517,0.3158,0.4286,-0.4223,-0.7038,-5.1877,GRID,T-12,BTC,YES_FAVORITE,"[0.70,0.80)",OK,"[-0.087891, 0.052423]",0.653673,2.140817,1.0
gross,155,29,0.8516,3.0545,0.019707,0.1974,-1.0,0.1974,3.2498,0.1765,0.25,0.2455,0.4092,1.8045,GRID,T-12,BTC,YES_FAVORITE,"[0.80,0.90)",OK,"[-0.032457, 0.074576]",0.224888,0.582701,1.0
gross,23,15,0.9565,0.8325,0.036198,0.0833,-1.0,0.0833,1.0,0.087,0.1111,0.4004,0.6673,0.277,GRID,T-12,BTC,YES_FAVORITE,"[0.90,0.99]",OK,"[-0.037213, 0.090531]",0.192404,0.046482,1.0
gross,8,7,0.0,-8.0,-1.0,0.0,-1.0,0.0,8.0,-1.0,-1.0,0.375,0.625,-3.0,GRID,T-12,BTC,YES_OUTSIDER,"[0.05,0.10)",INSUFFICIENT_SAMPLE,,,,
gross,34,22,0.0882,-5.8182,-0.171123,8.3939,-1.0,8.3939,13.9091,-1.0,9.0,-4.3281,-3.9844,-29.0,GRID,T-12,BTC,YES_OUTSIDER,"[0.10,0.15)",OK,"[-1.0, 0.761364]",0.611194,10.682877,1.0
gross,67,27,0.1791,2.9789,0.044462,4.8316,-1.0,4.8316,10.7778,-1.0,5.6667,5.5669,8.8448,-23.3691,GRID,T-12,BTC,YES_OUTSIDER,"[0.15,0.20)",OK,"[-0.384618, 0.436619]",0.404798,6.991235,1.0
gross,113,28,0.2212,-0.5927,-0.005245,3.4963,-1.0,3.4963,11.6667,-1.0,4.0,-20.2466,-32.9409,-20.1165,GRID,T-12,BTC,YES_OUTSIDER,"[0.20,0.25)",OK,"[-0.266605, 0.267576]",0.495252,8.157291,1.0
gross,124,27,0.25,-10.4587,-0.084344,2.6626,-1.0,2.6626,26.9803,-1.0,3.0,-0.8605,-1.4048,-25.151,GRID,T-12,BTC,YES_OUTSIDER,"[0.25,0.30)",OK,"[-0.367481, 0.209474]",0.734133,12.269718,1.0
gross,152,30,0.2829,-20.0411,-0.131849,2.0688,-1.0,2.0688,24.4883,-1.0,2.3333,-0.3386,-0.5607,-31.2776,GRID,T-12,BTC,YES_OUTSIDER,"[0.30,0.35)",OK,"[-0.35638, 0.123186]",0.863068,11.727574,1.0
gross,177,29,0.339,-15.1224,-0.085437,1.698,-1.0,1.698,28.4119,-1.0,1.8571,-0.3684,-0.614,-24.4081,GRID,T-12,BTC,YES_OUTSIDER,"[0.35,0.40)",OK,"[-0.260872, 0.096855]",0.813593,9.530076,1.0
gross,326,30,0.4264,-16.9661,-0.052043,1.2233,-1.0,1.2233,31.6103,-1.0,1.5,-0.2652,-0.4421,-24.4661,GRID,T-12,BTC,YES_OUTSIDER,"[0.40,0.50)",OK,"[-0.158794, 0.05564]",0.827586,10.655161,1.0
gross,63,24,0.5079,-0.0644,-0.001022,0.9667,-1.0,0.9667,8.0784,0.8519,1.0,-46.6164,-77.694,-5.0644,GRID,T-12,BTC,YES_OUTSIDER,"[0.50,0.60)",OK,"[-0.204204, 0.237085]",0.507246,1.981989,1.0
gross,4,3,0.5,-1.8947,-0.473684,0.0526,-1.0,0.0526,1.9474,-0.4737,0.0526,0.4722,1.0,0.0,GRID,T-12,BTC,YES_OUTSIDER,"[0.90,0.99]",INSUFFICIENT_SAMPLE,,,,
gross,210,30,0.5333,-9.6097,-0.04576,0.7892,-1.0,0.7892,21.4966,0.6949,0.9608,-0.2999,-0.496,-14.3759,GRID,T-12,DOGE,YES_FAVORITE,"[0.50,0.60)",OK,"[-0.152377, 0.069243]",0.785607,4.939305,1.0
gross,330,30,0.6424,-4.3538,-0.013193,0.5361,-1.0,0.5361,14.5879,0.4706,0.6667,-0.4594,-0.7656,-7.6871,GRID,T-12,DOGE,YES_FAVORITE,"[0.60,0.70)",OK,"[-0.095308, 0.070848]",0.644178,6.473041,1.0
gross,240,30,0.725,-6.3104,-0.026293,0.343,-1.0,0.343,12.4213,0.2987,0.4286,-0.2037,-0.3396,-8.4532,GRID,T-12,DOGE,YES_FAVORITE,"[0.70,0.80)",OK,"[-0.098236, 0.040401]",0.765617,2.292519,1.0
gross,187,30,0.7968,-8.8078,-0.0471,0.1959,-1.0,0.1959,10.1122,0.1765,0.25,-0.0852,-0.1419,-10.0578,GRID,T-12,DOGE,YES_FAVORITE,"[0.80,0.90)",OK,"[-0.107503, 0.013598]",0.942029,1.135819,1.0
gross,68,24,0.9265,-0.3549,-0.005219,0.0737,-1.0,0.0737,2.1286,0.0753,0.1111,-0.9392,-1.5654,-0.9104,GRID,T-12,DOGE,YES_FAVORITE,"[0.90,0.99]",OK,"[-0.081295, 0.05594]",0.572214,0.212742,1.0
gross,12,10,0.0,-12.0,-1.0,0.0,-1.0,0.0,12.0,-1.0,-1.0,0.25,0.4167,-7.0,GRID,T-12,DOGE,YES_OUTSIDER,"[0.05,0.10)",OK,"[-1.0, -1.0]",1.0,0.16,1.0
gross,40,20,0.2,24.6953,0.617383,7.0869,-1.0,7.0869,13.0,-1.0,9.0,0.9631,1.5051,-12.4725,GRID,T-12,DOGE,YES_OUTSIDER,"[0.10,0.15)",OK,"[-0.646782, 2.109315]",0.191404,41.403587,1.0
gross,74,26,0.1757,1.8269,0.024688,4.8328,-1.0,4.8328,16.201,-1.0,5.6667,9.0774,14.4224,-24.5212,GRID,T-12,DOGE,YES_OUTSIDER,"[0.15,0.20)",OK,"[-0.355379, 0.428745]",0.442779,8.777764,1.0
gross,112,28,0.2321,7.3092,0.065261,3.5888,-1.0,3.5888,16.8903,-1.0,4.0,1.6418,2.7363,-12.6908,GRID,T-12,DOGE,YES_OUTSIDER,"[0.20,0.25)",OK,"[-0.33316, 0.44138]",0.372814,17.568211,1.0
gross,130,28,0.2538,-9.0642,-0.069725,2.6647,-1.0,2.6647,22.1337,-1.0,3.0,-0.9929,-1.6549,-24.0642,GRID,T-12,DOGE,YES_OUTSIDER,"[0.25,0.30)",OK,"[-0.368827, 0.198049]",0.67966,12.241399,1.0
gross,126,28,0.1984,-48.1135,-0.381853,2.1155,-1.0,2.1155,48.1135,-1.0,2.3333,-0.1455,-0.2402,-59.6727,GRID,T-12,DOGE,YES_OUTSIDER,"[0.30,0.35)",OK,"[-0.632597, -0.092529]",0.997001,11.413293,1.0
gross,142,29,0.3451,-10.0585,-0.070835,1.6927,-1.0,1.6927,31.0094,-1.0,1.8571,-0.5539,-0.9232,-19.3442,GRID,T-12,DOGE,YES_OUTSIDER,"[0.35,0.40)",OK,"[-0.259174, 0.155503]",0.742629,8.342526,1.0
gross,280,30,0.4143,-21.6224,-0.077223,1.2274,-1.0,1.2274,28.2767,-1.0,1.5,-0.2081,-0.3469,-29.1224,GRID,T-12,DOGE,YES_OUTSIDER,"[0.40,0.50)",OK,"[-0.172243, 0.009324]",0.955522,5.856016,1.0
gross,140,27,0.5214,0.2505,0.001789,0.9212,-1.0,0.9212,6.5889,0.835,1.0,11.9775,19.9625,-4.7495,GRID,T-12,DOGE,YES_OUTSIDER,"[0.50,0.60)",OK,"[-0.114128, 0.112694]",0.504748,2.2974,1.0
gross,1,1,0.0,-1.0,-1.0,0.0,-1.0,0.0,1.0,-1.0,-1.0,1.0,1.0,0.0,GRID,T-12,DOGE,YES_OUTSIDER,"[0.60,0.70)",INSUFFICIENT_SAMPLE,,,,
gross,15,5,0.6667,-4.8062,-0.320415,0.0194,-1.0,0.0194,4.8776,0.0204,0.0204,-0.0127,-0.0212,-4.9083,GRID,T-12,DOGE,YES_OUTSIDER,"[0.90,0.99]",INSUFFICIENT_SAMPLE,,,,
gross,304,30,0.602,30.7217,0.101058,0.8291,-1.0,0.8291,8.89,0.7241,0.9608,0.0938,0.1564,25.9178,GRID,T-12,ETH,YES_FAVORITE,"[0.50,0.60)",OK,"[-0.003866, 0.210749]",0.037981,9.540905,1.0
gross,300,30,0.6767,14.5888,0.048629,0.5497,-1.0,0.5497,10.3201,0.4925,0.6667,0.1371,0.2285,11.2555,GRID,T-12,ETH,YES_FAVORITE,"[0.60,0.70)",OK,"[-0.051264, 0.148341]",0.166417,7.346136,1.0
gross,267,30,0.7828,14.9764,0.056091,0.3492,-1.0,0.3492,6.5552,0.3333,0.4286,0.0858,0.1431,12.8336,GRID,T-12,ETH,YES_FAVORITE,"[0.70,0.80)",OK,"[-0.004498, 0.118299]",0.032484,2.275717,1.0
gross,126,30,0.8413,-0.0328,-0.00026,0.1884,-1.0,0.1884,6.3489,0.1765,0.25,-22.9001,-38.1668,-1.2828,GRID,T-12,ETH,YES_FAVORITE,"[0.80,0.90)",OK,"[-0.077458, 0.07148]",0.488756,0.76742,1.0
gross,48,21,0.9583,1.4318,0.029829,0.0746,-1.0,0.0746,1.0,0.0753,0.1111,0.2328,0.388,0.8762,GRID,T-12,ETH,YES_FAVORITE,"[0.90,0.99]",OK,"[-0.026148, 0.07823]",0.13993,0.080753,1.0
gross,3,3,0.0,-3.0,-1.0,0.0,-1.0,0.0,3.0,-1.0,-1.0,1.0,1.0,0.0,GRID,T-12,ETH,YES_OUTSIDER,"[0.01,0.05)",INSUFFICIENT_SAMPLE,,,,
gross,22,15,0.0909,4.7857,0.217532,12.3929,-1.0,12.3929,14.0,-1.0,13.2857,4.9701,4.5522,-17.0,GRID,T-12,ETH,YES_OUTSIDER,"[0.05,0.10)",OK,"[-1.0, 2.482143]",0.344328,23.148888,1.0
gross,47,22,0.0851,-15.29,-0.32532,6.9275,-1.0,6.9275,18.7662,-1.0,8.0909,-1.4105,-1.7469,-42.0,GRID,T-12,ETH,YES_OUTSIDER,"[0.10,0.15)",OK,"[-1.0, 0.41283]",0.830085,12.148417,1.0
gross,75,27,0.16,-3.6257,-0.048343,4.9479,-1.0,4.9479,18.6667,-1.0,5.6667,-4.5738,-7.4698,-30.7091,GRID,T-12,ETH,YES_OUTSIDER,"[0.15,0.20)",OK,"[-0.533208, 0.505511]",0.569715,14.292014,1.0
gross,86,26,0.2209,1.1965,0.013913,3.5893,-1.0,3.5893,18.0,-1.0,4.0,10.0292,16.7154,-18.8035,GRID,T-12,ETH,YES_OUTSIDER,"[0.20,0.25)",OK,"[-0.36718, 0.461138]",0.473263,13.314328,1.0
gross,122,29,0.2295,-18.7035,-0.153307,2.6892,-1.0,2.6892,30.2735,-1.0,3.0,-0.4812,-0.802,-33.7035,GRID,T-12,ETH,YES_OUTSIDER,"[0.25,0.30)",OK,"[-0.438966, 0.120024]",0.861569,10.44551,1.0
gross,145,29,0.2828,-18.851,-0.130007,2.0768,-1.0,2.0768,18.9002,-1.0,2.3333,-0.3713,-0.6132,-30.4101,GRID,T-12,ETH,YES_OUTSIDER,"[0.30,0.35)",OK,"[-0.315579, 0.084175]",0.893053,7.83664,1.0
gross,167,30,0.3234,-21.5933,-0.129301,1.6927,-1.0,1.6927,28.9015,-1.0,1.8571,-0.258,-0.43,-30.8791,GRID,T-12,ETH,YES_OUTSIDER,"[0.35,0.40)",OK,"[-0.3504, 0.098492]",0.87956,11.713171,1.0
gross,319,30,0.4201,-19.6725,-0.061669,1.2338,-1.0,1.2338,40.7331,-1.0,1.5,-0.2287,-0.3812,-27.1725,GRID,T-12,ETH,YES_OUTSIDER,"[0.40,0.50)",OK,"[-0.179148, 0.053654]",0.849075,11.72442,1.0
gross,70,17,0.4857,-3.5217,-0.05031,0.9552,-1.0,0.9552,10.3122,-1.0,1.0,-0.8519,-1.4198,-8.5217,GRID,T-12,ETH,YES_OUTSIDER,"[0.50,0.60)",OK,"[-0.276904, 0.15558]",0.696652,3.720781,1.0
gross,6,4,0.5,-2.8743,-0.479055,0.0419,-1.0,0.0419,2.8743,-0.4898,0.0526,-0.0437,0.6521,-1.0,GRID,T-12,ETH,YES_OUTSIDER,"[0.90,0.99]",INSUFFICIENT_SAMPLE,,,,
gross,261,30,0.567,7.2644,0.027833,0.8126,-1.0,0.8126,11.6887,0.7241,0.9608,0.3968,0.6613,2.4605,GRID,T-12,SOL,YES_FAVORITE,"[0.50,0.60)",OK,"[-0.091788, 0.133925]",0.322339,7.573805,1.0
gross,287,30,0.6167,-11.5223,-0.040147,0.5564,-1.0,0.5564,23.2248,0.4925,0.6667,-0.1736,-0.2893,-14.8556,GRID,T-12,SOL,YES_FAVORITE,"[0.60,0.70)",OK,"[-0.139856, 0.052888]",0.786107,6.947531,1.0
gross,255,30,0.7608,5.6631,0.022208,0.3436,-1.0,0.3436,10.4702,0.3158,0.4286,0.227,0.3784,3.5203,GRID,T-12,SOL,YES_FAVORITE,"[0.70,0.80)",OK,"[-0.064075, 0.100368]",0.302849,3.591767,1.0
gross,154,30,0.8636,4.5668,0.029654,0.1922,-1.0,0.1922,3.5678,0.1765,0.25,0.1642,0.2737,3.3168,GRID,T-12,SOL,YES_FAVORITE,"[0.80,0.90)",OK,"[-0.046288, 0.096202]",0.1999,1.020592,1.0
gross,54,19,0.9259,-0.1443,-0.002672,0.0771,-1.0,0.0771,1.9959,0.0753,0.1111,-2.3099,-3.8498,-0.6999,GRID,T-12,SOL,YES_FAVORITE,"[0.90,0.99]",OK,"[-0.078201, 0.060132]",0.533733,0.181576,1.0
gross,1,1,0.0,-1.0,-1.0,0.0,-1.0,0.0,1.0,-1.0,-1.0,1.0,1.0,0.0,GRID,T-12,SOL,YES_OUTSIDER,"[0.01,0.05)",INSUFFICIENT_SAMPLE,,,,
gross,14,12,0.0,-14.0,-1.0,0.0,-1.0,0.0,14.0,-1.0,-1.0,0.2143,0.3571,-9.0,GRID,T-12,SOL,YES_OUTSIDER,"[0.05,0.10)",OK,"[-1.0, -1.0]",1.0,0.138889,1.0
gross,36,21,0.0556,-21.1648,-0.587912,6.4176,-1.0,6.4176,21.3077,-1.0,6.6923,-0.5592,-0.4647,-31.0,GRID,T-12,SOL,YES_OUTSIDER,"[0.10,0.15)",OK,"[-1.0, 0.098901]",0.990005,5.895529,1.0
gross,81,25,0.1852,4.8467,0.059835,4.7231,-1.0,4.7231,12.4166,-1.0,5.25,3.2497,5.2644,-20.668,GRID,T-12,SOL,YES_OUTSIDER,"[0.15,0.20)",OK,"[-0.36463, 0.457429]",0.385807,11.816569,1.0
gross,100,28,0.2,-11.1909,-0.111909,3.4405,-1.0,3.4405,26.4162,-1.0,4.0,-1.051,-1.704,-30.2602,GRID,T-12,SOL,YES_OUTSIDER,"[0.20,0.25)",OK,"[-0.426895, 0.235165]",0.747126,10.405227,1.0
gross,124,29,0.2581,-6.239,-0.050315,2.68,-1.0,2.68,38.4433,-1.0,3.0,-1.4425,-2.3796,-21.0852,GRID,T-12,SOL,YES_OUTSIDER,"[0.25,0.30)",OK,"[-0.331353, 0.229365]",0.614693,11.445044,1.0
gross,134,29,0.306,-6.4328,-0.048006,2.1114,-1.0,2.1114,16.9936,-1.0,2.3333,-1.0882,-1.8136,-18.0994,GRID,T-12,SOL,YES_OUTSIDER,"[0.30,0.35)",OK,"[-0.240028, 0.167278]",0.668666,6.449331,1.0
gross,144,29,0.3264,-16.696,-0.115944,1.7086,-1.0,1.7086,25.531,-1.0,1.8571,-0.3337,-0.5562,-25.9817,GRID,T-12,SOL,YES_OUTSIDER,"[0.35,0.40)",OK,"[-0.336681, 0.100459]",0.867566,8.300336,1.0
gross,322,30,0.3758,-49.3081,-0.153131,1.2537,-1.0,1.2537,53.51,-1.0,1.5,-0.0913,-0.1521,-56.8081,GRID,T-12,SOL,YES_OUTSIDER,"[0.40,0.50)",OK,"[-0.264995, -0.039081]",0.995002,11.770213,1.0
gross,113,25,0.5044,-2.9907,-0.026466,0.93,-1.0,0.93,13.3048,0.8182,1.0,-1.0031,-1.6719,-7.9907,GRID,T-12,SOL,YES_OUTSIDER,"[0.50,0.60)",OK,"[-0.188573, 0.129607]",0.61919,3.120854,1.0
gross,15,4,0.5333,-6.7092,-0.447279,0.0364,-1.0,0.0364,6.8342,0.0204,0.0417,-0.0186,-0.0311,-6.9175,GRID,T-12,SOL,YES_OUTSIDER,"[0.90,0.99]",INSUFFICIENT_SAMPLE,,,,
gross,247,30,0.5789,13.3629,0.054101,0.8207,-1.0,0.8207,11.1366,0.7241,0.9608,0.2157,0.3595,8.559,GRID,T-12,XRP,YES_FAVORITE,"[0.50,0.60)",OK,"[-0.03075, 0.130736]",0.104448,3.951065,1.0
gross,289,30,0.6228,-10.4235,-0.036067,0.5476,-1.0,0.5476,16.1777,0.4925,0.6667,-0.1919,-0.3198,-13.7568,GRID,T-12,XRP,YES_FAVORITE,"[0.60,0.70)",OK,"[-0.106949, 0.031824]",0.846577,3.575069,1.0
gross,257,30,0.7354,-1.9468,-0.007575,0.3495,-1.0,0.3495,11.7682,0.3158,0.4286,-0.6604,-1.1007,-4.0896,GRID,T-12,XRP,YES_FAVORITE,"[0.70,0.80)",OK,"[-0.066397, 0.056174]",0.595202,2.050957,1.0
gross,190,30,0.8684,6.4715,0.03406,0.1907,-1.0,0.1907,4.0162,0.1765,0.25,0.1159,0.1932,5.2215,GRID,T-12,XRP,YES_FAVORITE,"[0.80,0.90)",OK,"[-0.005498, 0.072779]",0.038481,0.462678,1.0
gross,51,18,0.8824,-2.7566,-0.054051,0.0721,-1.0,0.0721,3.0655,0.0638,0.1111,-0.1209,-0.2015,-3.3122,GRID,T-12,XRP,YES_FAVORITE,"[0.90,0.99]",OK,"[-0.145542, 0.027218]",0.897551,0.260796,1.0
gross,1,1,0.0,-1.0,-1.0,0.0,-1.0,0.0,1.0,-1.0,-1.0,1.0,1.0,0.0,GRID,T-12,XRP,YES_OUTSIDER,"[0.01,0.05)",INSUFFICIENT_SAMPLE,,,,
gross,17,14,0.0,-17.0,-1.0,0.0,-1.0,0.0,17.0,-1.0,-1.0,0.1765,0.2941,-12.0,GRID,T-12,XRP,YES_OUTSIDER,"[0.05,0.10)",OK,"[-1.0, -1.0]",1.0,0.168367,1.0
gross,38,21,0.0526,-21.3333,-0.561404,7.3333,-1.0,7.3333,26.6667,-1.0,7.3333,-0.6406,-0.5469,-33.0,GRID,T-12,XRP,YES_OUTSIDER,"[0.10,0.15)",OK,"[-1.0, -0.007937]",0.999,4.629377,1.0
gross,95,29,0.1158,-30.8836,-0.325091,4.8288,-1.0,4.8288,42.2792,-1.0,5.6667,-0.5235,-0.8516,-57.1827,GRID,T-12,XRP,YES_OUTSIDER,"[0.15,0.20)",OK,"[-0.642536, 0.031916]",0.969515,10.024339,1.0
gross,98,26,0.2653,20.5305,0.209495,3.5589,-1.0,3.5589,13.0,-1.0,4.0,0.5845,0.9742,0.5305,GRID,T-12,XRP,YES_OUTSIDER,"[0.20,0.25)",OK,"[-0.168993, 0.610076]",0.157921,14.234175,1.0
gross,132,27,0.3636,45.2279,0.342636,2.6922,-1.0,2.6922,8.848,-1.0,3.0,0.199,0.3317,30.2279,GRID,T-12,XRP,YES_OUTSIDER,"[0.25,0.30)",OK,"[0.053871, 0.629407]",0.008996,13.642417,1.0
gross,143,29,0.2168,-45.607,-0.31893,2.1417,-1.0,2.1417,47.8328,-1.0,2.3333,-0.1535,-0.2558,-57.2737,GRID,T-12,XRP,YES_OUTSIDER,"[0.30,0.35)",OK,"[-0.52903, -0.064778]",0.998001,10.44476,1.0
gross,133,29,0.3609,-3.0613,-0.023017,1.7071,-1.0,1.7071,21.2508,-1.0,1.8571,-1.82,-3.0333,-12.347,GRID,T-12,XRP,YES_OUTSIDER,"[0.35,0.40)",OK,"[-0.260846, 0.211212]",0.572714,9.216038,1.0
gross,315,30,0.4349,-6.4039,-0.02033,1.2525,-1.0,1.2525,33.8311,-1.0,1.5,-0.7027,-1.1712,-13.9039,GRID,T-12,XRP,YES_OUTSIDER,"[0.40,0.50)",OK,"[-0.146909, 0.121218]",0.602199,16.510657,1.0
gross,93,27,0.3656,-27.5139,-0.295849,0.9261,-1.0,0.9261,30.5858,-1.0,1.0,-0.109,-0.1817,-32.5139,GRID,T-12,XRP,YES_OUTSIDER,"[0.50,0.60)",OK,"[-0.463228, -0.142254]",0.998501,2.801996,1.0
gross,11,4,0.6364,-3.8571,-0.350649,0.0204,-1.0,0.0204,3.9388,0.0204,0.0204,-0.0159,-0.0265,-3.9592,GRID,T-12,XRP,YES_OUTSIDER,"[0.90,0.99]",INSUFFICIENT_SAMPLE,,,,
gross,30,16,1.0,0.1106,0.003686,0.0037,0.0,,0.0,0.0035,0.0091,0.2464,0.3647,0.0703,GRID,T-5,BTC,YES_FAVORITE,ABOVE_0.99,OK,"[0.002919, 0.004683]",0.0005,1.9e-05,0.1555
gross,91,24,0.5604,2.3586,0.025919,0.8306,-1.0,0.8306,9.5499,0.6949,0.9608,1.222,2.0367,-2.4453,GRID,T-5,BTC,YES_FAVORITE,"[0.50,0.60)",OK,"[-0.157144, 0.209083]",0.397801,2.754391,1.0
gross,89,25,0.6292,-2.3292,-0.026171,0.5477,-1.0,0.5477,9.1762,0.4925,0.6667,-0.8587,-1.4311,-5.6626,GRID,T-5,BTC,YES_FAVORITE,"[0.60,0.70)",OK,"[-0.144727, 0.105714]",0.668166,1.464773,1.0
gross,139,27,0.7482,-0.5227,-0.00376,0.3315,-1.0,0.3315,4.8043,0.2987,0.4286,-2.46,-4.0999,-2.6655,GRID,T-5,BTC,YES_FAVORITE,"[0.70,0.80)",OK,"[-0.075528, 0.078348]",0.550725,1.100103,1.0
gross,139,27,0.8561,0.5726,0.004119,0.1729,-1.0,0.1729,4.4591,0.1494,0.25,1.3099,2.1831,-0.6774,GRID,T-5,BTC,YES_FAVORITE,"[0.80,0.90)",OK,"[-0.069079, 0.077973]",0.477261,1.062045,1.0
gross,340,27,0.95,-0.8736,-0.00257,0.0499,-1.0,0.0499,4.3106,0.0417,0.1111,-0.3815,-0.6359,-1.4292,GRID,T-5,BTC,YES_FAVORITE,"[0.90,0.99]",OK,"[-0.02247, 0.016719]",0.590205,0.424901,1.0
gross,20,14,0.0,-20.0,-1.0,0.0,-1.0,0.0,20.0,-1.0,-1.0,0.15,0.25,-15.0,GRID,T-5,BTC,YES_OUTSIDER,BELOW_0.01,OK,"[-1.0, -1.0]",1.0,0.244898,1.0
gross,140,28,0.0143,-90.0,-0.642857,24.0,-1.0,24.0,96.0,-1.0,24.0,-0.5222,-0.5,-135.0,GRID,T-5,BTC,YES_OUTSIDER,"[0.01,0.05)",OK,"[-1.0, -0.119718]",1.0,38.811224,1.0
gross,167,28,0.0539,-31.1667,-0.186627,14.0926,-1.0,14.0926,62.0,-1.0,19.0,-1.7219,-2.5936,-112.0,GRID,T-5,BTC,YES_OUTSIDER,"[0.05,0.10)",OK,"[-0.618056, 0.285872]",0.786607,54.694551,1.0
gross,111,27,0.1261,7.1202,0.064146,7.4372,-1.0,7.4372,19.9744,-1.0,9.0,3.792,5.9583,-35.304,GRID,T-5,BTC,YES_OUTSIDER,"[0.10,0.15)",OK,"[-0.446447, 0.660073]",0.385807,36.988936,1.0
gross,88,24,0.1591,-7.2922,-0.082866,4.7648,-1.0,4.7648,31.8889,-1.0,5.6667,-2.217,-3.556,-33.2236,GRID,T-5,BTC,YES_OUTSIDER,"[0.15,0.20)",OK,"[-0.635973, 0.480636]",0.593703,24.365021,1.0
gross,67,27,0.2836,18.0071,0.268762,3.4741,-1.0,3.4741,13.0,-1.0,4.0,0.6532,1.071,-1.2787,GRID,T-5,BTC,YES_OUTSIDER,"[0.20,0.25)",OK,"[-0.299441, 1.003947]",0.182909,17.65518,1.0
gross,70,22,0.2286,-11.0367,-0.157667,2.6852,-1.0,2.6852,18.0257,-1.0,3.0,-0.7876,-1.3033,-25.4213,GRID,T-5,BTC,YES_OUTSIDER,"[0.25,0.30)",OK,"[-0.435593, 0.127169]",0.866567,4.61223,1.0
gross,65,20,0.2462,-15.0675,-0.231807,2.1208,-1.0,2.1208,20.1857,-1.0,2.3333,-0.4646,-0.7672,-26.6266,GRID,T-5,BTC,YES_OUTSIDER,"[0.30,0.35)",OK,"[-0.578321, 0.156954]",0.902049,7.275507,1.0
gross,59,24,0.4407,10.6567,0.180623,1.6791,-1.0,1.6791,5.0,-1.0,1.8571,0.5228,0.8639,1.4504,GRID,T-5,BTC,YES_OUTSIDER,"[0.35,0.40)",OK,"[-0.153449, 0.522338]",0.150425,4.176731,1.0
gross,101,25,0.4653,5.6227,0.055671,1.2686,-1.0,1.2686,14.6791,-1.0,1.5,0.8003,1.3339,-1.8773,GRID,T-5,BTC,YES_OUTSIDER,"[0.40,0.50)",OK,"[-0.140592, 0.243869]",0.275862,4.114127,1.0
gross,17,12,0.4706,-1.1524,-0.06779,0.9809,-1.0,0.9809,4.0392,-1.0,1.0,-2.6032,-4.3387,-6.1524,GRID,T-5,BTC,YES_OUTSIDER,"[0.50,0.60)",OK,"[-0.398125, 0.325786]",0.672664,0.748509,1.0
gross,1,1,0.0,-1.0,-1.0,0.0,-1.0,0.0,1.0,-1.0,-1.0,1.0,1.0,0.0,GRID,T-5,BTC,YES_OUTSIDER,"[0.90,0.99]",INSUFFICIENT_SAMPLE,,,,
gross,32,17,1.0,0.0451,0.001409,0.0014,0.0,,0.0,0.001,0.004,0.2226,0.356,0.029,GRID,T-5,DOGE,YES_FAVORITE,ABOVE_0.99,OK,"[0.001117, 0.001696]",0.0005,5e-06,0.1555
gross,70,25,0.4857,-7.7202,-0.110289,0.8318,-1.0,0.8318,11.1027,-1.0,0.9608,-0.3734,-0.6223,-12.5241,GRID,T-5,DOGE,YES_FAVORITE,"[0.50,0.60)",OK,"[-0.343186, 0.083308]",0.87956,1.748907,1.0
gross,91,25,0.6923,6.3277,0.069536,0.5449,-1.0,0.5449,5.8404,0.4925,0.6667,0.3161,0.5181,3.049,GRID,T-5,DOGE,YES_FAVORITE,"[0.60,0.70)",OK,"[-0.074954, 0.215643]",0.16042,1.784044,1.0
gross,119,28,0.7059,-6.8065,-0.057197,0.3356,-1.0,0.3356,7.908,0.2987,0.4286,-0.1889,-0.3148,-8.9493,GRID,T-5,DOGE,YES_FAVORITE,"[0.70,0.80)",OK,"[-0.155691, 0.030457]",0.91954,0.889634,1.0
gross,161,26,0.8199,-5.2992,-0.032914,0.1796,-1.0,0.1796,8.9868,0.1628,0.25,-0.1415,-0.2359,-6.5492,GRID,T-5,DOGE,YES_FAVORITE,"[0.80,0.90)",OK,"[-0.108793, 0.042938]",0.810095,1.45733,1.0
gross,359,27,0.9749,3.7221,0.010368,0.0363,-1.0,0.0363,1.901,0.0204,0.1111,0.0896,0.1493,3.1666,GRID,T-5,DOGE,YES_FAVORITE,"[0.90,0.99]",OK,"[-0.00134, 0.022348]",0.038481,0.179797,1.0
gross,135,27,0.0296,15.0,0.111111,36.5,-1.0,36.5,42.0,-1.0,49.0,8.1333,9.6667,-130.0,GRID,T-5,DOGE,YES_OUTSIDER,"[0.01,0.05)",OK,"[-0.782609, 1.18254]",0.385807,174.839506,1.0
gross,155,27,0.0452,-44.7619,-0.288786,14.7483,-1.0,14.7483,47.5476,-1.0,19.0,-1.1989,-1.7926,-125.0,GRID,T-5,DOGE,YES_OUTSIDER,"[0.05,0.10)",OK,"[-0.721378, 0.151733]",0.909045,42.800502,1.0
gross,115,26,0.0696,-44.2774,-0.385021,7.8403,-1.0,7.8403,48.3683,-1.0,9.0,-0.5687,-0.9342,-85.641,GRID,T-5,DOGE,YES_OUTSIDER,"[0.10,0.15)",OK,"[-0.763178, 0.105626]",0.950025,29.458229,1.0
gross,81,26,0.1235,-23.2579,-0.287135,4.7742,-1.0,4.7742,35.4181,-1.0,5.25,-0.6772,-1.097,-48.7726,GRID,T-5,DOGE,YES_OUTSIDER,"[0.15,0.20)",OK,"[-0.641003, 0.110283]",0.943528,9.148326,1.0
gross,69,25,0.1449,-23.3511,-0.338422,3.5649,-1.0,3.5649,30.3043,-1.0,4.0,-0.5139,-0.8176,-42.442,GRID,T-5,DOGE,YES_OUTSIDER,"[0.20,0.25)",OK,"[-0.742717, 0.078072]",0.955022,8.264566,1.0
gross,63,21,0.1429,-30.1049,-0.477856,2.655,-1.0,2.655,31.8086,-1.0,3.0,-0.2891,-0.4643,-44.0837,GRID,T-5,DOGE,YES_OUTSIDER,"[0.25,0.30)",OK,"[-0.781974, -0.160747]",0.996002,6.12445,1.0
gross,41,20,0.2927,-3.4388,-0.083872,2.1301,-1.0,2.1301,11.3141,-1.0,2.3333,-2.0043,-3.2696,-14.682,GRID,T-5,DOGE,YES_OUTSIDER,"[0.30,0.35)",OK,"[-0.555548, 0.421421]",0.615192,5.596729,1.0
gross,65,24,0.3846,2.4012,0.036942,1.696,-1.0,1.696,9.9438,-1.0,1.8571,2.3203,3.8671,-6.8845,GRID,T-5,DOGE,YES_OUTSIDER,"[0.35,0.40)",OK,"[-0.221592, 0.317357]",0.362819,3.06458,1.0
gross,103,25,0.4272,-2.5588,-0.024842,1.2828,-1.0,1.2828,17.2198,-1.0,1.5,-1.7587,-2.9311,-10.0588,GRID,T-5,DOGE,YES_OUTSIDER,"[0.40,0.50)",OK,"[-0.248424, 0.168513]",0.586207,4.743381,1.0
gross,36,18,0.4444,-4.9829,-0.138414,0.9386,-1.0,0.9386,9.5342,-1.0,1.0,-0.6021,-1.0034,-9.9829,GRID,T-5,DOGE,YES_OUTSIDER,"[0.50,0.60)",OK,"[-0.439446, 0.25517]",0.76012,2.797459,1.0
gross,3,3,0.3333,-1.3607,-0.453552,0.6393,-1.0,0.6393,1.3607,-1.0,0.6393,1.0,1.0,0.0,GRID,T-5,DOGE,YES_OUTSIDER,"[0.60,0.70)",INSUFFICIENT_SAMPLE,,,,
gross,3,2,0.3333,-1.9899,-0.6633,0.0101,-1.0,0.0101,2.0,-1.0,0.0101,1.0,1.0,0.0,GRID,T-5,DOGE,YES_OUTSIDER,"[0.90,0.99]",INSUFFICIENT_SAMPLE,,,,
gross,44,23,0.9773,-0.9007,-0.020471,0.0023,-1.0,0.0023,1.0,0.002,0.006,-0.0179,-0.0268,-0.9248,GRID,T-5,ETH,YES_FAVORITE,ABOVE_0.99,OK,"[-0.081216, 0.002649]",0.746127,0.041974,1.0
gross,87,25,0.5862,4.9879,0.057332,0.8037,-1.0,0.8037,7.1569,0.6949,0.9608,0.5779,0.9556,0.2217,GRID,T-5,ETH,YES_FAVORITE,"[0.50,0.60)",OK,"[-0.105462, 0.237427]",0.255872,2.18437,1.0
gross,89,25,0.7416,13.078,0.146944,0.5466,-1.0,0.5466,4.7831,0.5152,0.6667,0.1529,0.2528,9.772,GRID,T-5,ETH,YES_FAVORITE,"[0.60,0.70)",OK,"[0.00842, 0.286519]",0.024488,1.715145,1.0
gross,115,27,0.7826,5.4924,0.04776,0.3388,-1.0,0.3388,3.691,0.3158,0.4286,0.2341,0.3901,3.3495,GRID,T-5,ETH,YES_FAVORITE,"[0.70,0.80)",OK,"[-0.035537, 0.135388]",0.114443,0.898713,1.0
gross,162,27,0.8704,4.3692,0.026971,0.1799,-1.0,0.1799,4.0158,0.1628,0.25,0.1717,0.2861,3.1192,GRID,T-5,ETH,YES_FAVORITE,"[0.80,0.90)",OK,"[-0.028081, 0.085786]",0.165917,0.739248,1.0
gross,339,27,0.9322,-8.9181,-0.026307,0.0446,-1.0,0.0446,10.5026,0.0309,0.1111,-0.0374,-0.0623,-9.4737,GRID,T-5,ETH,YES_FAVORITE,"[0.90,0.99]",OK,"[-0.064723, 0.006962]",0.922039,1.358673,1.0
gross,13,12,0.0,-13.0,-1.0,0.0,-1.0,0.0,13.0,-1.0,-1.0,0.2308,0.3846,-8.0,GRID,T-5,ETH,YES_OUTSIDER,BELOW_0.01,OK,"[-1.0, -1.0]",1.0,0.076389,1.0
gross,186,27,0.0108,-102.6667,-0.551971,40.6667,-1.0,40.6667,127.6667,-1.0,49.0,-0.7825,-0.763,-181.0,GRID,T-5,ETH,YES_OUTSIDER,"[0.01,0.05)",OK,"[-1.0, 0.072607]",0.991504,103.878676,1.0
gross,154,28,0.0584,-23.4841,-0.152494,13.5018,-1.0,13.5018,56.0,-1.0,19.0,-2.1433,-3.2748,-100.3889,GRID,T-5,ETH,YES_OUTSIDER,"[0.05,0.10)",OK,"[-0.630848, 0.361317]",0.725637,49.619858,1.0
gross,100,28,0.1,-18.3383,-0.183383,7.1662,-1.0,7.1662,29.4073,-1.0,9.0,-1.3732,-2.173,-58.1868,GRID,T-5,ETH,YES_OUTSIDER,"[0.10,0.15)",OK,"[-0.559652, 0.223905]",0.837581,13.100362,1.0
gross,93,26,0.0968,-38.7353,-0.416509,5.0294,-1.0,5.0294,38.7353,-1.0,5.6667,-0.4281,-0.6897,-65.451,GRID,T-5,ETH,YES_OUTSIDER,"[0.15,0.20)",OK,"[-0.74559, -0.064038]",0.992504,10.307125,1.0
gross,67,23,0.2388,8.7058,0.129938,3.7316,-1.0,3.7316,14.2381,-1.0,4.0,1.3784,2.2973,-11.2942,GRID,T-5,ETH,YES_OUTSIDER,"[0.20,0.25)",OK,"[-0.327825, 0.625999]",0.288856,11.51454,1.0
gross,64,24,0.1719,-22.7491,-0.355455,2.7501,-1.0,2.7501,22.7491,-1.0,3.0,-0.3889,-0.6391,-37.2876,GRID,T-5,ETH,YES_OUTSIDER,"[0.25,0.30)",OK,"[-0.692644, 0.002741]",0.974513,5.172718,1.0
gross,48,20,0.4167,13.9585,0.290802,2.0979,-1.0,2.0979,5.0,-1.0,2.3333,0.5015,0.8281,2.3994,GRID,T-5,ETH,YES_OUTSIDER,"[0.30,0.35)",OK,"[-0.037456, 0.639427]",0.031984,3.032595,1.0
gross,41,21,0.3902,2.1716,0.052966,1.6982,-1.0,1.6982,11.4402,-1.0,1.8571,2.5656,4.2028,-6.9554,GRID,T-5,ETH,YES_OUTSIDER,"[0.35,0.40)",OK,"[-0.386453, 0.585167]",0.424288,5.009853,1.0
gross,88,27,0.5,9.9204,0.112732,1.2255,-1.0,1.2255,9.6605,0.0204,1.5,0.4536,0.7437,2.5423,GRID,T-5,ETH,YES_OUTSIDER,"[0.40,0.50)",OK,"[-0.122159, 0.319868]",0.151424,3.682679,1.0
gross,18,11,0.5556,1.579,0.087723,0.9579,-1.0,0.9579,4.0392,0.8868,1.0,1.8999,3.1417,-3.3818,GRID,T-5,ETH,YES_OUTSIDER,"[0.50,0.60)",OK,"[-0.436356, 0.569222]",0.36082,2.262661,1.0
gross,1,1,0.0,-1.0,-1.0,0.0,-1.0,0.0,1.0,-1.0,-1.0,1.0,1.0,0.0,GRID,T-5,ETH,YES_OUTSIDER,"[0.90,0.99]",INSUFFICIENT_SAMPLE,,,,
gross,42,22,1.0,0.0843,0.002006,0.002,0.0,,0.0,0.001,0.0081,0.227,0.3223,0.0571,GRID,T-5,SOL,YES_FAVORITE,ABOVE_0.99,OK,"[0.001608, 0.002567]",0.0005,8e-06,0.1555
gross,100,25,0.52,-5.8397,-0.058397,0.8108,-1.0,0.8108,8.0919,0.6949,0.9608,-0.4936,-0.8226,-10.6437,GRID,T-5,SOL,YES_FAVORITE,"[0.50,0.60)",OK,"[-0.203196, 0.06889]",0.806597,1.765856,1.0
gross,75,26,0.68,3.0063,0.040084,0.5295,-1.0,0.5295,5.1271,0.4925,0.6667,0.6653,1.0906,-0.2724,GRID,T-5,SOL,YES_FAVORITE,"[0.60,0.70)",OK,"[-0.13474, 0.210821]",0.315342,1.864672,1.0
gross,118,27,0.7542,1.4507,0.012294,0.3421,-1.0,0.3421,6.1931,0.3072,0.4286,0.8863,1.4772,-0.6922,GRID,T-5,SOL,YES_FAVORITE,"[0.70,0.80)",OK,"[-0.088931, 0.111981]",0.417791,1.272318,1.0
gross,135,26,0.8296,-2.9286,-0.021693,0.1792,-1.0,0.1792,4.6224,0.1628,0.25,-0.2561,-0.4268,-4.1786,GRID,T-5,SOL,YES_FAVORITE,"[0.80,0.90)",OK,"[-0.100084, 0.040414]",0.717141,0.877439,1.0
gross,378,27,0.9444,-7.8083,-0.020657,0.037,-1.0,0.037,8.1293,0.0204,0.1111,-0.0427,-0.0711,-8.3638,GRID,T-5,SOL,YES_FAVORITE,"[0.90,0.99]",OK,"[-0.04925, 0.002913]",0.928536,0.821136,1.0
gross,6,6,0.0,-6.0,-1.0,0.0,-1.0,0.0,6.0,-1.0,-1.0,0.5,0.8333,-1.0,GRID,T-5,SOL,YES_OUTSIDER,BELOW_0.01,INSUFFICIENT_SAMPLE,,,,
gross,179,28,0.0335,54.3333,0.303538,37.8889,-1.0,37.8889,87.0,-1.0,49.0,2.7055,3.7423,-149.0,GRID,T-5,SOL,YES_OUTSIDER,"[0.01,0.05)",OK,"[-0.54023, 1.131783]",0.265367,222.857568,1.0
gross,147,27,0.0272,-81.6032,-0.555124,15.3492,-1.0,15.3492,81.6032,-1.0,19.0,-0.6285,-0.7401,-142.0,GRID,T-5,SOL,YES_OUTSIDER,"[0.05,0.10)",OK,"[-0.917081, -0.092971]",0.999,37.520324,1.0
gross,101,27,0.099,-16.8213,-0.166547,7.4179,-1.0,7.4179,28.9641,-1.0,9.0,-1.6051,-2.5221,-59.2455,GRID,T-5,SOL,YES_OUTSIDER,"[0.10,0.15)",OK,"[-0.574677, 0.321212]",0.773113,18.644111,1.0
gross,86,27,0.1512,-12.2857,-0.142857,4.6703,-1.0,4.6703,30.7565,-1.0,5.25,-1.2521,-2.0469,-37.4327,GRID,T-5,SOL,YES_OUTSIDER,"[0.15,0.20)",OK,"[-0.551177, 0.365446]",0.732634,15.542609,1.0
gross,76,26,0.1711,-17.8511,-0.234883,3.473,-1.0,3.473,21.7299,-1.0,4.0,-0.6722,-1.0695,-36.942,GRID,T-5,SOL,YES_OUTSIDER,"[0.20,0.25)",OK,"[-0.55176, 0.085056]",0.902549,6.507945,1.0
gross,63,23,0.254,-3.3106,-0.052549,2.7306,-1.0,2.7306,17.2766,-1.0,3.0,-2.7185,-4.4844,-18.1568,GRID,T-5,SOL,YES_OUTSIDER,"[0.25,0.30)",OK,"[-0.461214, 0.405041]",0.592204,8.241373,1.0
gross,48,22,0.2708,-7.1306,-0.148553,2.1438,-1.0,2.1438,16.6384,-1.0,2.3333,-0.9515,-1.5758,-18.3671,GRID,T-5,SOL,YES_OUTSIDER,"[0.30,0.35)",OK,"[-0.586943, 0.357545]",0.733633,6.833209,1.0
gross,48,24,0.4375,8.6897,0.181036,1.6995,-1.0,1.6995,10.0,-1.0,1.8571,0.6412,1.0595,-0.5166,GRID,T-5,SOL,YES_OUTSIDER,"[0.35,0.40)",OK,"[-0.278481, 0.60464]",0.224388,5.428703,1.0
gross,102,26,0.4118,-8.4829,-0.083166,1.2266,-1.0,1.2266,16.47,-1.0,1.5,-0.5233,-0.8626,-15.8,GRID,T-5,SOL,YES_OUTSIDER,"[0.40,0.50)",OK,"[-0.377188, 0.208344]",0.721139,9.182405,1.0
gross,27,13,0.5185,0.432,0.015999,0.9594,-1.0,0.9594,6.1176,0.8182,1.0,6.9449,11.5749,-4.568,GRID,T-5,SOL,YES_OUTSIDER,"[0.50,0.60)",OK,"[-0.375466, 0.385761]",0.456272,1.927536,1.0
gross,1,1,0.0,-1.0,-1.0,0.0,-1.0,0.0,1.0,-1.0,-1.0,1.0,1.0,0.0,GRID,T-5,SOL,YES_OUTSIDER,"[0.60,0.70)",INSUFFICIENT_SAMPLE,,,,
gross,2,1,0.5,-0.9796,-0.489796,0.0204,-1.0,0.0204,1.0,-0.4898,0.0204,1.0,1.0,0.0,GRID,T-5,SOL,YES_OUTSIDER,"[0.90,0.99]",INSUFFICIENT_SAMPLE,,,,
gross,32,19,1.0,0.0632,0.001975,0.002,0.0,,0.0,0.001,0.0091,0.2867,0.3819,0.0391,GRID,T-5,XRP,YES_FAVORITE,ABOVE_0.99,OK,"[0.001451, 0.002598]",0.0005,7e-06,0.1555
gross,77,24,0.6104,8.3462,0.108392,0.8159,-1.0,0.8159,4.4297,0.7241,0.9608,0.3453,0.5756,3.5423,GRID,T-5,XRP,YES_FAVORITE,"[0.50,0.60)",OK,"[-0.013747, 0.308416]",0.034983,0.979497,1.0
gross,108,27,0.6574,1.4752,0.013659,0.5419,-1.0,0.5419,6.4781,0.4706,0.6667,1.3558,2.2225,-1.8035,GRID,T-5,XRP,YES_FAVORITE,"[0.60,0.70)",OK,"[-0.154859, 0.163284]",0.441779,2.811525,1.0
gross,119,26,0.7311,-3.5026,-0.029434,0.3276,-1.0,0.3276,5.5478,0.2987,0.4286,-0.3671,-0.606,-5.6254,GRID,T-5,XRP,YES_FAVORITE,"[0.70,0.80)",OK,"[-0.127256, 0.059121]",0.742129,1.21577,1.0
gross,147,28,0.7959,-9.4704,-0.064425,0.1755,-1.0,0.1755,10.9083,0.1628,0.25,-0.0792,-0.132,-10.7204,GRID,T-5,XRP,YES_FAVORITE,"[0.80,0.90)",OK,"[-0.132203, -0.001372]",0.983008,0.827903,1.0
gross,378,28,0.9444,-6.8294,-0.018067,0.0397,-1.0,0.0397,11.1549,0.0309,0.1111,-0.0488,-0.0813,-7.3849,GRID,T-5,XRP,YES_FAVORITE,"[0.90,0.99]",OK,"[-0.042262, 0.004544]",0.937531,0.751076,1.0
gross,17,11,0.0,-17.0,-1.0,0.0,-1.0,0.0,17.0,-1.0,-1.0,0.1765,0.2941,-12.0,GRID,T-5,XRP,YES_OUTSIDER,BELOW_0.01,OK,"[-1.0, -1.0]",1.0,0.61157,1.0
gross,182,27,0.0165,-73.6667,-0.404762,35.1111,-1.0,35.1111,92.0,-1.0,49.0,-1.4299,-1.4027,-177.0,GRID,T-5,XRP,YES_OUTSIDER,"[0.01,0.05)",OK,"[-1.0, 0.372549]",0.872564,157.127876,1.0
gross,145,26,0.069,-3.1349,-0.02162,13.1865,-1.0,13.1865,49.0,-1.0,15.6667,-14.9924,-23.4684,-76.7064,GRID,T-5,XRP,YES_OUTSIDER,"[0.05,0.10)",OK,"[-0.59115, 0.749241]",0.497751,92.868171,1.0
gross,106,25,0.0566,-53.7406,-0.506987,7.7099,-1.0,7.7099,56.4329,-1.0,9.0,-0.4855,-0.7465,-93.8571,GRID,T-5,XRP,YES_OUTSIDER,"[0.10,0.15)",OK,"[-0.823077, -0.127931]",1.0,14.770554,1.0
gross,73,26,0.0685,-44.7105,-0.612473,4.6579,-1.0,4.6579,49.2237,-1.0,5.25,-0.3302,-0.5209,-68.0,GRID,T-5,XRP,YES_OUTSIDER,"[0.15,0.20)",OK,"[-0.902344, -0.297044]",1.0,5.542494,1.0
gross,56,20,0.1429,-19.5281,-0.348717,3.559,-1.0,3.559,25.0519,-1.0,3.7619,-0.5779,-0.9521,-38.1212,GRID,T-5,XRP,YES_OUTSIDER,"[0.20,0.25)",OK,"[-0.770022, 0.072588]",0.966017,6.216297,1.0
gross,54,24,0.2407,-7.3925,-0.136898,2.5852,-1.0,2.5852,17.9409,-1.0,2.8462,-1.1165,-1.8301,-20.9212,GRID,T-5,XRP,YES_OUTSIDER,"[0.25,0.30)",OK,"[-0.463025, 0.270552]",0.751624,4.451725,1.0
gross,49,22,0.2245,-15.259,-0.311407,2.0674,-1.0,2.0674,15.259,-1.0,2.2258,-0.431,-0.7095,-26.0856,GRID,T-5,XRP,YES_OUTSIDER,"[0.30,0.35)",OK,"[-0.600251, -0.031918]",0.987006,2.185909,1.0
gross,48,24,0.3333,-4.7843,-0.099674,1.701,-1.0,1.701,8.4605,-1.0,1.8571,-1.1479,-1.8911,-13.832,GRID,T-5,XRP,YES_OUTSIDER,"[0.35,0.40)",OK,"[-0.387627, 0.227406]",0.738631,2.187528,1.0
gross,100,26,0.44,-1.7385,-0.017385,1.2332,-1.0,1.2332,14.6613,-1.0,1.5,-2.5884,-4.2789,-9.1776,GRID,T-5,XRP,YES_OUTSIDER,"[0.40,0.50)",OK,"[-0.184753, 0.161928]",0.56072,3.015214,1.0
gross,28,14,0.5357,1.3075,0.046697,0.9538,-1.0,0.9538,3.0392,0.8868,1.0,2.2944,3.794,-3.6533,GRID,T-5,XRP,YES_OUTSIDER,"[0.50,0.60)",OK,"[-0.191036, 0.332358]",0.338331,0.94653,1.0
gross,2,1,0.0,-2.0,-1.0,0.0,-1.0,0.0,2.0,-1.0,-1.0,1.0,1.0,0.0,GRID,T-5,XRP,YES_OUTSIDER,"[0.90,0.99]",INSUFFICIENT_SAMPLE,,,,
gross,4,4,1.0,0.0181,0.004529,0.0045,0.0,,0.0,0.004,0.0091,0.9447,1.0,0.0,GRID,T-8,BTC,YES_FAVORITE,ABOVE_0.99,INSUFFICIENT_SAMPLE,,,,
gross,157,28,0.5924,13.87,0.088344,0.8373,-1.0,0.8373,6.6001,0.7241,0.9608,0.2078,0.3464,9.0661,GRID,T-8,BTC,YES_FAVORITE,"[0.50,0.60)",OK,"[-0.071197, 0.265809]",0.152424,6.260434,1.0
gross,172,27,0.6453,-0.4173,-0.002426,0.5458,-1.0,0.5458,8.5626,0.4706,0.6667,-4.793,-7.9883,-3.7506,GRID,T-8,BTC,YES_FAVORITE,"[0.60,0.70)",OK,"[-0.114325, 0.108644]",0.518741,3.609299,1.0
gross,170,26,0.7353,-1.9978,-0.011752,0.344,-1.0,0.344,16.1951,0.3158,0.4286,-0.6436,-1.0726,-4.1406,GRID,T-8,BTC,YES_FAVORITE,"[0.70,0.80)",OK,"[-0.105488, 0.086153]",0.610195,2.756174,1.0
gross,223,27,0.843,-0.1117,-0.000501,0.1856,-1.0,0.1856,6.9298,0.1628,0.25,-6.7166,-11.1943,-1.3617,GRID,T-8,BTC,YES_FAVORITE,"[0.80,0.90)",OK,"[-0.058099, 0.058992]",0.504248,1.59279,1.0
gross,176,27,0.9375,-0.1398,-0.000795,0.0658,-1.0,0.0658,3.2572,0.0638,0.1111,-2.3837,-3.9728,-0.6954,GRID,T-8,BTC,YES_FAVORITE,"[0.90,0.99]",OK,"[-0.041748, 0.032137]",0.526737,0.378772,1.0
gross,1,1,0.0,-1.0,-1.0,0.0,-1.0,0.0,1.0,-1.0,-1.0,1.0,1.0,0.0,GRID,T-8,BTC,YES_OUTSIDER,BELOW_0.01,INSUFFICIENT_SAMPLE,,,,
gross,26,18,0.0,-26.0,-1.0,0.0,-1.0,0.0,26.0,-1.0,-1.0,0.1154,0.1923,-21.0,GRID,T-8,BTC,YES_OUTSIDER,"[0.01,0.05)",OK,"[-1.0, -1.0]",1.0,0.469136,1.0
gross,98,27,0.0408,-31.2143,-0.318513,15.6964,-1.0,15.6964,37.0,-1.0,19.0,-1.643,-1.9794,-93.0,GRID,T-8,BTC,YES_OUTSIDER,"[0.05,0.10)",OK,"[-1.0, 0.389675]",0.824088,41.421782,1.0
gross,87,26,0.0575,-46.0476,-0.529283,7.1905,-1.0,7.1905,46.0476,-1.0,9.0,-0.514,-0.7808,-82.0,GRID,T-8,BTC,YES_OUTSIDER,"[0.10,0.15)",OK,"[-0.843675, -0.16053]",1.0,9.219609,1.0
gross,103,27,0.1553,-9.3003,-0.090294,4.8562,-1.0,4.8562,21.1944,-1.0,5.6667,-1.7831,-2.9121,-36.3836,GRID,T-8,BTC,YES_OUTSIDER,"[0.15,0.20)",OK,"[-0.464342, 0.275995]",0.669165,13.980049,1.0
gross,106,26,0.1698,-25.0561,-0.236378,3.4969,-1.0,3.4969,32.4379,-1.0,4.0,-0.4694,-0.7697,-44.3418,GRID,T-8,BTC,YES_OUTSIDER,"[0.20,0.25)",OK,"[-0.522388, 0.068923]",0.922039,11.113643,1.0
gross,89,25,0.2247,-14.8142,-0.166452,2.7093,-1.0,2.7093,20.2625,-1.0,3.0,-0.6075,-1.0125,-29.8142,GRID,T-8,BTC,YES_OUTSIDER,"[0.25,0.30)",OK,"[-0.474198, 0.174664]",0.829085,9.041285,1.0
gross,90,26,0.3778,15.4662,0.171846,2.1019,-1.0,2.1019,6.0588,-1.0,2.3333,0.4526,0.7543,3.7995,GRID,T-8,BTC,YES_OUTSIDER,"[0.30,0.35)",OK,"[-0.105111, 0.427071]",0.09995,5.462511,1.0
gross,88,25,0.3068,-14.6274,-0.166221,1.7175,-1.0,1.7175,24.8665,-1.0,1.8571,-0.3809,-0.6348,-23.9131,GRID,T-8,BTC,YES_OUTSIDER,"[0.35,0.40)",OK,"[-0.357105, 0.029268]",0.953023,3.022844,1.0
gross,169,27,0.4615,7.7315,0.045749,1.2658,-1.0,1.2658,12.4533,-1.0,1.5,0.582,0.9701,0.2315,GRID,T-8,BTC,YES_OUTSIDER,"[0.40,0.50)",OK,"[-0.119329, 0.214842]",0.290355,7.617355,1.0
gross,23,15,0.2609,-11.0392,-0.479966,0.9935,-1.0,0.9935,12.0392,-1.0,1.0,-0.2718,-0.4529,-16.0392,GRID,T-8,BTC,YES_OUTSIDER,"[0.50,0.60)",OK,"[-0.77923, -0.090909]",0.991004,1.397046,1.0
gross,1,1,0.0,-1.0,-1.0,0.0,-1.0,0.0,1.0,-1.0,-1.0,1.0,1.0,0.0,GRID,T-8,BTC,YES_OUTSIDER,"[0.90,0.99]",INSUFFICIENT_SAMPLE,,,,
gross,118,25,0.4576,-19.4639,-0.164948,0.8247,-1.0,0.8247,20.1588,-1.0,0.9608,-0.1481,-0.2468,-24.2678,GRID,T-8,DOGE,YES_FAVORITE,"[0.50,0.60)",OK,"[-0.331079, -0.015359]",0.986507,3.080932,1.0
gross,153,26,0.5817,-15.4892,-0.101237,0.5451,-1.0,0.5451,24.6411,0.4493,0.6667,-0.1291,-0.2152,-18.8225,GRID,T-8,DOGE,YES_FAVORITE,"[0.60,0.70)",OK,"[-0.238039, 0.03447]",0.916542,4.58133,1.0
gross,180,26,0.7333,-3.2219,-0.017899,0.3392,-1.0,0.3392,9.502,0.2987,0.4286,-0.3991,-0.6651,-5.3648,GRID,T-8,DOGE,YES_FAVORITE,"[0.70,0.80)",OK,"[-0.090476, 0.053349]",0.690155,1.738802,1.0
gross,209,27,0.8373,-1.4332,-0.006858,0.1861,-1.0,0.1861,5.3496,0.1765,0.25,-0.5233,-0.8722,-2.6832,GRID,T-8,DOGE,YES_FAVORITE,"[0.80,0.90)",OK,"[-0.058441, 0.045771]",0.610195,1.203494,1.0
gross,256,27,0.9766,6.4849,0.025332,0.0499,-1.0,0.0499,1.819,0.0417,0.1111,0.0514,0.0857,5.9293,GRID,T-8,DOGE,YES_FAVORITE,"[0.90,0.99]",OK,"[0.005316, 0.042275]",0.003498,0.235358,1.0
gross,29,16,0.1034,71.0,2.448276,32.3333,-1.0,32.3333,14.0,-1.0,49.0,1.3662,1.338,-24.0,GRID,T-8,DOGE,YES_OUTSIDER,"[0.01,0.05)",OK,"[-1.0, 6.051282]",0.109445,181.746094,1.0
gross,98,27,0.0204,-75.7778,-0.773243,10.1111,-1.0,10.1111,75.7778,-1.0,10.1111,-0.2537,-0.2273,-93.0,GRID,T-8,DOGE,YES_OUTSIDER,"[0.05,0.10)",OK,"[-1.0, -0.196787]",1.0,26.157835,1.0
gross,104,26,0.1154,-3.4555,-0.033226,7.3787,-1.0,7.3787,24.9091,-1.0,9.0,-7.5504,-12.0141,-44.9707,GRID,T-8,DOGE,YES_OUTSIDER,"[0.10,0.15)",OK,"[-0.486714, 0.447188]",0.547726,24.199505,1.0
gross,90,27,0.0778,-50.0211,-0.55579,4.7113,-1.0,4.7113,50.0211,-1.0,5.25,-0.3002,-0.4888,-74.4737,GRID,T-8,DOGE,YES_OUTSIDER,"[0.15,0.20)",OK,"[-0.855253, -0.202155]",1.0,8.266549,1.0
gross,101,27,0.198,-9.1743,-0.090835,3.5913,-1.0,3.5913,23.0375,-1.0,4.0,-1.308,-2.1281,-28.6981,GRID,T-8,DOGE,YES_OUTSIDER,"[0.20,0.25)",OK,"[-0.349028, 0.179128]",0.753123,6.464593,1.0
gross,88,26,0.1705,-33.0678,-0.37577,2.6621,-1.0,2.6621,34.3622,-1.0,3.0,-0.2722,-0.4443,-47.7601,GRID,T-8,DOGE,YES_OUTSIDER,"[0.25,0.30)",OK,"[-0.676047, -0.022718]",0.985507,9.509966,1.0
gross,82,25,0.3049,-4.0188,-0.04901,2.1192,-1.0,2.1192,12.0041,-1.0,2.3333,-1.7418,-2.8762,-15.578,GRID,T-8,DOGE,YES_OUTSIDER,"[0.30,0.35)",OK,"[-0.274986, 0.194025]",0.676162,3.966754,1.0
gross,61,26,0.3934,3.7541,0.061543,1.6981,-1.0,1.6981,8.4215,-1.0,1.8571,1.4841,2.4735,-5.5316,GRID,T-8,DOGE,YES_OUTSIDER,"[0.35,0.40)",OK,"[-0.211091, 0.351482]",0.308846,3.057382,1.0
gross,168,28,0.4643,6.3721,0.037929,1.2355,-1.0,1.2355,13.5121,-1.0,1.5,0.7062,1.1674,-1.0669,GRID,T-8,DOGE,YES_OUTSIDER,"[0.40,0.50)",OK,"[-0.131089, 0.207762]",0.326837,7.044238,1.0
gross,40,22,0.35,-12.9646,-0.324114,0.9311,-1.0,0.9311,15.4519,-1.0,1.0,-0.2314,-0.3826,-17.9253,GRID,T-8,DOGE,YES_OUTSIDER,"[0.50,0.60)",OK,"[-0.652695, -0.046116]",0.993003,1.422944,1.0
gross,1,1,0.0,-1.0,-1.0,0.0,-1.0,0.0,1.0,-1.0,-1.0,1.0,1.0,0.0,GRID,T-8,DOGE,YES_OUTSIDER,"[0.60,0.70)",INSUFFICIENT_SAMPLE,,,,
gross,3,2,0.3333,-1.9899,-0.6633,0.0101,-1.0,0.0101,2.0,-1.0,0.0101,1.0,1.0,0.0,GRID,T-8,DOGE,YES_OUTSIDER,"[0.90,0.99]",INSUFFICIENT_SAMPLE,,,,
gross,1,1,1.0,0.001,0.001001,0.001,0.0,,0.0,0.001,0.001,1.0,1.0,0.0,GRID,T-8,ETH,YES_FAVORITE,ABOVE_0.99,INSUFFICIENT_SAMPLE,,,,
gross,153,28,0.5229,-6.5927,-0.04309,0.8301,-1.0,0.8301,12.9213,0.6949,0.9608,-0.4372,-0.7287,-11.3966,GRID,T-8,ETH,YES_FAVORITE,"[0.50,0.60)",OK,"[-0.167584, 0.094701]",0.733633,3.696383,1.0
gross,162,25,0.6358,-2.3045,-0.014225,0.5504,-1.0,0.5504,9.4576,0.4816,0.6667,-0.8679,-1.4464,-5.6378,GRID,T-8,ETH,YES_FAVORITE,"[0.60,0.70)",OK,"[-0.117509, 0.086692]",0.623188,2.88519,1.0
gross,173,28,0.8035,13.3474,0.077153,0.3406,-1.0,0.3406,3.3767,0.3158,0.4286,0.0963,0.1605,11.2045,GRID,T-8,ETH,YES_FAVORITE,"[0.70,0.80)",OK,"[0.008725, 0.137958]",0.01949,1.307671,1.0
gross,197,27,0.8376,-1.1981,-0.006082,0.1867,-1.0,0.1867,6.3054,0.1765,0.25,-0.626,-1.0433,-2.4481,GRID,T-8,ETH,YES_FAVORITE,"[0.80,0.90)",OK,"[-0.069473, 0.057036]",0.586707,1.49693,1.0
gross,212,27,0.9481,0.4504,0.002125,0.057,-1.0,0.057,2.6146,0.0526,0.1111,0.7401,1.2334,-0.1051,GRID,T-8,ETH,YES_FAVORITE,"[0.90,0.99]",OK,"[-0.025265, 0.02828]",0.457771,0.317943,1.0
gross,58,24,0.0,-58.0,-1.0,0.0,-1.0,0.0,58.0,-1.0,-1.0,0.0517,0.0862,-53.0,GRID,T-8,ETH,YES_OUTSIDER,"[0.01,0.05)",OK,"[-1.0, -1.0]",1.0,1.826389,1.0
gross,88,25,0.0227,-51.3333,-0.583333,17.3333,-1.0,17.3333,64.0,-1.0,19.0,-0.6558,-0.6169,-83.0,GRID,T-8,ETH,YES_OUTSIDER,"[0.05,0.10)",OK,"[-1.0, 0.031746]",0.9995,22.654934,1.0
gross,78,26,0.0769,-29.3553,-0.37635,7.1074,-1.0,7.1074,35.4982,-1.0,9.0,-0.8062,-1.2434,-65.8571,GRID,T-8,ETH,YES_OUTSIDER,"[0.10,0.15)",OK,"[-0.78022, 0.074553]",0.964018,11.503444,1.0
gross,106,27,0.1226,-29.5715,-0.278977,4.8791,-1.0,4.8791,31.7858,-1.0,5.6667,-0.5749,-0.9299,-57.0715,GRID,T-8,ETH,YES_OUTSIDER,"[0.15,0.20)",OK,"[-0.678824, 0.171174]",0.928536,17.273895,1.0
gross,97,27,0.2165,-1.8842,-0.019425,3.5293,-1.0,3.5293,21.971,-1.0,4.0,-6.3686,-10.6143,-21.8842,GRID,T-8,ETH,YES_OUTSIDER,"[0.20,0.25)",OK,"[-0.381705, 0.403652]",0.515742,13.689173,1.0
gross,91,26,0.2857,6.2848,0.069064,2.7417,-1.0,2.7417,21.175,-1.0,3.0,1.432,2.3377,-8.4075,GRID,T-8,ETH,YES_OUTSIDER,"[0.25,0.30)",OK,"[-0.240914, 0.404296]",0.337331,8.974487,1.0
gross,83,26,0.241,-19.9737,-0.240647,2.1513,-1.0,2.1513,26.588,-1.0,2.3333,-0.3505,-0.5841,-31.6404,GRID,T-8,ETH,YES_OUTSIDER,"[0.30,0.35)",OK,"[-0.56646, 0.157458]",0.888556,9.69468,1.0
gross,80,24,0.2375,-28.9968,-0.36246,1.6844,-1.0,1.6844,36.2591,-1.0,1.8571,-0.1921,-0.3175,-38.2032,GRID,T-8,ETH,YES_OUTSIDER,"[0.35,0.40)",OK,"[-0.612619, -0.099254]",0.995002,4.991012,1.0
gross,158,28,0.4367,-3.1787,-0.020118,1.2438,-1.0,1.2438,14.71,-1.0,1.5,-1.4157,-2.3595,-10.6787,GRID,T-8,ETH,YES_OUTSIDER,"[0.40,0.50)",OK,"[-0.190184, 0.162116]",0.588206,7.201299,1.0
gross,29,16,0.5172,0.9231,0.03183,0.9949,-1.0,0.9949,4.0,0.9231,1.0,3.25,5.4167,-4.0769,GRID,T-8,ETH,YES_OUTSIDER,"[0.50,0.60)",OK,"[-0.333333, 0.333333]",0.436282,1.530695,1.0
gross,1,1,0.0,-1.0,-1.0,0.0,-1.0,0.0,1.0,-1.0,-1.0,1.0,1.0,0.0,GRID,T-8,ETH,YES_OUTSIDER,"[0.90,0.99]",INSUFFICIENT_SAMPLE,,,,
gross,4,3,1.0,0.011,0.002762,0.0028,0.0,,0.0,0.002,0.006,0.9094,1.0,0.0,GRID,T-8,SOL,YES_FAVORITE,ABOVE_0.99,INSUFFICIENT_SAMPLE,,,,
gross,119,26,0.5126,-7.3692,-0.061926,0.83,-1.0,0.83,14.147,0.6949,0.9608,-0.3911,-0.6519,-12.1732,GRID,T-8,SOL,YES_FAVORITE,"[0.50,0.60)",OK,"[-0.229691, 0.085809]",0.764118,3.793016,1.0
gross,136,26,0.5662,-17.7955,-0.130849,0.5351,-1.0,0.5351,18.3026,0.4493,0.6667,-0.1124,-0.1858,-21.1015,GRID,T-8,SOL,YES_FAVORITE,"[0.60,0.70)",OK,"[-0.289312, 0.013815]",0.946027,4.314984,1.0
gross,179,27,0.7709,7.0961,0.039643,0.3485,-1.0,0.3485,3.5915,0.3158,0.4286,0.1812,0.302,4.9532,GRID,T-8,SOL,YES_FAVORITE,"[0.70,0.80)",OK,"[-0.005202, 0.096429]",0.051474,0.676947,1.0
gross,205,27,0.8439,-0.8358,-0.004077,0.1801,-1.0,0.1801,5.4542,0.1628,0.25,-0.8973,-1.4955,-2.0858,GRID,T-8,SOL,YES_FAVORITE,"[0.80,0.90)",OK,"[-0.039861, 0.033341]",0.568216,0.55728,1.0
gross,253,27,0.9407,-1.7596,-0.006955,0.0556,-1.0,0.0556,4.7625,0.0526,0.1111,-0.1894,-0.3157,-2.3152,GRID,T-8,SOL,YES_FAVORITE,"[0.90,0.99]",OK,"[-0.037873, 0.01815]",0.690655,0.460283,1.0
gross,39,18,0.0513,36.0,0.923077,36.5,-1.0,36.5,25.0,-1.0,49.0,2.0,1.9444,-34.0,GRID,T-8,SOL,YES_OUTSIDER,"[0.01,0.05)",OK,"[-1.0, 3.878049]",0.229385,155.777778,1.0
gross,97,28,0.0825,21.1746,0.218295,13.7718,-1.0,13.7718,30.0,-1.0,19.0,2.5345,3.705,-57.2778,GRID,T-8,SOL,YES_OUTSIDER,"[0.05,0.10)",OK,"[-0.514052, 0.990316]",0.278861,50.86246,1.0
gross,110,27,0.0455,-66.2821,-0.602564,7.7436,-1.0,7.7436,66.2821,-1.0,9.0,-0.3822,-0.5841,-105.0,GRID,T-8,SOL,YES_OUTSIDER,"[0.10,0.15)",OK,"[-0.89011, -0.317061]",1.0,8.430983,1.0
gross,94,25,0.1064,-33.8559,-0.36017,5.0144,-1.0,5.0144,44.3691,-1.0,5.6667,-0.5021,-0.8246,-61.7726,GRID,T-8,SOL,YES_OUTSIDER,"[0.15,0.20)",OK,"[-0.67176, -0.029554]",0.987506,9.868346,1.0
gross,86,26,0.1628,-22.9537,-0.266903,3.5033,-1.0,3.5033,29.9307,-1.0,4.0,-0.502,-0.8298,-42.0013,GRID,T-8,SOL,YES_OUTSIDER,"[0.20,0.25)",OK,"[-0.571487, 0.108369]",0.932034,9.171365,1.0
gross,98,26,0.2347,-14.7619,-0.150632,2.619,-1.0,2.619,21.2084,-1.0,3.0,-0.6097,-0.9856,-29.3118,GRID,T-8,SOL,YES_OUTSIDER,"[0.25,0.30)",OK,"[-0.41227, 0.144654]",0.855072,7.58221,1.0
gross,92,26,0.2935,-7.3004,-0.079352,2.137,-1.0,2.137,27.6081,-1.0,2.3333,-0.9589,-1.5834,-18.8595,GRID,T-8,SOL,YES_OUTSIDER,"[0.30,0.35)",OK,"[-0.372542, 0.231587]",0.696152,7.514227,1.0
gross,88,27,0.3068,-14.8804,-0.169095,1.7081,-1.0,1.7081,26.0286,-1.0,1.8571,-0.3744,-0.6187,-24.0867,GRID,T-8,SOL,YES_OUTSIDER,"[0.35,0.40)",OK,"[-0.399283, 0.110317]",0.904548,4.773946,1.0
gross,149,28,0.4228,-6.3172,-0.042397,1.2648,-1.0,1.2648,17.3729,-1.0,1.5,-0.7123,-1.1872,-13.8172,GRID,T-8,SOL,YES_OUTSIDER,"[0.40,0.50)",OK,"[-0.212977, 0.152838]",0.666667,6.820691,1.0
gross,31,16,0.2903,-13.2686,-0.428018,0.9702,-1.0,0.9702,13.2686,-1.0,1.0,-0.2261,-0.3768,-18.2686,GRID,T-8,SOL,YES_OUTSIDER,"[0.50,0.60)",OK,"[-0.696775, -0.168755]",1.0,0.880695,1.0
gross,2,1,0.5,-0.9796,-0.489796,0.0204,-1.0,0.0204,1.0,-0.4898,0.0204,1.0,1.0,0.0,GRID,T-8,SOL,YES_OUTSIDER,"[0.90,0.99]",INSUFFICIENT_SAMPLE,,,,
gross,4,4,1.0,0.009,0.002258,0.0023,0.0,,0.0,0.0015,0.005,0.8892,1.0,-0.0,GRID,T-8,XRP,YES_FAVORITE,ABOVE_0.99,INSUFFICIENT_SAMPLE,,,,
gross,125,26,0.528,-5.6897,-0.045518,0.8077,-1.0,0.8077,13.8056,0.6949,0.9608,-0.5066,-0.8443,-10.4937,GRID,T-8,XRP,YES_FAVORITE,"[0.50,0.60)",OK,"[-0.219973, 0.119002]",0.711644,4.058818,1.0
gross,148,26,0.6081,-9.115,-0.061588,0.5432,-1.0,0.5432,17.2277,0.4706,0.6667,-0.2194,-0.3657,-12.4483,GRID,T-8,XRP,YES_FAVORITE,"[0.60,0.70)",OK,"[-0.161615, 0.039651]",0.886557,2.231641,1.0
gross,187,26,0.6684,-19.7525,-0.105628,0.338,-1.0,0.338,22.6009,0.2987,0.4286,-0.0651,-0.1085,-21.8954,GRID,T-8,XRP,YES_FAVORITE,"[0.70,0.80)",OK,"[-0.193525, -0.016638]",0.986007,3.058717,1.0
gross,216,27,0.8241,-5.7757,-0.026739,0.181,-1.0,0.181,7.2913,0.1628,0.25,-0.1299,-0.2164,-7.0257,GRID,T-8,XRP,YES_FAVORITE,"[0.80,0.90)",OK,"[-0.089474, 0.035233]",0.82059,1.544129,1.0
gross,232,27,0.9569,2.8509,0.012288,0.0579,-1.0,0.0579,3.9473,0.0526,0.1111,0.1169,0.1949,2.2954,GRID,T-8,XRP,YES_FAVORITE,"[0.90,0.99]",OK,"[-0.01684, 0.0376]",0.192904,0.381701,1.0
gross,1,1,0.0,-1.0,-1.0,0.0,-1.0,0.0,1.0,-1.0,-1.0,1.0,1.0,0.0,GRID,T-8,XRP,YES_OUTSIDER,BELOW_0.01,INSUFFICIENT_SAMPLE,,,,
gross,38,20,0.0263,-4.6667,-0.122807,32.3333,-1.0,32.3333,21.0,-1.0,32.3333,-6.5,-6.0714,-33.0,GRID,T-8,XRP,YES_OUTSIDER,"[0.01,0.05)",OK,"[-1.0, 1.962963]",0.605197,53.334443,1.0
gross,98,25,0.0408,-43.4365,-0.44323,12.6409,-1.0,12.6409,49.9365,-1.0,15.6667,-0.9313,-1.1411,-93.0,GRID,T-8,XRP,YES_OUTSIDER,"[0.05,0.10)",OK,"[-0.885452, 0.167976]",0.962519,28.073086,1.0
gross,113,25,0.0796,-37.632,-0.333027,7.3742,-1.0,7.3742,49.6234,-1.0,9.0,-0.6692,-1.079,-78.2381,GRID,T-8,XRP,YES_OUTSIDER,"[0.10,0.15)",OK,"[-0.720972, 0.122859]",0.944528,23.039444,1.0
gross,101,26,0.1089,-36.1191,-0.357615,4.8983,-1.0,4.8983,40.1469,-1.0,5.6667,-0.4707,-0.7512,-63.2515,GRID,T-8,XRP,YES_OUTSIDER,"[0.15,0.20)",OK,"[-0.653916, 0.007016]",0.951024,15.850749,1.0
gross,92,28,0.0978,-50.5446,-0.549398,3.6062,-1.0,3.6062,51.3665,-1.0,4.0,-0.228,-0.3768,-69.5922,GRID,T-8,XRP,YES_OUTSIDER,"[0.20,0.25)",OK,"[-0.855691, -0.205576]",0.998501,8.897297,1.0
gross,81,27,0.1728,-28.9757,-0.357725,2.716,-1.0,2.716,32.424,-1.0,3.0,-0.3106,-0.5071,-43.668,GRID,T-8,XRP,YES_OUTSIDER,"[0.25,0.30)",OK,"[-0.661337, -0.019226]",0.990005,6.638512,1.0
gross,75,23,0.32,-0.4229,-0.005639,2.1074,-1.0,2.1074,10.5981,-1.0,2.3333,-16.5527,-27.3336,-11.982,GRID,T-8,XRP,YES_OUTSIDER,"[0.30,0.35)",OK,"[-0.262426, 0.259242]",0.507746,4.371573,1.0
gross,81,25,0.3951,5.1335,0.063377,1.6917,-1.0,1.6917,12.3797,-1.0,1.8571,1.0853,1.8088,-4.1522,GRID,T-8,XRP,YES_OUTSIDER,"[0.35,0.40)",OK,"[-0.159536, 0.303314]",0.283858,3.591421,1.0
gross,155,27,0.4645,7.8706,0.050778,1.2621,-1.0,1.2621,12.8921,-1.0,1.5,0.5718,0.9529,0.3706,GRID,T-8,XRP,YES_OUTSIDER,"[0.40,0.50)",OK,"[-0.124546, 0.22113]",0.285857,7.054017,1.0
gross,28,16,0.5357,1.3147,0.046954,0.9543,-1.0,0.9543,3.3006,0.8693,1.0,2.2818,3.8031,-3.6853,GRID,T-8,XRP,YES_OUTSIDER,"[0.50,0.60)",OK,"[-0.307387, 0.36504]",0.364818,1.302512,1.0
gross,1,1,1.0,0.6393,0.639344,0.6393,0.0,,0.0,0.6393,0.6393,1.0,1.0,0.0,GRID,T-8,XRP,YES_OUTSIDER,"[0.60,0.70)",INSUFFICIENT_SAMPLE,,,,
gross,2,1,0.0,-2.0,-1.0,0.0,-1.0,0.0,2.0,-1.0,-1.0,1.0,1.0,0.0,GRID,T-8,XRP,YES_OUTSIDER,"[0.90,0.99]",INSUFFICIENT_SAMPLE,,,,
