measure,n,days,win_rate,pnl,expectancy,avg_win,avg_loss,payoff,max_drawdown,median,top1,top3_share,top5_share,ex_top5_pnl,entry_policy,entry_rule,variant,week
gross,536,7,0.6287,-15.14,-0.028246,0.5456,-1.0,0.5456,33.7519,0.2195,0.9608,-0.1904,-0.3173,-19.9439,FUNNEL,FUNNEL_OBSERVED,NO_FAVORITE,2026-W32
gross,178,6,0.6404,-3.6612,-0.020569,0.5293,-1.0,0.5293,16.1434,0.1364,0.9608,-0.7873,-1.3121,-8.4651,FUNNEL,FUNNEL_OBSERVED,NO_FAVORITE,2026-W33
gross,570,7,0.5333,-77.5231,-0.136005,0.62,-1.0,0.62,86.9879,0.0638,0.9608,-0.0372,-0.062,-82.327,FUNNEL,FUNNEL_OBSERVED,NO_FAVORITE,2026-W34
gross,310,7,0.6065,-12.5485,-0.040479,0.5822,-1.0,0.5822,18.2978,0.1494,0.9608,-0.2297,-0.3828,-17.3524,FUNNEL,FUNNEL_OBSERVED,NO_FAVORITE,2026-W35
gross,194,3,0.5619,-19.3996,-0.099998,0.6018,-1.0,0.6018,33.4531,0.0582,0.9608,-0.1486,-0.2476,-24.2035,FUNNEL,FUNNEL_OBSERVED,NO_FAVORITE,2026-W36
gross,893,7,0.4524,14.8504,0.01663,1.2472,-1.0,1.2472,38.4825,-1.0,10.1111,1.2967,1.7271,-10.7978,FUNNEL,FUNNEL_OBSERVED,NO_OUTSIDER,2026-W32
gross,1037,6,0.432,-36.4526,-0.035152,1.2334,-1.0,1.2334,61.0039,-1.0,2.4483,-0.1922,-0.3088,-47.71,FUNNEL,FUNNEL_OBSERVED,NO_OUTSIDER,2026-W33
gross,1228,7,0.4235,-101.3103,-0.0825,1.1667,-1.0,1.1667,152.0524,-1.0,3.0,-0.075,-0.1142,-112.8835,FUNNEL,FUNNEL_OBSERVED,NO_OUTSIDER,2026-W34
gross,1372,7,0.4431,-40.4775,-0.029503,1.19,-1.0,1.19,100.3362,-1.0,4.5556,-0.237,-0.3396,-54.2254,FUNNEL,FUNNEL_OBSERVED,NO_OUTSIDER,2026-W35
gross,550,3,0.4636,20.7407,0.03771,1.2382,-1.0,1.2382,29.0518,-1.0,2.8462,0.3376,0.5333,9.6787,FUNNEL,FUNNEL_OBSERVED,NO_OUTSIDER,2026-W36
gross,330,7,0.6515,-12.1192,-0.036725,0.4785,-1.0,0.4785,16.0116,0.2048,0.9608,-0.2378,-0.3964,-16.9232,FUNNEL,FUNNEL_OBSERVED,YES_FAVORITE,2026-W32
gross,139,6,0.6619,0.6175,0.004442,0.5176,-1.0,0.5176,20.1309,0.1905,0.9608,4.668,7.78,-4.1864,FUNNEL,FUNNEL_OBSERVED,YES_FAVORITE,2026-W33
gross,216,7,0.5833,-13.8286,-0.064021,0.6045,-1.0,0.6045,22.918,0.13,0.9608,-0.2084,-0.3474,-18.6325,FUNNEL,FUNNEL_OBSERVED,YES_FAVORITE,2026-W34
gross,208,7,0.6683,7.6754,0.036901,0.5516,-1.0,0.5516,9.4849,0.1905,0.9608,0.3755,0.6259,2.8715,FUNNEL,FUNNEL_OBSERVED,YES_FAVORITE,2026-W35
gross,80,3,0.6125,-2.703,-0.033788,0.5775,-1.0,0.5775,14.5547,0.105,0.9608,-1.0664,-1.7773,-7.5069,FUNNEL,FUNNEL_OBSERVED,YES_FAVORITE,2026-W36
gross,756,7,0.4312,-39.9792,-0.052883,1.1964,-1.0,1.1964,54.617,-1.0,3.3478,-0.2033,-0.3149,-52.567,FUNNEL,FUNNEL_OBSERVED,YES_OUTSIDER,2026-W32
gross,1192,6,0.4522,16.314,0.013686,1.2418,-1.0,1.2418,58.6052,-1.0,2.5714,0.4653,0.7655,3.8264,FUNNEL,FUNNEL_OBSERVED,YES_OUTSIDER,2026-W33
gross,885,7,0.4746,43.745,0.049429,1.2113,-1.0,1.2113,38.774,-1.0,3.3478,0.196,0.2931,30.9213,FUNNEL,FUNNEL_OBSERVED,YES_OUTSIDER,2026-W34
gross,1197,7,0.4177,-82.3499,-0.068797,1.2293,-1.0,1.2293,98.7238,-1.0,3.1667,-0.1025,-0.1606,-95.5733,FUNNEL,FUNNEL_OBSERVED,YES_OUTSIDER,2026-W35
gross,416,3,0.4183,-20.0662,-0.048236,1.2755,-1.0,1.2755,60.6861,-1.0,2.2258,-0.318,-0.5115,-30.3296,FUNNEL,FUNNEL_OBSERVED,YES_OUTSIDER,2026-W36
gross,742,7,0.686,15.9168,0.021451,0.489,-1.0,0.489,14.0756,0.3158,0.9608,0.1811,0.3018,11.1129,GRID,T-12,YES_FAVORITE,2026-W32
gross,1390,7,0.6863,23.2951,0.016759,0.4814,-1.0,0.4814,28.865,0.2987,0.9608,0.1237,0.2062,18.4911,GRID,T-12,YES_FAVORITE,2026-W33
gross,1389,7,0.7135,32.0366,0.023064,0.4339,-1.0,0.4339,32.8416,0.25,0.9608,0.09,0.15,27.2327,GRID,T-12,YES_FAVORITE,2026-W34
gross,1149,6,0.7145,14.0946,0.012267,0.4167,-1.0,0.4167,32.8452,0.25,0.9608,0.2045,0.3408,9.2906,GRID,T-12,YES_FAVORITE,2026-W35
gross,485,3,0.6557,-2.4965,-0.005148,0.5173,-1.0,0.5173,23.8064,0.2821,0.9608,-1.1545,-1.9242,-7.3005,GRID,T-12,YES_FAVORITE,2026-W36
gross,844,7,0.3187,-58.0427,-0.068771,1.9218,-1.0,1.9218,98.5343,-1.0,13.2857,-0.4659,-0.6612,-96.4193,GRID,T-12,YES_OUTSIDER,2026-W32
gross,1218,7,0.2923,-213.2158,-0.175054,1.8224,-1.0,1.8224,217.1923,-1.0,9.0,-0.0976,-0.1468,-244.5253,GRID,T-12,YES_OUTSIDER,2026-W33
gross,1403,7,0.3314,-7.1858,-0.005122,2.0018,-1.0,2.0018,105.4594,-1.0,11.5,-3.9788,-6.2307,-51.9585,GRID,T-12,YES_OUTSIDER,2026-W34
gross,1192,6,0.3163,-107.4747,-0.090163,1.8767,-1.0,1.8767,159.0218,-1.0,7.3333,-0.1877,-0.2931,-138.9766,GRID,T-12,YES_OUTSIDER,2026-W35
gross,705,3,0.356,-85.5797,-0.12139,1.4678,-1.0,1.4678,128.4961,-1.0,7.3333,-0.2145,-0.3286,-113.703,GRID,T-12,YES_OUTSIDER,2026-W36
gross,2,1,1.0,0.4812,0.240601,0.2406,0.0,,0.0,0.2406,0.4286,1.0,1.0,0.0,GRID,T-5,YES_FAVORITE,2026-W31
gross,875,7,0.8389,1.4044,0.001605,0.194,-1.0,0.194,19.5545,0.0526,0.9608,1.9986,3.3131,-3.2487,GRID,T-5,YES_FAVORITE,2026-W32
gross,1199,7,0.8198,-18.4647,-0.0154,0.201,-1.0,0.201,22.3511,0.0638,0.9608,-0.1541,-0.254,-23.1555,GRID,T-5,YES_FAVORITE,2026-W33
gross,615,6,0.8715,19.3399,0.031447,0.1835,-1.0,0.1835,13.7649,0.0526,0.9608,0.1451,0.2406,14.6868,GRID,T-5,YES_FAVORITE,2026-W34
gross,1424,7,0.8258,-5.3101,-0.003729,0.2064,-1.0,0.2064,22.5429,0.0526,0.9608,-0.5428,-0.9047,-10.1141,GRID,T-5,YES_FAVORITE,2026-W35
gross,90,2,0.7556,-11.7099,-0.13011,0.1513,-1.0,0.1513,13.0745,0.0363,0.8868,-0.1784,-0.2648,-14.8103,GRID,T-5,YES_FAVORITE,2026-W36
gross,3,1,1.0,12.2778,4.092593,4.0926,0.0,,0.0,1.7778,9.0,1.0,1.0,0.0,GRID,T-5,YES_OUTSIDER,2026-W31
gross,1037,7,0.1495,-313.9435,-0.302742,3.6649,-1.0,3.6649,322.0701,-1.0,49.0,-0.3886,-0.5096,-473.9435,GRID,T-5,YES_OUTSIDER,2026-W32
gross,1173,7,0.1611,-245.1955,-0.209033,3.909,-1.0,3.909,268.4264,-1.0,32.3333,-0.3616,-0.5166,-371.8621,GRID,T-5,YES_OUTSIDER,2026-W33
gross,650,6,0.2154,73.5252,0.113116,4.168,-1.0,4.168,131.5853,-1.0,49.0,1.7726,2.3575,-99.8081,GRID,T-5,YES_OUTSIDER,2026-W34
gross,1433,7,0.1724,-296.5903,-0.206972,3.6008,-1.0,3.6008,332.4273,-1.0,49.0,-0.4956,-0.6575,-491.5903,GRID,T-5,YES_OUTSIDER,2026-W35
gross,98,2,0.1531,-45.3612,-0.462869,2.5093,-1.0,2.5093,45.3612,-1.0,4.8824,-0.302,-0.4732,-66.8241,GRID,T-5,YES_OUTSIDER,2026-W36
gross,992,7,0.754,-27.9701,-0.028196,0.2888,-1.0,0.2888,51.4544,0.1364,0.9608,-0.1031,-0.1718,-32.774,GRID,T-8,YES_FAVORITE,2026-W32
gross,1259,7,0.7514,-28.7207,-0.022812,0.3005,-1.0,0.3005,44.6543,0.1494,0.9608,-0.1004,-0.1673,-33.5246,GRID,T-8,YES_FAVORITE,2026-W33
gross,666,6,0.7898,2.8043,0.004211,0.2715,-1.0,0.2715,16.848,0.1236,0.9608,1.0278,1.713,-1.9996,GRID,T-8,YES_FAVORITE,2026-W34
gross,1516,7,0.7639,-23.5173,-0.015513,0.2888,-1.0,0.2888,48.289,0.1236,0.9608,-0.1226,-0.2043,-28.3212,GRID,T-8,YES_FAVORITE,2026-W35
gross,91,2,0.8022,1.0795,0.011862,0.2614,-1.0,0.2614,5.5461,0.087,0.9608,2.5007,4.0477,-3.29,GRID,T-8,YES_FAVORITE,2026-W36
gross,995,7,0.204,-205.3604,-0.206392,2.8899,-1.0,2.8899,230.9522,-1.0,49.0,-0.4074,-0.5194,-312.027,GRID,T-8,YES_OUTSIDER,2026-W32
gross,1193,7,0.2205,-352.4874,-0.295463,2.1959,-1.0,2.1959,356.6262,-1.0,19.0,-0.1203,-0.1688,-411.9751,GRID,T-8,YES_OUTSIDER,2026-W33
gross,625,5,0.2752,110.3289,0.176526,3.2752,-1.0,3.2752,58.3869,-1.0,32.3333,0.6828,1.0272,-3.0044,GRID,T-8,YES_OUTSIDER,2026-W34
gross,1432,7,0.2214,-310.3698,-0.216739,2.5383,-1.0,2.5383,389.951,-1.0,49.0,-0.3125,-0.4135,-438.7032,GRID,T-8,YES_OUTSIDER,2026-W35
gross,122,3,0.2131,-38.7065,-0.317267,2.2036,-1.0,2.2036,42.2674,-1.0,5.25,-0.4069,-0.576,-61.002,GRID,T-8,YES_OUTSIDER,2026-W36
